name,sku,barcode,category,unit,unit_measurement,color,cost_price,sale_price,min_stock_threshold,description
نجف معلق ذهبي - Q-049,Q-049-APP-400-GD,,نجف,قطعة,قطعة,ذهبي,1175,1705,4,نجف معلق بلون ذهبي، بتصميم عصري يناسب الصالات وغرف المعيشة والاستقبال، يدعم التحكم عن بُعد باستخدام الريموت، كما يدعم التحكم عبر تطبيق الهاتف المحمول لمزيد من سهولة الاستخدام. الرمز الداخلي للمنتج: Q-049-APP-400-GD.
نجف معلق ذهبي - Q-049,Q-049-APP-500-GD,,نجف,قطعة,قطعة,ذهبي,1535,1925,4,نجف معلق بلون ذهبي، بتصميم عصري يناسب الصالات وغرف المعيشة والاستقبال، يدعم التحكم عن بُعد باستخدام الريموت، كما يدعم التحكم عبر تطبيق الهاتف المحمول لمزيد من سهولة الاستخدام. الرمز الداخلي للمنتج: Q-049-APP-500-GD.
نجف معلق كروم/فضي - Q-049,Q-049-APP-500-CH,,نجف,قطعة,قطعة,كروم/فضي,1535,1925,4,نجف معلق بلون كروم/فضي، بتصميم عصري يناسب الصالات وغرف المعيشة والاستقبال، يدعم التحكم عن بُعد باستخدام الريموت، كما يدعم التحكم عبر تطبيق الهاتف المحمول لمزيد من سهولة الاستخدام. الرمز الداخلي للمنتج: Q-049-APP-500-CH.
نجف معلق ذهبي - Q-049,Q-049-APP-600-GD,,نجف,قطعة,قطعة,ذهبي,1865,2310,4,نجف معلق بلون ذهبي، بتصميم عصري يناسب الصالات وغرف المعيشة والاستقبال، يدعم التحكم عن بُعد باستخدام الريموت، كما يدعم التحكم عبر تطبيق الهاتف المحمول لمزيد من سهولة الاستخدام. الرمز الداخلي للمنتج: Q-049-APP-600-GD.
نجف معلق كروم/فضي - Q-049,Q-049-APP-600-CH,,نجف,قطعة,قطعة,كروم/فضي,1865,2310,4,نجف معلق بلون كروم/فضي، بتصميم عصري يناسب الصالات وغرف المعيشة والاستقبال، يدعم التحكم عن بُعد باستخدام الريموت، كما يدعم التحكم عبر تطبيق الهاتف المحمول لمزيد من سهولة الاستخدام. الرمز الداخلي للمنتج: Q-049-APP-600-CH.
نجف معلق كروم/فضي - Q-049,Q-049-APP-800*350-CH,,نجف,قطعة,قطعة,كروم/فضي,1810,2475,4,نجف معلق بلون كروم/فضي، بتصميم عصري يناسب الصالات وغرف المعيشة والاستقبال، يدعم التحكم عن بُعد باستخدام الريموت، كما يدعم التحكم عبر تطبيق الهاتف المحمول لمزيد من سهولة الاستخدام. الرمز الداخلي للمنتج: Q-049-APP-800*350-CH.
نجف معلق ذهبي - Q-049,Q-049-APP-800*350-GD,,نجف,قطعة,قطعة,ذهبي,1810,2475,4,نجف معلق بلون ذهبي، بتصميم عصري يناسب الصالات وغرف المعيشة والاستقبال، يدعم التحكم عن بُعد باستخدام الريموت، كما يدعم التحكم عبر تطبيق الهاتف المحمول لمزيد من سهولة الاستخدام. الرمز الداخلي للمنتج: Q-049-APP-800*350-GD.
نجف معلق ذهبي - R-QS-201,R-QS-201-400-GD/S,,نجف,قطعة,قطعة,ذهبي,755,975,4,نجف معلق بلون ذهبي، بتصميم عصري يناسب الصالات وغرف المعيشة والاستقبال. الرمز الداخلي للمنتج: R-QS-201-400-GD/S.
نجف معلق ذهبي - R-QS-201,R-QS-201-500-GD/S,,نجف,قطعة,قطعة,ذهبي,1050,1375,4,نجف معلق بلون ذهبي، بتصميم عصري يناسب الصالات وغرف المعيشة والاستقبال. الرمز الداخلي للمنتج: R-QS-201-500-GD/S.
نجف معلق ذهبي - R-QS-201,R-QS-201-600-GD/S,,نجف,قطعة,قطعة,ذهبي,1535,1650,4,نجف معلق بلون ذهبي، بتصميم عصري يناسب الصالات وغرف المعيشة والاستقبال. الرمز الداخلي للمنتج: R-QS-201-600-GD/S.
نجف معلق ذهبي - R-QS-201,R-QS-201-800*350-GD/S,,نجف,قطعة,قطعة,ذهبي,1495,1750,4,نجف معلق بلون ذهبي، بتصميم عصري يناسب الصالات وغرف المعيشة والاستقبال. الرمز الداخلي للمنتج: R-QS-201-800*350-GD/S.
نجف معلق ذهبي - R-QS-202,R-QS-202-400-GD/S,,نجف,قطعة,قطعة,ذهبي,755,950,4,نجف معلق بلون ذهبي، بتصميم عصري يناسب الصالات وغرف المعيشة والاستقبال. الرمز الداخلي للمنتج: R-QS-202-400-GD/S.
نجف معلق ذهبي - R-QS-202,R-QS-202-500-GD/S,,نجف,قطعة,قطعة,ذهبي,1075,1275,4,نجف معلق بلون ذهبي، بتصميم عصري يناسب الصالات وغرف المعيشة والاستقبال. الرمز الداخلي للمنتج: R-QS-202-500-GD/S.
نجف معلق ذهبي - R-QS-202,R-QS-202-600-GD/S,,نجف,قطعة,قطعة,ذهبي,1525,1550,4,نجف معلق بلون ذهبي، بتصميم عصري يناسب الصالات وغرف المعيشة والاستقبال. الرمز الداخلي للمنتج: R-QS-202-600-GD/S.
نجف معلق ذهبي - R-QS-202,R-QS-202-800*350-GD/S,,نجف,قطعة,قطعة,ذهبي,1580,1750,4,نجف معلق بلون ذهبي، بتصميم عصري يناسب الصالات وغرف المعيشة والاستقبال. الرمز الداخلي للمنتج: R-QS-202-800*350-GD/S.
نجف معلق ذهبي - R-QS-203,R-QS-203-400-GD/S,,نجف,قطعة,قطعة,ذهبي,830,950,4,نجف معلق بلون ذهبي، بتصميم عصري يناسب الصالات وغرف المعيشة والاستقبال. الرمز الداخلي للمنتج: R-QS-203-400-GD/S.
نجف معلق ذهبي - R-QS-203,R-QS-203-500-GD/S,,نجف,قطعة,قطعة,ذهبي,1135,1350,4,نجف معلق بلون ذهبي، بتصميم عصري يناسب الصالات وغرف المعيشة والاستقبال. الرمز الداخلي للمنتج: R-QS-203-500-GD/S.
نجف معلق ذهبي - R-QS-203,R-QS-203-600-GD/S,,نجف,قطعة,قطعة,ذهبي,1625,1750,4,نجف معلق بلون ذهبي، بتصميم عصري يناسب الصالات وغرف المعيشة والاستقبال. الرمز الداخلي للمنتج: R-QS-203-600-GD/S.
نجف معلق ذهبي - R-QS-203,R-QS-203-800*350-GD/S,,نجف,قطعة,قطعة,ذهبي,1660,1750,4,نجف معلق بلون ذهبي، بتصميم عصري يناسب الصالات وغرف المعيشة والاستقبال. الرمز الداخلي للمنتج: R-QS-203-800*350-GD/S.
نجف معلق ذهبي - R-QS-204,R-QS-204-400-GD/S,,نجف,قطعة,قطعة,ذهبي,815,1025,4,نجف معلق بلون ذهبي، بتصميم عصري يناسب الصالات وغرف المعيشة والاستقبال. الرمز الداخلي للمنتج: R-QS-204-400-GD/S.
نجف معلق ذهبي - R-QS-204,R-QS-204-500-GD/S,,نجف,قطعة,قطعة,ذهبي,1170,1275,4,نجف معلق بلون ذهبي، بتصميم عصري يناسب الصالات وغرف المعيشة والاستقبال. الرمز الداخلي للمنتج: R-QS-204-500-GD/S.
نجف معلق ذهبي - R-QS-204,R-QS-204-600-GD/S,,نجف,قطعة,قطعة,ذهبي,1460,1650,4,نجف معلق بلون ذهبي، بتصميم عصري يناسب الصالات وغرف المعيشة والاستقبال. الرمز الداخلي للمنتج: R-QS-204-600-GD/S.
نجف معلق ذهبي - R-QS-204,R-QS-204-800*350-GD/S,,نجف,قطعة,قطعة,ذهبي,1525,1750,4,نجف معلق بلون ذهبي، بتصميم عصري يناسب الصالات وغرف المعيشة والاستقبال. الرمز الداخلي للمنتج: R-QS-204-800*350-GD/S.
نجف معلق ذهبي - R-QS-208,R-QS-208-400-GD/S,,نجف,قطعة,قطعة,ذهبي,1010,,4,نجف معلق بلون ذهبي، بتصميم عصري يناسب الصالات وغرف المعيشة والاستقبال. الرمز الداخلي للمنتج: R-QS-208-400-GD/S.
نجف معلق ذهبي - R-QS-208,R-QS-208-500-GD/S,,نجف,قطعة,قطعة,ذهبي,1385,,4,نجف معلق بلون ذهبي، بتصميم عصري يناسب الصالات وغرف المعيشة والاستقبال. الرمز الداخلي للمنتج: R-QS-208-500-GD/S.
نجف معلق ذهبي - R-US-841,R-US-841-500/S-GD,,نجف,قطعة,قطعة,ذهبي,1300,1625,4,نجف معلق بلون ذهبي، بتصميم عصري يناسب الصالات وغرف المعيشة والاستقبال. الرمز الداخلي للمنتج: R-US-841-500/S-GD.
نجف معلق ذهبي - R-US-841,R-US-841-400/S-GD,,نجف,قطعة,قطعة,ذهبي,980,1050,4,نجف معلق بلون ذهبي، بتصميم عصري يناسب الصالات وغرف المعيشة والاستقبال. الرمز الداخلي للمنتج: R-US-841-400/S-GD.
نجف معلق ذهبي - R-US-841,R-US-841-600/S-GD,,نجف,قطعة,قطعة,ذهبي,1815,,4,نجف معلق بلون ذهبي، بتصميم عصري يناسب الصالات وغرف المعيشة والاستقبال. الرمز الداخلي للمنتج: R-US-841-600/S-GD.
نجف معلق ذهبي - R-US-842,R-US-842-400/S-GD,,نجف,قطعة,قطعة,ذهبي,1010,,4,نجف معلق بلون ذهبي، بتصميم عصري يناسب الصالات وغرف المعيشة والاستقبال. الرمز الداخلي للمنتج: R-US-842-400/S-GD.
نجف معلق ذهبي - R-US-842,R-US-842-500/S-GD,,نجف,قطعة,قطعة,ذهبي,1370,,4,نجف معلق بلون ذهبي، بتصميم عصري يناسب الصالات وغرف المعيشة والاستقبال. الرمز الداخلي للمنتج: R-US-842-500/S-GD.
نجف معلق ذهبي - R-US-842,R-US-842-600/S-GD,,نجف,قطعة,قطعة,ذهبي,1855,,4,نجف معلق بلون ذهبي، بتصميم عصري يناسب الصالات وغرف المعيشة والاستقبال. الرمز الداخلي للمنتج: R-US-842-600/S-GD.
نجف معلق ذهبي - R-US-843,R-US-843-500/S-GD,,نجف,قطعة,قطعة,ذهبي,1480,1625,4,نجف معلق بلون ذهبي، بتصميم عصري يناسب الصالات وغرف المعيشة والاستقبال. الرمز الداخلي للمنتج: R-US-843-500/S-GD.
نجف معلق ذهبي - R-US-843,R-US-843-400/S-GD,,نجف,قطعة,قطعة,ذهبي,1100,,4,نجف معلق بلون ذهبي، بتصميم عصري يناسب الصالات وغرف المعيشة والاستقبال. الرمز الداخلي للمنتج: R-US-843-400/S-GD.
نجف معلق ذهبي - R-US-843,R-US-843-600/S-GD,,نجف,قطعة,قطعة,ذهبي,1850,,4,نجف معلق بلون ذهبي، بتصميم عصري يناسب الصالات وغرف المعيشة والاستقبال. الرمز الداخلي للمنتج: R-US-843-600/S-GD.
نجف معلق ذهبي - R-US-844,R-US-844-500/S-GD,,نجف,قطعة,قطعة,ذهبي,1515,1625,4,نجف معلق بلون ذهبي، بتصميم عصري يناسب الصالات وغرف المعيشة والاستقبال. الرمز الداخلي للمنتج: R-US-844-500/S-GD.
نجف معلق ذهبي - R-US-844,R-US-844-400/S-GD,,نجف,قطعة,قطعة,ذهبي,1170,,4,نجف معلق بلون ذهبي، بتصميم عصري يناسب الصالات وغرف المعيشة والاستقبال. الرمز الداخلي للمنتج: R-US-844-400/S-GD.
نجف معلق ذهبي - R-US-844,R-US-844-600/S-GD,,نجف,قطعة,قطعة,ذهبي,1880,,4,نجف معلق بلون ذهبي، بتصميم عصري يناسب الصالات وغرف المعيشة والاستقبال. الرمز الداخلي للمنتج: R-US-844-600/S-GD.
نجف معلق ذهبي - R-US-845,R-US-845-500/S-GD,,نجف,قطعة,قطعة,ذهبي,1395,1625,4,نجف معلق بلون ذهبي، بتصميم عصري يناسب الصالات وغرف المعيشة والاستقبال. الرمز الداخلي للمنتج: R-US-845-500/S-GD.
نجف معلق ذهبي - R-US-845,R-US-845-400/S-GD,,نجف,قطعة,قطعة,ذهبي,975,1050,4,نجف معلق بلون ذهبي، بتصميم عصري يناسب الصالات وغرف المعيشة والاستقبال. الرمز الداخلي للمنتج: R-US-845-400/S-GD.
نجف معلق ذهبي - R-US-845,R-US-845-600/S-GD,,نجف,قطعة,قطعة,ذهبي,1730,,4,نجف معلق بلون ذهبي، بتصميم عصري يناسب الصالات وغرف المعيشة والاستقبال. الرمز الداخلي للمنتج: R-US-845-600/S-GD.
نجف معلق ذهبي - R-US-846,R-US-846-500/S-GD,,نجف,قطعة,قطعة,ذهبي,1380,1550,4,نجف معلق بلون ذهبي، بتصميم عصري يناسب الصالات وغرف المعيشة والاستقبال. الرمز الداخلي للمنتج: R-US-846-500/S-GD.
نجف معلق ذهبي - R-US-846,R-US-846-600/S-GD,,نجف,قطعة,قطعة,ذهبي,1730,,4,نجف معلق بلون ذهبي، بتصميم عصري يناسب الصالات وغرف المعيشة والاستقبال. الرمز الداخلي للمنتج: R-US-846-600/S-GD.
نجف معلق ذهبي - R-US-847,R-US-847-400/S-GD,,نجف,قطعة,قطعة,ذهبي,1030,,4,نجف معلق بلون ذهبي، بتصميم عصري يناسب الصالات وغرف المعيشة والاستقبال. الرمز الداخلي للمنتج: R-US-847-400/S-GD.
نجف معلق ذهبي - R-US-847,R-US-847-500/S-GD,,نجف,قطعة,قطعة,ذهبي,1420,1575,4,نجف معلق بلون ذهبي، بتصميم عصري يناسب الصالات وغرف المعيشة والاستقبال. الرمز الداخلي للمنتج: R-US-847-500/S-GD.
نجف معلق ذهبي - R-US-847,R-US-847-600/S-GD,,نجف,قطعة,قطعة,ذهبي,1825,,4,نجف معلق بلون ذهبي، بتصميم عصري يناسب الصالات وغرف المعيشة والاستقبال. الرمز الداخلي للمنتج: R-US-847-600/S-GD.
نجف معلق ذهبي - R-US-848,R-US-848-400/S-GD,,نجف,قطعة,قطعة,ذهبي,1075,,4,نجف معلق بلون ذهبي، بتصميم عصري يناسب الصالات وغرف المعيشة والاستقبال. الرمز الداخلي للمنتج: R-US-848-400/S-GD.
نجف معلق ذهبي - R-US-848,R-US-848-500/S-GD,,نجف,قطعة,قطعة,ذهبي,1490,,4,نجف معلق بلون ذهبي، بتصميم عصري يناسب الصالات وغرف المعيشة والاستقبال. الرمز الداخلي للمنتج: R-US-848-500/S-GD.
نجف معلق ذهبي - R-US-848,R-US-848-600/S-GD,,نجف,قطعة,قطعة,ذهبي,1880,,4,نجف معلق بلون ذهبي، بتصميم عصري يناسب الصالات وغرف المعيشة والاستقبال. الرمز الداخلي للمنتج: R-US-848-600/S-GD.
نجف معلق ذهبي - R-US-854,R-US-854-500-GD,,نجف,قطعة,قطعة,ذهبي,1250,,4,نجف معلق بلون ذهبي، بتصميم عصري يناسب الصالات وغرف المعيشة والاستقبال. الرمز الداخلي للمنتج: R-US-854-500-GD.
نجف معلق ذهبي - R-US-855,R-US-855-500-GD,,نجف,قطعة,قطعة,ذهبي,1250,,4,نجف معلق بلون ذهبي، بتصميم عصري يناسب الصالات وغرف المعيشة والاستقبال. الرمز الداخلي للمنتج: R-US-855-500-GD.
نجف معلق ذهبي - R-US-857,R-US-857-500-GD,,نجف,قطعة,قطعة,ذهبي,1325,,4,نجف معلق بلون ذهبي، بتصميم عصري يناسب الصالات وغرف المعيشة والاستقبال. الرمز الداخلي للمنتج: R-US-857-500-GD.
نجف معلق ذهبي - R-US-858,R-US-858-500-GD,,نجف,قطعة,قطعة,ذهبي,1240,,4,نجف معلق بلون ذهبي، بتصميم عصري يناسب الصالات وغرف المعيشة والاستقبال. الرمز الداخلي للمنتج: R-US-858-500-GD.
نجف معلق ذهبي - R-US-859,R-US-859-500-GD,,نجف,قطعة,قطعة,ذهبي,1205,,4,نجف معلق بلون ذهبي، بتصميم عصري يناسب الصالات وغرف المعيشة والاستقبال. الرمز الداخلي للمنتج: R-US-859-500-GD.
نجف معلق ذهبي - R-US-860,R-US-860-500-GD,,نجف,قطعة,قطعة,ذهبي,1370,,4,نجف معلق بلون ذهبي، بتصميم عصري يناسب الصالات وغرف المعيشة والاستقبال. الرمز الداخلي للمنتج: R-US-860-500-GD.
نجف معلق ذهبي - R-US-861,R-US-861-500-GD,,نجف,قطعة,قطعة,ذهبي,1120,,4,نجف معلق بلون ذهبي، بتصميم عصري يناسب الصالات وغرف المعيشة والاستقبال. الرمز الداخلي للمنتج: R-US-861-500-GD.
نجف معلق ذهبي - R-US-862,R-US-862-500-GD,,نجف,قطعة,قطعة,ذهبي,1130,,4,نجف معلق بلون ذهبي، بتصميم عصري يناسب الصالات وغرف المعيشة والاستقبال. الرمز الداخلي للمنتج: R-US-862-500-GD.
نجف معلق ذهبي - X1215,X1215-550-GD,,نجف,قطعة,قطعة,ذهبي,1190,,4,نجف معلق بلون ذهبي، بتصميم عصري يناسب الصالات وغرف المعيشة والاستقبال. الرمز الداخلي للمنتج: X1215-550-GD.
نجف معلق ذهبي - X1216,X1216-550-GD,,نجف,قطعة,قطعة,ذهبي,1190,,4,نجف معلق بلون ذهبي، بتصميم عصري يناسب الصالات وغرف المعيشة والاستقبال. الرمز الداخلي للمنتج: X1216-550-GD.
نجف معلق ذهبي - X18095,X18095-550GD-APP,,نجف,قطعة,قطعة,ذهبي,1190,1285,4,نجف معلق بلون ذهبي، بتصميم عصري يناسب الصالات وغرف المعيشة والاستقبال، يدعم التحكم عن بُعد باستخدام الريموت، كما يدعم التحكم عبر تطبيق الهاتف المحمول لمزيد من سهولة الاستخدام. الرمز الداخلي للمنتج: X18095-550GD-APP.
نجف معلق ذهبي - X18113,X18113-550GD-APP,,نجف,قطعة,قطعة,ذهبي,1190,1285,4,نجف معلق بلون ذهبي، بتصميم عصري يناسب الصالات وغرف المعيشة والاستقبال، يدعم التحكم عن بُعد باستخدام الريموت، كما يدعم التحكم عبر تطبيق الهاتف المحمول لمزيد من سهولة الاستخدام. الرمز الداخلي للمنتج: X18113-550GD-APP.
نجف معلق ذهبي - X18116,X18116-550GD-APP,,نجف,قطعة,قطعة,ذهبي,1190,1285,4,نجف معلق بلون ذهبي، بتصميم عصري يناسب الصالات وغرف المعيشة والاستقبال، يدعم التحكم عن بُعد باستخدام الريموت، كما يدعم التحكم عبر تطبيق الهاتف المحمول لمزيد من سهولة الاستخدام. الرمز الداخلي للمنتج: X18116-550GD-APP.
نجف معلق ذهبي - X18123,X18123-550GD-APP,,نجف,قطعة,قطعة,ذهبي,1190,1285,4,نجف معلق بلون ذهبي، بتصميم عصري يناسب الصالات وغرف المعيشة والاستقبال، يدعم التحكم عن بُعد باستخدام الريموت، كما يدعم التحكم عبر تطبيق الهاتف المحمول لمزيد من سهولة الاستخدام. الرمز الداخلي للمنتج: X18123-550GD-APP.
نجف معلق ذهبي - X18124,X18124-550GD-APP,,نجف,قطعة,قطعة,ذهبي,1190,1285,4,نجف معلق بلون ذهبي، بتصميم عصري يناسب الصالات وغرف المعيشة والاستقبال، يدعم التحكم عن بُعد باستخدام الريموت، كما يدعم التحكم عبر تطبيق الهاتف المحمول لمزيد من سهولة الاستخدام. الرمز الداخلي للمنتج: X18124-550GD-APP.
نجف معلق ذهبي - X18126,X18126-550GD-APP,,نجف,قطعة,قطعة,ذهبي,1190,1285,4,نجف معلق بلون ذهبي، بتصميم عصري يناسب الصالات وغرف المعيشة والاستقبال، يدعم التحكم عن بُعد باستخدام الريموت، كما يدعم التحكم عبر تطبيق الهاتف المحمول لمزيد من سهولة الاستخدام. الرمز الداخلي للمنتج: X18126-550GD-APP.
نجف معلق ذهبي - X18127,X18127-550GD-APP,,نجف,قطعة,قطعة,ذهبي,1190,1285,4,نجف معلق بلون ذهبي، بتصميم عصري يناسب الصالات وغرف المعيشة والاستقبال، يدعم التحكم عن بُعد باستخدام الريموت، كما يدعم التحكم عبر تطبيق الهاتف المحمول لمزيد من سهولة الاستخدام. الرمز الداخلي للمنتج: X18127-550GD-APP.
نجف معلق ذهبي - X18130,X18130-550GD-APP,,نجف,قطعة,قطعة,ذهبي,1190,1285,4,نجف معلق بلون ذهبي، بتصميم عصري يناسب الصالات وغرف المعيشة والاستقبال، يدعم التحكم عن بُعد باستخدام الريموت، كما يدعم التحكم عبر تطبيق الهاتف المحمول لمزيد من سهولة الاستخدام. الرمز الداخلي للمنتج: X18130-550GD-APP.
نجف معلق ذهبي - X18132,X18132-550GD-APP,,نجف,قطعة,قطعة,ذهبي,1190,1350,4,نجف معلق بلون ذهبي، بتصميم عصري يناسب الصالات وغرف المعيشة والاستقبال، يدعم التحكم عن بُعد باستخدام الريموت، كما يدعم التحكم عبر تطبيق الهاتف المحمول لمزيد من سهولة الاستخدام. الرمز الداخلي للمنتج: X18132-550GD-APP.
نجف معلق ذهبي - X18134,X18134-550GD-APP,,نجف,قطعة,قطعة,ذهبي,1190,1285,4,نجف معلق بلون ذهبي، بتصميم عصري يناسب الصالات وغرف المعيشة والاستقبال، يدعم التحكم عن بُعد باستخدام الريموت، كما يدعم التحكم عبر تطبيق الهاتف المحمول لمزيد من سهولة الاستخدام. الرمز الداخلي للمنتج: X18134-550GD-APP.
نجف معلق ذهبي - X18135,X18135-550GD-APP,,نجف,قطعة,قطعة,ذهبي,1190,1285,4,نجف معلق بلون ذهبي، بتصميم عصري يناسب الصالات وغرف المعيشة والاستقبال، يدعم التحكم عن بُعد باستخدام الريموت، كما يدعم التحكم عبر تطبيق الهاتف المحمول لمزيد من سهولة الاستخدام. الرمز الداخلي للمنتج: X18135-550GD-APP.
نجف معلق ذهبي - X18141,X18141-550GD-APP,,نجف,قطعة,قطعة,ذهبي,1190,1285,4,نجف معلق بلون ذهبي، بتصميم عصري يناسب الصالات وغرف المعيشة والاستقبال، يدعم التحكم عن بُعد باستخدام الريموت، كما يدعم التحكم عبر تطبيق الهاتف المحمول لمزيد من سهولة الاستخدام. الرمز الداخلي للمنتج: X18141-550GD-APP.
نجف معلق ذهبي - X18142,X18142-550GD-APP,,نجف,قطعة,قطعة,ذهبي,1190,1285,4,نجف معلق بلون ذهبي، بتصميم عصري يناسب الصالات وغرف المعيشة والاستقبال، يدعم التحكم عن بُعد باستخدام الريموت، كما يدعم التحكم عبر تطبيق الهاتف المحمول لمزيد من سهولة الاستخدام. الرمز الداخلي للمنتج: X18142-550GD-APP.
نجف معلق ذهبي - X18143,X18143-550GD-APP,,نجف,قطعة,قطعة,ذهبي,1190,1285,4,نجف معلق بلون ذهبي، بتصميم عصري يناسب الصالات وغرف المعيشة والاستقبال، يدعم التحكم عن بُعد باستخدام الريموت، كما يدعم التحكم عبر تطبيق الهاتف المحمول لمزيد من سهولة الاستخدام. الرمز الداخلي للمنتج: X18143-550GD-APP.
نجف معلق ذهبي - X18144,X18144-550GD-APP,,نجف,قطعة,قطعة,ذهبي,1190,1285,4,نجف معلق بلون ذهبي، بتصميم عصري يناسب الصالات وغرف المعيشة والاستقبال، يدعم التحكم عن بُعد باستخدام الريموت، كما يدعم التحكم عبر تطبيق الهاتف المحمول لمزيد من سهولة الاستخدام. الرمز الداخلي للمنتج: X18144-550GD-APP.
نجف معلق ذهبي - X18145,X18145-550GD-APP,,نجف,قطعة,قطعة,ذهبي,1190,1285,4,نجف معلق بلون ذهبي، بتصميم عصري يناسب الصالات وغرف المعيشة والاستقبال، يدعم التحكم عن بُعد باستخدام الريموت، كما يدعم التحكم عبر تطبيق الهاتف المحمول لمزيد من سهولة الاستخدام. الرمز الداخلي للمنتج: X18145-550GD-APP.
نجف معلق ذهبي - X18146,X18146-550GD-APP,,نجف,قطعة,قطعة,ذهبي,1190,1285,4,نجف معلق بلون ذهبي، بتصميم عصري يناسب الصالات وغرف المعيشة والاستقبال، يدعم التحكم عن بُعد باستخدام الريموت، كما يدعم التحكم عبر تطبيق الهاتف المحمول لمزيد من سهولة الاستخدام. الرمز الداخلي للمنتج: X18146-550GD-APP.
نجف معلق ذهبي - X18147,X18147-550GD-APP,,نجف,قطعة,قطعة,ذهبي,1190,1285,4,نجف معلق بلون ذهبي، بتصميم عصري يناسب الصالات وغرف المعيشة والاستقبال، يدعم التحكم عن بُعد باستخدام الريموت، كما يدعم التحكم عبر تطبيق الهاتف المحمول لمزيد من سهولة الاستخدام. الرمز الداخلي للمنتج: X18147-550GD-APP.
نجف معلق ذهبي - X18148,X18148-550GD-APP,,نجف,قطعة,قطعة,ذهبي,1190,1285,4,نجف معلق بلون ذهبي، بتصميم عصري يناسب الصالات وغرف المعيشة والاستقبال، يدعم التحكم عن بُعد باستخدام الريموت، كما يدعم التحكم عبر تطبيق الهاتف المحمول لمزيد من سهولة الاستخدام. الرمز الداخلي للمنتج: X18148-550GD-APP.
نجف معلق ذهبي - X18149,X18149-550GD-APP,,نجف,قطعة,قطعة,ذهبي,1190,1285,4,نجف معلق بلون ذهبي، بتصميم عصري يناسب الصالات وغرف المعيشة والاستقبال، يدعم التحكم عن بُعد باستخدام الريموت، كما يدعم التحكم عبر تطبيق الهاتف المحمول لمزيد من سهولة الاستخدام. الرمز الداخلي للمنتج: X18149-550GD-APP.
نجف معلق ذهبي - X18150,X18150-550GD-APP,,نجف,قطعة,قطعة,ذهبي,1190,1285,4,نجف معلق بلون ذهبي، بتصميم عصري يناسب الصالات وغرف المعيشة والاستقبال، يدعم التحكم عن بُعد باستخدام الريموت، كما يدعم التحكم عبر تطبيق الهاتف المحمول لمزيد من سهولة الاستخدام. الرمز الداخلي للمنتج: X18150-550GD-APP.
نجف معلق ذهبي - X18151,X18151-550GD-APP,,نجف,قطعة,قطعة,ذهبي,1190,1285,4,نجف معلق بلون ذهبي، بتصميم عصري يناسب الصالات وغرف المعيشة والاستقبال، يدعم التحكم عن بُعد باستخدام الريموت، كما يدعم التحكم عبر تطبيق الهاتف المحمول لمزيد من سهولة الاستخدام. الرمز الداخلي للمنتج: X18151-550GD-APP.
نجف معلق ذهبي - X18152,X18152-550GD-APP,,نجف,قطعة,قطعة,ذهبي,1190,1285,4,نجف معلق بلون ذهبي، بتصميم عصري يناسب الصالات وغرف المعيشة والاستقبال، يدعم التحكم عن بُعد باستخدام الريموت، كما يدعم التحكم عبر تطبيق الهاتف المحمول لمزيد من سهولة الاستخدام. الرمز الداخلي للمنتج: X18152-550GD-APP.
نجف معلق ذهبي - X18153,X18153-550GD-APP,,نجف,قطعة,قطعة,ذهبي,1190,1285,4,نجف معلق بلون ذهبي، بتصميم عصري يناسب الصالات وغرف المعيشة والاستقبال، يدعم التحكم عن بُعد باستخدام الريموت، كما يدعم التحكم عبر تطبيق الهاتف المحمول لمزيد من سهولة الاستخدام. الرمز الداخلي للمنتج: X18153-550GD-APP.
نجف معلق ذهبي - R-U501-3,R-U501-3-GD-APP,,نجف,قطعة,قطعة,ذهبي,1260,,4,نجف معلق بلون ذهبي، بتصميم عصري يناسب الصالات وغرف المعيشة والاستقبال، يدعم التحكم عن بُعد باستخدام الريموت، كما يدعم التحكم عبر تطبيق الهاتف المحمول لمزيد من سهولة الاستخدام. الرمز الداخلي للمنتج: R-U501-3-GD-APP.
نجف معلق ذهبي - R-U502-2,R-U502-2-GD-APP,,نجف,قطعة,قطعة,ذهبي,1110,1300,4,نجف معلق بلون ذهبي، بتصميم عصري يناسب الصالات وغرف المعيشة والاستقبال، يدعم التحكم عن بُعد باستخدام الريموت، كما يدعم التحكم عبر تطبيق الهاتف المحمول لمزيد من سهولة الاستخدام. الرمز الداخلي للمنتج: R-U502-2-GD-APP.
نجف معلق ذهبي - R-U504-3,R-U504-3-GD-APP,,نجف,قطعة,قطعة,ذهبي,1750,1850,4,نجف معلق بلون ذهبي، بتصميم عصري يناسب الصالات وغرف المعيشة والاستقبال، يدعم التحكم عن بُعد باستخدام الريموت، كما يدعم التحكم عبر تطبيق الهاتف المحمول لمزيد من سهولة الاستخدام. الرمز الداخلي للمنتج: R-U504-3-GD-APP.
نجف معلق ذهبي - R-U506-3,R-U506-3-GD-APP,,نجف,قطعة,قطعة,ذهبي,1255,1375,4,نجف معلق بلون ذهبي، بتصميم عصري يناسب الصالات وغرف المعيشة والاستقبال، يدعم التحكم عن بُعد باستخدام الريموت، كما يدعم التحكم عبر تطبيق الهاتف المحمول لمزيد من سهولة الاستخدام. الرمز الداخلي للمنتج: R-U506-3-GD-APP.
نجف معلق ذهبي - R-U507-3,R-U507-3-GD-APP,,نجف,قطعة,قطعة,ذهبي,1265,1375,4,نجف معلق بلون ذهبي، بتصميم عصري يناسب الصالات وغرف المعيشة والاستقبال، يدعم التحكم عن بُعد باستخدام الريموت، كما يدعم التحكم عبر تطبيق الهاتف المحمول لمزيد من سهولة الاستخدام. الرمز الداخلي للمنتج: R-U507-3-GD-APP.
نجف معلق ذهبي - R-U508-2,R-U508-2-GD-APP,,نجف,قطعة,قطعة,ذهبي,1190,1200,4,نجف معلق بلون ذهبي، بتصميم عصري يناسب الصالات وغرف المعيشة والاستقبال، يدعم التحكم عن بُعد باستخدام الريموت، كما يدعم التحكم عبر تطبيق الهاتف المحمول لمزيد من سهولة الاستخدام. الرمز الداخلي للمنتج: R-U508-2-GD-APP.
نجف معلق ذهبي - R-U509-3,R-U509-3-GD-APP,,نجف,قطعة,قطعة,ذهبي,1255,1325,4,نجف معلق بلون ذهبي، بتصميم عصري يناسب الصالات وغرف المعيشة والاستقبال، يدعم التحكم عن بُعد باستخدام الريموت، كما يدعم التحكم عبر تطبيق الهاتف المحمول لمزيد من سهولة الاستخدام. الرمز الداخلي للمنتج: R-U509-3-GD-APP.
نجف معلق ذهبي - R-U510-3,R-U510-3-GD-APP,,نجف,قطعة,قطعة,ذهبي,1480,1580,4,نجف معلق بلون ذهبي، بتصميم عصري يناسب الصالات وغرف المعيشة والاستقبال، يدعم التحكم عن بُعد باستخدام الريموت، كما يدعم التحكم عبر تطبيق الهاتف المحمول لمزيد من سهولة الاستخدام. الرمز الداخلي للمنتج: R-U510-3-GD-APP.
نجف معلق ذهبي - R-U511-3,R-U511-3-GD-APP,,نجف,قطعة,قطعة,ذهبي,1495,,4,نجف معلق بلون ذهبي، بتصميم عصري يناسب الصالات وغرف المعيشة والاستقبال، يدعم التحكم عن بُعد باستخدام الريموت، كما يدعم التحكم عبر تطبيق الهاتف المحمول لمزيد من سهولة الاستخدام. الرمز الداخلي للمنتج: R-U511-3-GD-APP.
نجف معلق ذهبي - R-U512-3,R-U512-3-GD-APP,,نجف,قطعة,قطعة,ذهبي,1710,1850,4,نجف معلق بلون ذهبي، بتصميم عصري يناسب الصالات وغرف المعيشة والاستقبال، يدعم التحكم عن بُعد باستخدام الريموت، كما يدعم التحكم عبر تطبيق الهاتف المحمول لمزيد من سهولة الاستخدام. الرمز الداخلي للمنتج: R-U512-3-GD-APP.
نجف معلق ذهبي - R-U513-4,R-U513-4-GD-APP,,نجف,قطعة,قطعة,ذهبي,1465,1575,4,نجف معلق بلون ذهبي، بتصميم عصري يناسب الصالات وغرف المعيشة والاستقبال، يدعم التحكم عن بُعد باستخدام الريموت، كما يدعم التحكم عبر تطبيق الهاتف المحمول لمزيد من سهولة الاستخدام. الرمز الداخلي للمنتج: R-U513-4-GD-APP.
نجف معلق ذهبي - R-U530-3,R-U530-3-GD-APP,,نجف,قطعة,قطعة,ذهبي,1475,,4,نجف معلق بلون ذهبي، بتصميم عصري يناسب الصالات وغرف المعيشة والاستقبال، يدعم التحكم عن بُعد باستخدام الريموت، كما يدعم التحكم عبر تطبيق الهاتف المحمول لمزيد من سهولة الاستخدام. الرمز الداخلي للمنتج: R-U530-3-GD-APP.
نجف معلق ذهبي - R-U531-3,R-U531-3-GD-APP,,نجف,قطعة,قطعة,ذهبي,1120,1600,4,نجف معلق بلون ذهبي، بتصميم عصري يناسب الصالات وغرف المعيشة والاستقبال، يدعم التحكم عن بُعد باستخدام الريموت، كما يدعم التحكم عبر تطبيق الهاتف المحمول لمزيد من سهولة الاستخدام. الرمز الداخلي للمنتج: R-U531-3-GD-APP.
نجف معلق ذهبي - R-U532-3,R-U532-3-GD-APP,,نجف,قطعة,قطعة,ذهبي,1375,1475,4,نجف معلق بلون ذهبي، بتصميم عصري يناسب الصالات وغرف المعيشة والاستقبال، يدعم التحكم عن بُعد باستخدام الريموت، كما يدعم التحكم عبر تطبيق الهاتف المحمول لمزيد من سهولة الاستخدام. الرمز الداخلي للمنتج: R-U532-3-GD-APP.
نجف معلق ذهبي - R-U533-2,R-U533-2-GD-APP,,نجف,قطعة,قطعة,ذهبي,1325,1425,4,نجف معلق بلون ذهبي، بتصميم عصري يناسب الصالات وغرف المعيشة والاستقبال، يدعم التحكم عن بُعد باستخدام الريموت، كما يدعم التحكم عبر تطبيق الهاتف المحمول لمزيد من سهولة الاستخدام. الرمز الداخلي للمنتج: R-U533-2-GD-APP.
نجف معلق ذهبي - R-U534-3,R-U534-3-GD-APP,,نجف,قطعة,قطعة,ذهبي,1185,1300,4,نجف معلق بلون ذهبي، بتصميم عصري يناسب الصالات وغرف المعيشة والاستقبال، يدعم التحكم عن بُعد باستخدام الريموت، كما يدعم التحكم عبر تطبيق الهاتف المحمول لمزيد من سهولة الاستخدام. الرمز الداخلي للمنتج: R-U534-3-GD-APP.
نجف معلق ذهبي - R-U535-3,R-U535-3-GD-APP,,نجف,قطعة,قطعة,ذهبي,1265,1375,4,نجف معلق بلون ذهبي، بتصميم عصري يناسب الصالات وغرف المعيشة والاستقبال، يدعم التحكم عن بُعد باستخدام الريموت، كما يدعم التحكم عبر تطبيق الهاتف المحمول لمزيد من سهولة الاستخدام. الرمز الداخلي للمنتج: R-U535-3-GD-APP.
نجف معلق ذهبي - R-U537-4,R-U537-4-GD-APP,,نجف,قطعة,قطعة,ذهبي,1300,,4,نجف معلق بلون ذهبي، بتصميم عصري يناسب الصالات وغرف المعيشة والاستقبال، يدعم التحكم عن بُعد باستخدام الريموت، كما يدعم التحكم عبر تطبيق الهاتف المحمول لمزيد من سهولة الاستخدام. الرمز الداخلي للمنتج: R-U537-4-GD-APP.
نجف معلق ذهبي - R-U538-3,R-U538-3-GD-APP,,نجف,قطعة,قطعة,ذهبي,1260,,4,نجف معلق بلون ذهبي، بتصميم عصري يناسب الصالات وغرف المعيشة والاستقبال، يدعم التحكم عن بُعد باستخدام الريموت، كما يدعم التحكم عبر تطبيق الهاتف المحمول لمزيد من سهولة الاستخدام. الرمز الداخلي للمنتج: R-U538-3-GD-APP.
نجف معلق ذهبي - R-U801,R-U801-700*300-GD-APP,,نجف,قطعة,قطعة,ذهبي,1620,1950,4,نجف معلق بلون ذهبي، بتصميم عصري يناسب الصالات وغرف المعيشة والاستقبال، يدعم التحكم عن بُعد باستخدام الريموت، كما يدعم التحكم عبر تطبيق الهاتف المحمول لمزيد من سهولة الاستخدام. الرمز الداخلي للمنتج: R-U801-700*300-GD-APP.
نجف معلق ذهبي - R-U802,R-U802-500-GD-APP,,نجف,قطعة,قطعة,ذهبي,1500,1750,4,نجف معلق بلون ذهبي، بتصميم عصري يناسب الصالات وغرف المعيشة والاستقبال، يدعم التحكم عن بُعد باستخدام الريموت، كما يدعم التحكم عبر تطبيق الهاتف المحمول لمزيد من سهولة الاستخدام. الرمز الداخلي للمنتج: R-U802-500-GD-APP.
نجف معلق ذهبي - R-U802,R-U802-700*300-GD-APP,,نجف,قطعة,قطعة,ذهبي,1640,1950,4,نجف معلق بلون ذهبي، بتصميم عصري يناسب الصالات وغرف المعيشة والاستقبال، يدعم التحكم عن بُعد باستخدام الريموت، كما يدعم التحكم عبر تطبيق الهاتف المحمول لمزيد من سهولة الاستخدام. الرمز الداخلي للمنتج: R-U802-700*300-GD-APP.
نجف معلق ذهبي - R-U803,R-U803-500-GD-APP,,نجف,قطعة,قطعة,ذهبي,1160,1350,4,نجف معلق بلون ذهبي، بتصميم عصري يناسب الصالات وغرف المعيشة والاستقبال، يدعم التحكم عن بُعد باستخدام الريموت، كما يدعم التحكم عبر تطبيق الهاتف المحمول لمزيد من سهولة الاستخدام. الرمز الداخلي للمنتج: R-U803-500-GD-APP.
نجف معلق ذهبي - R-U803,R-U803-800*300-GD-APP,,نجف,قطعة,قطعة,ذهبي,1300,1485,4,نجف معلق بلون ذهبي، بتصميم عصري يناسب الصالات وغرف المعيشة والاستقبال، يدعم التحكم عن بُعد باستخدام الريموت، كما يدعم التحكم عبر تطبيق الهاتف المحمول لمزيد من سهولة الاستخدام. الرمز الداخلي للمنتج: R-U803-800*300-GD-APP.
نجف معلق ذهبي - R-U804,R-U804-500-GD-APP,,نجف,قطعة,قطعة,ذهبي,1680,1880,4,نجف معلق بلون ذهبي، بتصميم عصري يناسب الصالات وغرف المعيشة والاستقبال، يدعم التحكم عن بُعد باستخدام الريموت، كما يدعم التحكم عبر تطبيق الهاتف المحمول لمزيد من سهولة الاستخدام. الرمز الداخلي للمنتج: R-U804-500-GD-APP.
نجف معلق ذهبي - R-U804,R-U804-700*300-GD-APP,,نجف,قطعة,قطعة,ذهبي,1740,2050,4,نجف معلق بلون ذهبي، بتصميم عصري يناسب الصالات وغرف المعيشة والاستقبال، يدعم التحكم عن بُعد باستخدام الريموت، كما يدعم التحكم عبر تطبيق الهاتف المحمول لمزيد من سهولة الاستخدام. الرمز الداخلي للمنتج: R-U804-700*300-GD-APP.
نجف معلق ذهبي - R-U805,R-U805-500-GD-APP,,نجف,قطعة,قطعة,ذهبي,1690,1950,4,نجف معلق بلون ذهبي، بتصميم عصري يناسب الصالات وغرف المعيشة والاستقبال، يدعم التحكم عن بُعد باستخدام الريموت، كما يدعم التحكم عبر تطبيق الهاتف المحمول لمزيد من سهولة الاستخدام. الرمز الداخلي للمنتج: R-U805-500-GD-APP.
نجف معلق ذهبي - R-U805,R-U805-700*300-GD-APP,,نجف,قطعة,قطعة,ذهبي,1840,2150,4,نجف معلق بلون ذهبي، بتصميم عصري يناسب الصالات وغرف المعيشة والاستقبال، يدعم التحكم عن بُعد باستخدام الريموت، كما يدعم التحكم عبر تطبيق الهاتف المحمول لمزيد من سهولة الاستخدام. الرمز الداخلي للمنتج: R-U805-700*300-GD-APP.
نجف معلق ذهبي - R-U806,R-U806-800*300-GD-APP,,نجف,قطعة,قطعة,ذهبي,1600,,4,نجف معلق بلون ذهبي، بتصميم عصري يناسب الصالات وغرف المعيشة والاستقبال، يدعم التحكم عن بُعد باستخدام الريموت، كما يدعم التحكم عبر تطبيق الهاتف المحمول لمزيد من سهولة الاستخدام. الرمز الداخلي للمنتج: R-U806-800*300-GD-APP.
نجف معلق شمبانيا - R-U807,R-U807-600-CPG-APP,,نجف,قطعة,قطعة,شمبانيا,1540,,4,نجف معلق بلون شمبانيا، بتصميم عصري يناسب الصالات وغرف المعيشة والاستقبال، يدعم التحكم عن بُعد باستخدام الريموت، كما يدعم التحكم عبر تطبيق الهاتف المحمول لمزيد من سهولة الاستخدام. الرمز الداخلي للمنتج: R-U807-600-CPG-APP.
نجف معلق ذهبي - R-U807,R-U807-800*300-GD-APP,,نجف,قطعة,قطعة,ذهبي,1480,1750,4,نجف معلق بلون ذهبي، بتصميم عصري يناسب الصالات وغرف المعيشة والاستقبال، يدعم التحكم عن بُعد باستخدام الريموت، كما يدعم التحكم عبر تطبيق الهاتف المحمول لمزيد من سهولة الاستخدام. الرمز الداخلي للمنتج: R-U807-800*300-GD-APP.
نجف معلق ذهبي - R-U809,R-U809-500-GD-APP,,نجف,قطعة,قطعة,ذهبي,1380,1750,4,نجف معلق بلون ذهبي، بتصميم عصري يناسب الصالات وغرف المعيشة والاستقبال، يدعم التحكم عن بُعد باستخدام الريموت، كما يدعم التحكم عبر تطبيق الهاتف المحمول لمزيد من سهولة الاستخدام. الرمز الداخلي للمنتج: R-U809-500-GD-APP.
نجف معلق ذهبي - R-U809,R-U809-700*300-GD-APP,,نجف,قطعة,قطعة,ذهبي,1870,2175,4,نجف معلق بلون ذهبي، بتصميم عصري يناسب الصالات وغرف المعيشة والاستقبال، يدعم التحكم عن بُعد باستخدام الريموت، كما يدعم التحكم عبر تطبيق الهاتف المحمول لمزيد من سهولة الاستخدام. الرمز الداخلي للمنتج: R-U809-700*300-GD-APP.
نجف معلق ذهبي - R-U810,R-U810-500-GD-APP,,نجف,قطعة,قطعة,ذهبي,1300,1650,4,نجف معلق بلون ذهبي، بتصميم عصري يناسب الصالات وغرف المعيشة والاستقبال، يدعم التحكم عن بُعد باستخدام الريموت، كما يدعم التحكم عبر تطبيق الهاتف المحمول لمزيد من سهولة الاستخدام. الرمز الداخلي للمنتج: R-U810-500-GD-APP.
نجف معلق ذهبي - R-U810,R-U810-800*300-GD-APP,,نجف,قطعة,قطعة,ذهبي,1400,1650,4,نجف معلق بلون ذهبي، بتصميم عصري يناسب الصالات وغرف المعيشة والاستقبال، يدعم التحكم عن بُعد باستخدام الريموت، كما يدعم التحكم عبر تطبيق الهاتف المحمول لمزيد من سهولة الاستخدام. الرمز الداخلي للمنتج: R-U810-800*300-GD-APP.
نجف معلق ذهبي - R-U811,R-U811-800*300-GD-APP,,نجف,قطعة,قطعة,ذهبي,1560,1750,4,نجف معلق بلون ذهبي، بتصميم عصري يناسب الصالات وغرف المعيشة والاستقبال، يدعم التحكم عن بُعد باستخدام الريموت، كما يدعم التحكم عبر تطبيق الهاتف المحمول لمزيد من سهولة الاستخدام. الرمز الداخلي للمنتج: R-U811-800*300-GD-APP.
نجف معلق ذهبي - R-U811,R-U811-800*300-GD-APP,,نجف,قطعة,قطعة,ذهبي,1560,1750,4,نجف معلق بلون ذهبي، بتصميم عصري يناسب الصالات وغرف المعيشة والاستقبال، يدعم التحكم عن بُعد باستخدام الريموت، كما يدعم التحكم عبر تطبيق الهاتف المحمول لمزيد من سهولة الاستخدام. الرمز الداخلي للمنتج: R-U811-800*300-GD-APP.
نجف معلق ذهبي - R-U811,R-U811-500-GD-APP,,نجف,قطعة,قطعة,ذهبي,1350,1650,4,نجف معلق بلون ذهبي، بتصميم عصري يناسب الصالات وغرف المعيشة والاستقبال، يدعم التحكم عن بُعد باستخدام الريموت، كما يدعم التحكم عبر تطبيق الهاتف المحمول لمزيد من سهولة الاستخدام. الرمز الداخلي للمنتج: R-U811-500-GD-APP.
نجف معلق ذهبي - R-U812,R-U812-500-GD-APP,,نجف,قطعة,قطعة,ذهبي,1600,1800,4,نجف معلق بلون ذهبي، بتصميم عصري يناسب الصالات وغرف المعيشة والاستقبال، يدعم التحكم عن بُعد باستخدام الريموت، كما يدعم التحكم عبر تطبيق الهاتف المحمول لمزيد من سهولة الاستخدام. الرمز الداخلي للمنتج: R-U812-500-GD-APP.
نجف معلق ذهبي - R-U812,R-U812-700*300-GD-APP,,نجف,قطعة,قطعة,ذهبي,1650,1950,4,نجف معلق بلون ذهبي، بتصميم عصري يناسب الصالات وغرف المعيشة والاستقبال، يدعم التحكم عن بُعد باستخدام الريموت، كما يدعم التحكم عبر تطبيق الهاتف المحمول لمزيد من سهولة الاستخدام. الرمز الداخلي للمنتج: R-U812-700*300-GD-APP.
نجف معلق ذهبي - R-U813,R-U813-500-GD-APP,,نجف,قطعة,قطعة,ذهبي,1490,1750,4,نجف معلق بلون ذهبي، بتصميم عصري يناسب الصالات وغرف المعيشة والاستقبال، يدعم التحكم عن بُعد باستخدام الريموت، كما يدعم التحكم عبر تطبيق الهاتف المحمول لمزيد من سهولة الاستخدام. الرمز الداخلي للمنتج: R-U813-500-GD-APP.
نجف معلق ذهبي - R-U813,R-U813-800*300-GD-APP,,نجف,قطعة,قطعة,ذهبي,1580,1850,4,نجف معلق بلون ذهبي، بتصميم عصري يناسب الصالات وغرف المعيشة والاستقبال، يدعم التحكم عن بُعد باستخدام الريموت، كما يدعم التحكم عبر تطبيق الهاتف المحمول لمزيد من سهولة الاستخدام. الرمز الداخلي للمنتج: R-U813-800*300-GD-APP.
نجف معلق ذهبي - R-U818,R-U818-500-GD-APP,,نجف,قطعة,قطعة,ذهبي,1380,1650,4,نجف معلق بلون ذهبي، بتصميم عصري يناسب الصالات وغرف المعيشة والاستقبال، يدعم التحكم عن بُعد باستخدام الريموت، كما يدعم التحكم عبر تطبيق الهاتف المحمول لمزيد من سهولة الاستخدام. الرمز الداخلي للمنتج: R-U818-500-GD-APP.
نجف معلق ذهبي - R-U818,R-U818-500*300-GD-APP,,نجف,قطعة,قطعة,ذهبي,1920,2150,4,نجف معلق بلون ذهبي، بتصميم عصري يناسب الصالات وغرف المعيشة والاستقبال، يدعم التحكم عن بُعد باستخدام الريموت، كما يدعم التحكم عبر تطبيق الهاتف المحمول لمزيد من سهولة الاستخدام. الرمز الداخلي للمنتج: R-U818-500*300-GD-APP.
نجف معلق ذهبي - R-U818,R-U818-800*300-GD-APP,,نجف,قطعة,قطعة,ذهبي,1470,,4,نجف معلق بلون ذهبي، بتصميم عصري يناسب الصالات وغرف المعيشة والاستقبال، يدعم التحكم عن بُعد باستخدام الريموت، كما يدعم التحكم عبر تطبيق الهاتف المحمول لمزيد من سهولة الاستخدام. الرمز الداخلي للمنتج: R-U818-800*300-GD-APP.
نجف معلق ذهبي - R-U821,R-U821-500-GD-APP,,نجف,قطعة,قطعة,ذهبي,1340,1650,4,نجف معلق بلون ذهبي، بتصميم عصري يناسب الصالات وغرف المعيشة والاستقبال، يدعم التحكم عن بُعد باستخدام الريموت، كما يدعم التحكم عبر تطبيق الهاتف المحمول لمزيد من سهولة الاستخدام. الرمز الداخلي للمنتج: R-U821-500-GD-APP.
نجف معلق ذهبي - R-U826,R-U826-450-GD-APP,,نجف,قطعة,قطعة,ذهبي,1220,1550,4,نجف معلق بلون ذهبي، بتصميم عصري يناسب الصالات وغرف المعيشة والاستقبال، يدعم التحكم عن بُعد باستخدام الريموت، كما يدعم التحكم عبر تطبيق الهاتف المحمول لمزيد من سهولة الاستخدام. الرمز الداخلي للمنتج: R-U826-450-GD-APP.
نجف معلق ذهبي - R-U827,R-U827-450-GD-APP,,نجف,قطعة,قطعة,ذهبي,1220,1705,4,نجف معلق بلون ذهبي، بتصميم عصري يناسب الصالات وغرف المعيشة والاستقبال، يدعم التحكم عن بُعد باستخدام الريموت، كما يدعم التحكم عبر تطبيق الهاتف المحمول لمزيد من سهولة الاستخدام. الرمز الداخلي للمنتج: R-U827-450-GD-APP.
نجف معلق ذهبي - R-U828,R-U828-450-GD-APP,,نجف,قطعة,قطعة,ذهبي,1220,1705,4,نجف معلق بلون ذهبي، بتصميم عصري يناسب الصالات وغرف المعيشة والاستقبال، يدعم التحكم عن بُعد باستخدام الريموت، كما يدعم التحكم عبر تطبيق الهاتف المحمول لمزيد من سهولة الاستخدام. الرمز الداخلي للمنتج: R-U828-450-GD-APP.
نجف معلق ذهبي - R-U829,R-U829-450-GD-APP,,نجف,قطعة,قطعة,ذهبي,1265,1705,4,نجف معلق بلون ذهبي، بتصميم عصري يناسب الصالات وغرف المعيشة والاستقبال، يدعم التحكم عن بُعد باستخدام الريموت، كما يدعم التحكم عبر تطبيق الهاتف المحمول لمزيد من سهولة الاستخدام. الرمز الداخلي للمنتج: R-U829-450-GD-APP.
نجف معلق ذهبي - R-U830,R-U830-450-GD-APP,,نجف,قطعة,قطعة,ذهبي,1550,1705,4,نجف معلق بلون ذهبي، بتصميم عصري يناسب الصالات وغرف المعيشة والاستقبال، يدعم التحكم عن بُعد باستخدام الريموت، كما يدعم التحكم عبر تطبيق الهاتف المحمول لمزيد من سهولة الاستخدام. الرمز الداخلي للمنتج: R-U830-450-GD-APP.
نجف معلق ذهبي - R-U831,R-U831-450-GD-APP,,نجف,قطعة,قطعة,ذهبي,1550,1705,4,نجف معلق بلون ذهبي، بتصميم عصري يناسب الصالات وغرف المعيشة والاستقبال، يدعم التحكم عن بُعد باستخدام الريموت، كما يدعم التحكم عبر تطبيق الهاتف المحمول لمزيد من سهولة الاستخدام. الرمز الداخلي للمنتج: R-U831-450-GD-APP.
نجف معلق ذهبي - R-U832,R-U832-450-GD-APP,,نجف,قطعة,قطعة,ذهبي,1550,1705,4,نجف معلق بلون ذهبي، بتصميم عصري يناسب الصالات وغرف المعيشة والاستقبال، يدعم التحكم عن بُعد باستخدام الريموت، كما يدعم التحكم عبر تطبيق الهاتف المحمول لمزيد من سهولة الاستخدام. الرمز الداخلي للمنتج: R-U832-450-GD-APP.
نجف معلق ذهبي - R-U833,R-U833-450-GD-APP,,نجف,قطعة,قطعة,ذهبي,1395,1705,4,نجف معلق بلون ذهبي، بتصميم عصري يناسب الصالات وغرف المعيشة والاستقبال، يدعم التحكم عن بُعد باستخدام الريموت، كما يدعم التحكم عبر تطبيق الهاتف المحمول لمزيد من سهولة الاستخدام. الرمز الداخلي للمنتج: R-U833-450-GD-APP.
نجف معلق ذهبي - R-U834,R-U834-450-GD-APP,,نجف,قطعة,قطعة,ذهبي,1550,1705,4,نجف معلق بلون ذهبي، بتصميم عصري يناسب الصالات وغرف المعيشة والاستقبال، يدعم التحكم عن بُعد باستخدام الريموت، كما يدعم التحكم عبر تطبيق الهاتف المحمول لمزيد من سهولة الاستخدام. الرمز الداخلي للمنتج: R-U834-450-GD-APP.
نجف معلق ذهبي - R-U835,R-U835-450-GD-APP,,نجف,قطعة,قطعة,ذهبي,1330,1705,4,نجف معلق بلون ذهبي، بتصميم عصري يناسب الصالات وغرف المعيشة والاستقبال، يدعم التحكم عن بُعد باستخدام الريموت، كما يدعم التحكم عبر تطبيق الهاتف المحمول لمزيد من سهولة الاستخدام. الرمز الداخلي للمنتج: R-U835-450-GD-APP.
نجف معلق ذهبي - R-U836,R-U836-400-GD-APP,,نجف,قطعة,قطعة,ذهبي,1040,1250,4,نجف معلق بلون ذهبي، بتصميم عصري يناسب الصالات وغرف المعيشة والاستقبال، يدعم التحكم عن بُعد باستخدام الريموت، كما يدعم التحكم عبر تطبيق الهاتف المحمول لمزيد من سهولة الاستخدام. الرمز الداخلي للمنتج: R-U836-400-GD-APP.
نجف معلق ذهبي - R-U836,R-U836-500-GD-APP,,نجف,قطعة,قطعة,ذهبي,1330,1650,4,نجف معلق بلون ذهبي، بتصميم عصري يناسب الصالات وغرف المعيشة والاستقبال، يدعم التحكم عن بُعد باستخدام الريموت، كما يدعم التحكم عبر تطبيق الهاتف المحمول لمزيد من سهولة الاستخدام. الرمز الداخلي للمنتج: R-U836-500-GD-APP.
نجف معلق ذهبي - R-U836,R-U836-600-GD-APP,,نجف,قطعة,قطعة,ذهبي,1600,1950,4,نجف معلق بلون ذهبي، بتصميم عصري يناسب الصالات وغرف المعيشة والاستقبال، يدعم التحكم عن بُعد باستخدام الريموت، كما يدعم التحكم عبر تطبيق الهاتف المحمول لمزيد من سهولة الاستخدام. الرمز الداخلي للمنتج: R-U836-600-GD-APP.
نجف معلق ذهبي - R-U836,R-U836-800*350-GD-APP,,نجف,قطعة,قطعة,ذهبي,1570,2050,4,نجف معلق بلون ذهبي، بتصميم عصري يناسب الصالات وغرف المعيشة والاستقبال، يدعم التحكم عن بُعد باستخدام الريموت، كما يدعم التحكم عبر تطبيق الهاتف المحمول لمزيد من سهولة الاستخدام. الرمز الداخلي للمنتج: R-U836-800*350-GD-APP.
نجف معلق ذهبي - R-U837,R-U837-400-GD-APP,,نجف,قطعة,قطعة,ذهبي,1110,,4,نجف معلق بلون ذهبي، بتصميم عصري يناسب الصالات وغرف المعيشة والاستقبال، يدعم التحكم عن بُعد باستخدام الريموت، كما يدعم التحكم عبر تطبيق الهاتف المحمول لمزيد من سهولة الاستخدام. الرمز الداخلي للمنتج: R-U837-400-GD-APP.
نجف معلق ذهبي - R-U837,R-U837-500-GD-APP,,نجف,قطعة,قطعة,ذهبي,1440,,4,نجف معلق بلون ذهبي، بتصميم عصري يناسب الصالات وغرف المعيشة والاستقبال، يدعم التحكم عن بُعد باستخدام الريموت، كما يدعم التحكم عبر تطبيق الهاتف المحمول لمزيد من سهولة الاستخدام. الرمز الداخلي للمنتج: R-U837-500-GD-APP.
نجف معلق ذهبي - R-U837,R-U837-600-GD-APP,,نجف,قطعة,قطعة,ذهبي,1770,1975,4,نجف معلق بلون ذهبي، بتصميم عصري يناسب الصالات وغرف المعيشة والاستقبال، يدعم التحكم عن بُعد باستخدام الريموت، كما يدعم التحكم عبر تطبيق الهاتف المحمول لمزيد من سهولة الاستخدام. الرمز الداخلي للمنتج: R-U837-600-GD-APP.
نجف معلق ذهبي - R-U837,R-U837-800*350-GD-APP,,نجف,قطعة,قطعة,ذهبي,1700,,4,نجف معلق بلون ذهبي، بتصميم عصري يناسب الصالات وغرف المعيشة والاستقبال، يدعم التحكم عن بُعد باستخدام الريموت، كما يدعم التحكم عبر تطبيق الهاتف المحمول لمزيد من سهولة الاستخدام. الرمز الداخلي للمنتج: R-U837-800*350-GD-APP.
نجف معلق ذهبي - R-U838,R-U838-400-GD-APP,,نجف,قطعة,قطعة,ذهبي,1380,1400,4,نجف معلق بلون ذهبي، بتصميم عصري يناسب الصالات وغرف المعيشة والاستقبال، يدعم التحكم عن بُعد باستخدام الريموت، كما يدعم التحكم عبر تطبيق الهاتف المحمول لمزيد من سهولة الاستخدام. الرمز الداخلي للمنتج: R-U838-400-GD-APP.
نجف معلق ذهبي - R-U839,R-U839-800*350-GD-APP,,نجف,قطعة,قطعة,ذهبي,2370,2575,4,نجف معلق بلون ذهبي، بتصميم عصري يناسب الصالات وغرف المعيشة والاستقبال، يدعم التحكم عن بُعد باستخدام الريموت، كما يدعم التحكم عبر تطبيق الهاتف المحمول لمزيد من سهولة الاستخدام. الرمز الداخلي للمنتج: R-U839-800*350-GD-APP.
نجف معلق ذهبي - R-U840,R-U840-800*350-GD-APP,,نجف,قطعة,قطعة,ذهبي,1900,,4,نجف معلق بلون ذهبي، بتصميم عصري يناسب الصالات وغرف المعيشة والاستقبال، يدعم التحكم عن بُعد باستخدام الريموت، كما يدعم التحكم عبر تطبيق الهاتف المحمول لمزيد من سهولة الاستخدام. الرمز الداخلي للمنتج: R-U840-800*350-GD-APP.
نجف معلق ذهبي - R-U856,R-U856-450-GD-APP,,نجف,قطعة,قطعة,ذهبي,1330,1705,4,نجف معلق بلون ذهبي، بتصميم عصري يناسب الصالات وغرف المعيشة والاستقبال، يدعم التحكم عن بُعد باستخدام الريموت، كما يدعم التحكم عبر تطبيق الهاتف المحمول لمزيد من سهولة الاستخدام. الرمز الداخلي للمنتج: R-U856-450-GD-APP.
نجف معلق ذهبي - R-U858,R-U858-450-GD-APP,,نجف,قطعة,قطعة,ذهبي,1305,1705,4,نجف معلق بلون ذهبي، بتصميم عصري يناسب الصالات وغرف المعيشة والاستقبال، يدعم التحكم عن بُعد باستخدام الريموت، كما يدعم التحكم عبر تطبيق الهاتف المحمول لمزيد من سهولة الاستخدام. الرمز الداخلي للمنتج: R-U858-450-GD-APP.
نجف معلق ذهبي - R-U870,R-U870-450-GD-APP,,نجف,قطعة,قطعة,ذهبي,1540,,4,نجف معلق بلون ذهبي، بتصميم عصري يناسب الصالات وغرف المعيشة والاستقبال، يدعم التحكم عن بُعد باستخدام الريموت، كما يدعم التحكم عبر تطبيق الهاتف المحمول لمزيد من سهولة الاستخدام. الرمز الداخلي للمنتج: R-U870-450-GD-APP.
نجف معلق ذهبي - R-U871,R-U871-450-GD-APP,,نجف,قطعة,قطعة,ذهبي,1400,,4,نجف معلق بلون ذهبي، بتصميم عصري يناسب الصالات وغرف المعيشة والاستقبال، يدعم التحكم عن بُعد باستخدام الريموت، كما يدعم التحكم عبر تطبيق الهاتف المحمول لمزيد من سهولة الاستخدام. الرمز الداخلي للمنتج: R-U871-450-GD-APP.
نجف معلق ذهبي - R-U872,R-U872-450-GD-APP,,نجف,قطعة,قطعة,ذهبي,1420,,4,نجف معلق بلون ذهبي، بتصميم عصري يناسب الصالات وغرف المعيشة والاستقبال، يدعم التحكم عن بُعد باستخدام الريموت، كما يدعم التحكم عبر تطبيق الهاتف المحمول لمزيد من سهولة الاستخدام. الرمز الداخلي للمنتج: R-U872-450-GD-APP.
نجف معلق ذهبي - R-U873,R-U873-450-GD-APP,,نجف,قطعة,قطعة,ذهبي,1560,,4,نجف معلق بلون ذهبي، بتصميم عصري يناسب الصالات وغرف المعيشة والاستقبال، يدعم التحكم عن بُعد باستخدام الريموت، كما يدعم التحكم عبر تطبيق الهاتف المحمول لمزيد من سهولة الاستخدام. الرمز الداخلي للمنتج: R-U873-450-GD-APP.
نجف معلق ذهبي - R-U874,R-U874-450-GD-APP,,نجف,قطعة,قطعة,ذهبي,1430,,4,نجف معلق بلون ذهبي، بتصميم عصري يناسب الصالات وغرف المعيشة والاستقبال، يدعم التحكم عن بُعد باستخدام الريموت، كما يدعم التحكم عبر تطبيق الهاتف المحمول لمزيد من سهولة الاستخدام. الرمز الداخلي للمنتج: R-U874-450-GD-APP.
نجف معلق ذهبي - R-U860,R-U860-500-GD-APP,,نجف,قطعة,قطعة,ذهبي,1330,,4,نجف معلق بلون ذهبي، بتصميم عصري يناسب الصالات وغرف المعيشة والاستقبال، يدعم التحكم عن بُعد باستخدام الريموت، كما يدعم التحكم عبر تطبيق الهاتف المحمول لمزيد من سهولة الاستخدام. الرمز الداخلي للمنتج: R-U860-500-GD-APP.
نجف معلق ذهبي - R-U861,R-U861-500-GD-APP,,نجف,قطعة,قطعة,ذهبي,1810,,4,نجف معلق بلون ذهبي، بتصميم عصري يناسب الصالات وغرف المعيشة والاستقبال، يدعم التحكم عن بُعد باستخدام الريموت، كما يدعم التحكم عبر تطبيق الهاتف المحمول لمزيد من سهولة الاستخدام. الرمز الداخلي للمنتج: R-U861-500-GD-APP.
وحدة إضاءة ذهبي - R-7711,R-7711-600-GD-APP,,,قطعة,قطعة,ذهبي,3500,5100,4,وحدة إضاءة بلون ذهبي، بتصميم عصري يناسب الصالات وغرف المعيشة والاستقبال، يدعم التحكم عن بُعد باستخدام الريموت، كما يدعم التحكم عبر تطبيق الهاتف المحمول لمزيد من سهولة الاستخدام. الرمز الداخلي للمنتج: R-7711-600-GD-APP.
وحدة إضاءة ذهبي - R-7711,R-7711-800-GD-APP,,,قطعة,قطعة,ذهبي,4500,,4,وحدة إضاءة بلون ذهبي، بتصميم عصري يناسب الصالات وغرف المعيشة والاستقبال، يدعم التحكم عن بُعد باستخدام الريموت، كما يدعم التحكم عبر تطبيق الهاتف المحمول لمزيد من سهولة الاستخدام. الرمز الداخلي للمنتج: R-7711-800-GD-APP.
وحدة إضاءة ذهبي - R-7711,R-7711-1000*300-GD-APP,,,قطعة,قطعة,ذهبي,4000,,4,وحدة إضاءة بلون ذهبي، بتصميم عصري يناسب الصالات وغرف المعيشة والاستقبال، يدعم التحكم عن بُعد باستخدام الريموت، كما يدعم التحكم عبر تطبيق الهاتف المحمول لمزيد من سهولة الاستخدام. الرمز الداخلي للمنتج: R-7711-1000*300-GD-APP.
وحدة إضاءة - R-SZ666,R-SZ666-400-EPG,,,قطعة,قطعة,,1890,2100,4,وحدة إضاءة، بتصميم عصري يناسب الصالات وغرف المعيشة والاستقبال. الرمز الداخلي للمنتج: R-SZ666-400-EPG.
وحدة إضاءة - R-SZ666,R-SZ666-600-EPG,,,قطعة,قطعة,,2940,3250,4,وحدة إضاءة، بتصميم عصري يناسب الصالات وغرف المعيشة والاستقبال. الرمز الداخلي للمنتج: R-SZ666-600-EPG.
وحدة إضاءة - R-SZ666,R-SZ666-800-EPG,,,قطعة,قطعة,,4430,4750,4,وحدة إضاءة، بتصميم عصري يناسب الصالات وغرف المعيشة والاستقبال. الرمز الداخلي للمنتج: R-SZ666-800-EPG.
وحدة إضاءة - R-SZ666,R-SZ666-1200-EPG,,,قطعة,قطعة,,5170,5575,4,وحدة إضاءة، بتصميم عصري يناسب الصالات وغرف المعيشة والاستقبال. الرمز الداخلي للمنتج: R-SZ666-1200-EPG.
وحدة إضاءة - R-SZ666,R-SZ666-2W-EPG,,,قطعة,قطعة,,720,850,4,وحدة إضاءة، بتصميم عصري يناسب الصالات وغرف المعيشة والاستقبال. الرمز الداخلي للمنتج: R-SZ666-2W-EPG.
نجف معلق شمبانيا - HT-42001-400,HT-42001-400-CPG,,نجف,قطعة,قطعة,شمبانيا,725,875,4,نجف معلق بلون شمبانيا، بتصميم عصري يناسب الصالات وغرف المعيشة والاستقبال. الرمز الداخلي للمنتج: HT-42001-400-CPG.
نجف معلق أسود وذهبي - HT-42001-400,HT-42001-400-BK+GD,,نجف,قطعة,قطعة,أسود وذهبي,700,750,4,نجف معلق بلون أسود وذهبي، بتصميم عصري يناسب الصالات وغرف المعيشة والاستقبال. الرمز الداخلي للمنتج: HT-42001-400-BK+GD.
نجف معلق أسود وذهبي - HT-42001-500,HT-42001-500-BK+GD,,نجف,قطعة,قطعة,أسود وذهبي,800,,4,نجف معلق بلون أسود وذهبي، بتصميم عصري يناسب الصالات وغرف المعيشة والاستقبال. الرمز الداخلي للمنتج: HT-42001-500-BK+GD.
نجف معلق ذهبي - HT-42001-500,HT-42001-500-FGD,,نجف,قطعة,قطعة,ذهبي,930,1000,4,نجف معلق بلون ذهبي، بتصميم عصري يناسب الصالات وغرف المعيشة والاستقبال. الرمز الداخلي للمنتج: HT-42001-500-FGD.
نجف معلق شمبانيا - HT-42001-500,HT-42001-500-CPG,,نجف,قطعة,قطعة,شمبانيا,855,975,4,نجف معلق بلون شمبانيا، بتصميم عصري يناسب الصالات وغرف المعيشة والاستقبال. الرمز الداخلي للمنتج: HT-42001-500-CPG.
نجف معلق أبيض وذهبي - HT-42001-500,HT-42001-500-WH+GD,,نجف,قطعة,قطعة,أبيض وذهبي,800,875,4,نجف معلق بلون أبيض وذهبي، بتصميم عصري يناسب الصالات وغرف المعيشة والاستقبال. الرمز الداخلي للمنتج: HT-42001-500-WH+GD.
نجف معلق - HT-42001-500,HT-42001-500-CG,,نجف,قطعة,قطعة,,855,975,4,نجف معلق، بتصميم عصري يناسب الصالات وغرف المعيشة والاستقبال. الرمز الداخلي للمنتج: HT-42001-500-CG.
نجف معلق أسود وذهبي - HT-52001-400,HT-52001-400-BK+GD,,نجف,قطعة,قطعة,أسود وذهبي,710,,4,نجف معلق بلون أسود وذهبي، بتصميم عصري يناسب الصالات وغرف المعيشة والاستقبال. الرمز الداخلي للمنتج: HT-52001-400-BK+GD.
نجف معلق ذهبي - HT-52001-400,HT-52001-400-FGD,,نجف,قطعة,قطعة,ذهبي,860,,4,نجف معلق بلون ذهبي، بتصميم عصري يناسب الصالات وغرف المعيشة والاستقبال. الرمز الداخلي للمنتج: HT-52001-400-FGD.
نجف معلق - HT-52001-400,HT-52001-400-CG,,نجف,قطعة,قطعة,,730,900,4,نجف معلق، بتصميم عصري يناسب الصالات وغرف المعيشة والاستقبال. الرمز الداخلي للمنتج: HT-52001-400-CG.
نجف معلق شمبانيا - HT-52001-400,HT-52001-400-CPG,,نجف,قطعة,قطعة,شمبانيا,730,900,4,نجف معلق بلون شمبانيا، بتصميم عصري يناسب الصالات وغرف المعيشة والاستقبال. الرمز الداخلي للمنتج: HT-52001-400-CPG.
نجف معلق أسود وذهبي - HT-52001,HT-52001-500-1-BK+GD,,نجف,قطعة,قطعة,أسود وذهبي,895,950,4,نجف معلق بلون أسود وذهبي، بتصميم عصري يناسب الصالات وغرف المعيشة والاستقبال. الرمز الداخلي للمنتج: HT-52001-500-1-BK+GD.
نجف معلق - HT-52001-500,HT-52001-500-CG,,نجف,قطعة,قطعة,,920,1050,4,نجف معلق، بتصميم عصري يناسب الصالات وغرف المعيشة والاستقبال. الرمز الداخلي للمنتج: HT-52001-500-CG.
نجف معلق شمبانيا - HT-52001-500,HT-52001-500-CPG,,نجف,قطعة,قطعة,شمبانيا,920,1050,4,نجف معلق بلون شمبانيا، بتصميم عصري يناسب الصالات وغرف المعيشة والاستقبال. الرمز الداخلي للمنتج: HT-52001-500-CPG.
نجف معلق ذهبي - HT-52001-500,HT-52001-500-FGD,,نجف,قطعة,قطعة,ذهبي,960,1050,4,نجف معلق بلون ذهبي، بتصميم عصري يناسب الصالات وغرف المعيشة والاستقبال. الرمز الداخلي للمنتج: HT-52001-500-FGD.
نجف معلق أسود وذهبي - HT-52001-500,HT-52001-500-BK+GD,,نجف,قطعة,قطعة,أسود وذهبي,850,,4,نجف معلق بلون أسود وذهبي، بتصميم عصري يناسب الصالات وغرف المعيشة والاستقبال. الرمز الداخلي للمنتج: HT-52001-500-BK+GD.
نجف معلق أبيض وذهبي - HT-52001-500,HT-52001-500-WH+GD,,نجف,قطعة,قطعة,أبيض وذهبي,850,1000,4,نجف معلق بلون أبيض وذهبي، بتصميم عصري يناسب الصالات وغرف المعيشة والاستقبال. الرمز الداخلي للمنتج: HT-52001-500-WH+GD.
نجف معلق - HT-52001-600,HT-52001-600-CG,,نجف,قطعة,قطعة,,1425,1350,4,نجف معلق، بتصميم عصري يناسب الصالات وغرف المعيشة والاستقبال. الرمز الداخلي للمنتج: HT-52001-600-CG.
نجف معلق شمبانيا - HT-52001-600,HT-52001-600-CPG,,نجف,قطعة,قطعة,شمبانيا,1425,,4,نجف معلق بلون شمبانيا، بتصميم عصري يناسب الصالات وغرف المعيشة والاستقبال. الرمز الداخلي للمنتج: HT-52001-600-CPG.
نجف معلق أسود وذهبي - HT-52001-600,HT-52001-600-BK+GD,,نجف,قطعة,قطعة,أسود وذهبي,1375,,4,نجف معلق بلون أسود وذهبي، بتصميم عصري يناسب الصالات وغرف المعيشة والاستقبال. الرمز الداخلي للمنتج: HT-52001-600-BK+GD.
نجف معلق - HT-52001-800*350,HT-52001-800*350-CG,,نجف,قطعة,قطعة,,1465,1650,4,نجف معلق، بتصميم عصري يناسب الصالات وغرف المعيشة والاستقبال. الرمز الداخلي للمنتج: HT-52001-800*350-CG.
نجف معلق شمبانيا - HT-52001-800*350,HT-52001-800*350-CPG,,نجف,قطعة,قطعة,شمبانيا,1465,,4,نجف معلق بلون شمبانيا، بتصميم عصري يناسب الصالات وغرف المعيشة والاستقبال. الرمز الداخلي للمنتج: HT-52001-800*350-CPG.
نجف معلق أسود وذهبي - HT-52001-800*350,HT-52001-800*350-BK+GD,,نجف,قطعة,قطعة,أسود وذهبي,1405,,4,نجف معلق بلون أسود وذهبي، بتصميم عصري يناسب الصالات وغرف المعيشة والاستقبال. الرمز الداخلي للمنتج: HT-52001-800*350-BK+GD.
نجف معلق أسود وذهبي - HT-52002,HT-52002-500-GD+BK,,نجف,قطعة,قطعة,أسود وذهبي,905,1050,4,نجف معلق بلون أسود وذهبي، بتصميم عصري يناسب الصالات وغرف المعيشة والاستقبال. الرمز الداخلي للمنتج: HT-52002-500-GD+BK.
نجف معلق أسود وذهبي - HT-52002,HT-52002-500-BK+GD,,نجف,قطعة,قطعة,أسود وذهبي,905,1125,4,نجف معلق بلون أسود وذهبي، بتصميم عصري يناسب الصالات وغرف المعيشة والاستقبال. الرمز الداخلي للمنتج: HT-52002-500-BK+GD.
نجف معلق ذهبي - HT-52002,HT-52002-500-FGD,,نجف,قطعة,قطعة,ذهبي,1060,1200,4,نجف معلق بلون ذهبي، بتصميم عصري يناسب الصالات وغرف المعيشة والاستقبال. الرمز الداخلي للمنتج: HT-52002-500-FGD.
نجف معلق - HT-52002,HT-52002-500-CG,,نجف,قطعة,قطعة,,1020,1050,4,نجف معلق، بتصميم عصري يناسب الصالات وغرف المعيشة والاستقبال. الرمز الداخلي للمنتج: HT-52002-500-CG.
نجف معلق شمبانيا - HT-52002,HT-52002-500-CPG,,نجف,قطعة,قطعة,شمبانيا,1020,1050,4,نجف معلق بلون شمبانيا، بتصميم عصري يناسب الصالات وغرف المعيشة والاستقبال. الرمز الداخلي للمنتج: HT-52002-500-CPG.
نجف معلق ذهبي - HT-52003,HT-52003-500-FGD,,نجف,قطعة,قطعة,ذهبي,980,1200,4,نجف معلق بلون ذهبي، بتصميم عصري يناسب الصالات وغرف المعيشة والاستقبال. الرمز الداخلي للمنتج: HT-52003-500-FGD.
نجف معلق ذهبي - HT-52005,HT-52005-500-FGD,,نجف,قطعة,قطعة,ذهبي,980,1350,4,نجف معلق بلون ذهبي، بتصميم عصري يناسب الصالات وغرف المعيشة والاستقبال. الرمز الداخلي للمنتج: HT-52005-500-FGD.
نجف معلق ذهبي - HT-52007,HT-52007-500-FGD,,نجف,قطعة,قطعة,ذهبي,950,1150,4,نجف معلق بلون ذهبي، بتصميم عصري يناسب الصالات وغرف المعيشة والاستقبال. الرمز الداخلي للمنتج: HT-52007-500-FGD.
نجف معلق ذهبي - HT-53001,HT-53001-500-FGD,,نجف,قطعة,قطعة,ذهبي,1050,1275,4,نجف معلق بلون ذهبي، بتصميم عصري يناسب الصالات وغرف المعيشة والاستقبال. الرمز الداخلي للمنتج: HT-53001-500-FGD.
نجف معلق ذهبي - HT-53002,HT-53002-500-FGD,,نجف,قطعة,قطعة,ذهبي,980,1150,4,نجف معلق بلون ذهبي، بتصميم عصري يناسب الصالات وغرف المعيشة والاستقبال. الرمز الداخلي للمنتج: HT-53002-500-FGD.
نجف معلق ذهبي - HT-53004,HT-53004-500-FGD,,نجف,قطعة,قطعة,ذهبي,1050,1250,4,نجف معلق بلون ذهبي، بتصميم عصري يناسب الصالات وغرف المعيشة والاستقبال. الرمز الداخلي للمنتج: HT-53004-500-FGD.
نجف معلق ذهبي - HT-53007,HT-53007-500-FGD,,نجف,قطعة,قطعة,ذهبي,1080,1275,4,نجف معلق بلون ذهبي، بتصميم عصري يناسب الصالات وغرف المعيشة والاستقبال. الرمز الداخلي للمنتج: HT-53007-500-FGD.
نجف معلق ذهبي - HT-53008,HT-53008-500-FGD,,نجف,قطعة,قطعة,ذهبي,1100,1325,4,نجف معلق بلون ذهبي، بتصميم عصري يناسب الصالات وغرف المعيشة والاستقبال. الرمز الداخلي للمنتج: HT-53008-500-FGD.
نجف معلق ذهبي - HT-53009,HT-53009-500-FGD,,نجف,قطعة,قطعة,ذهبي,1000,1275,4,نجف معلق بلون ذهبي، بتصميم عصري يناسب الصالات وغرف المعيشة والاستقبال. الرمز الداخلي للمنتج: HT-53009-500-FGD.
نجف معلق ذهبي - HT-53010,HT-53010-500-FGD,,نجف,قطعة,قطعة,ذهبي,1530,1800,4,نجف معلق بلون ذهبي، بتصميم عصري يناسب الصالات وغرف المعيشة والاستقبال. الرمز الداخلي للمنتج: HT-53010-500-FGD.
نجف معلق ذهبي - HT-53011,HT-53011-500-FGD,,نجف,قطعة,قطعة,ذهبي,1105,1300,4,نجف معلق بلون ذهبي، بتصميم عصري يناسب الصالات وغرف المعيشة والاستقبال. الرمز الداخلي للمنتج: HT-53011-500-FGD.
نجف معلق ذهبي - HT-53013,HT-53013-500-FGD,,نجف,قطعة,قطعة,ذهبي,1100,,4,نجف معلق بلون ذهبي، بتصميم عصري يناسب الصالات وغرف المعيشة والاستقبال. الرمز الداخلي للمنتج: HT-53013-500-FGD.
نجف معلق ذهبي - HT-53016,HT-53016-500-FGD,,نجف,قطعة,قطعة,ذهبي,1035,,4,نجف معلق بلون ذهبي، بتصميم عصري يناسب الصالات وغرف المعيشة والاستقبال. الرمز الداخلي للمنتج: HT-53016-500-FGD.
نجف معلق رمادي/فضي - HT-106-3-C10,HT-106-3-C10-APP-GR,,نجف,قطعة,قطعة,رمادي/فضي,510,,4,نجف معلق بلون رمادي/فضي، بتصميم عصري يناسب الصالات وغرف المعيشة والاستقبال، يدعم التحكم عن بُعد باستخدام الريموت، كما يدعم التحكم عبر تطبيق الهاتف المحمول لمزيد من سهولة الاستخدام. الرمز الداخلي للمنتج: HT-106-3-C10-APP-GR.
نجف معلق شمبانيا - HT-819,HT-819-APP-CPG,,نجف,قطعة,قطعة,شمبانيا,580,650,4,نجف معلق بلون شمبانيا، بتصميم عصري يناسب الصالات وغرف المعيشة والاستقبال، يدعم التحكم عن بُعد باستخدام الريموت، كما يدعم التحكم عبر تطبيق الهاتف المحمول لمزيد من سهولة الاستخدام. الرمز الداخلي للمنتج: HT-819-APP-CPG.
نجف معلق أبيض - HT-106,HT-106-MP3-WH-APP,,نجف,قطعة,قطعة,أبيض,590,745,4,نجف معلق بلون أبيض، بتصميم عصري يناسب الصالات وغرف المعيشة والاستقبال، يدعم التحكم عن بُعد باستخدام الريموت، كما يدعم التحكم عبر تطبيق الهاتف المحمول لمزيد من سهولة الاستخدام، ويتميز بخاصية مزامنة الموسيقى عبر البلوتوث. الرمز الداخلي للمنتج: HT-106-MP3-WH-APP.
نجف معلق ذهبي - HT-106,HT-106-MP3-GD-APP,,نجف,قطعة,قطعة,ذهبي,615,745,4,نجف معلق بلون ذهبي، بتصميم عصري يناسب الصالات وغرف المعيشة والاستقبال، يدعم التحكم عن بُعد باستخدام الريموت، كما يدعم التحكم عبر تطبيق الهاتف المحمول لمزيد من سهولة الاستخدام. الرمز الداخلي للمنتج: HT-106-MP3-GD-APP.
نجف معلق أسود - HT-106,HT-106-MP3-BK-APP,,نجف,قطعة,قطعة,أسود,590,745,4,نجف معلق بلون أسود، بتصميم عصري يناسب الصالات وغرف المعيشة والاستقبال، يدعم التحكم عن بُعد باستخدام الريموت، كما يدعم التحكم عبر تطبيق الهاتف المحمول لمزيد من سهولة الاستخدام. الرمز الداخلي للمنتج: HT-106-MP3-BK-APP.
نجف معلق رمادي/فضي - HT-106,HT-106-MP3-GR-APP,,نجف,قطعة,قطعة,رمادي/فضي,590,745,4,نجف معلق بلون رمادي/فضي، بتصميم عصري يناسب الصالات وغرف المعيشة والاستقبال، يدعم التحكم عن بُعد باستخدام الريموت، كما يدعم التحكم عبر تطبيق الهاتف المحمول لمزيد من سهولة الاستخدام. الرمز الداخلي للمنتج: HT-106-MP3-GR-APP.
نجف معلق شمبانيا - HT-106,HT-106-MP3-CPG-APP,,نجف,قطعة,قطعة,شمبانيا,615,745,4,نجف معلق بلون شمبانيا، بتصميم عصري يناسب الصالات وغرف المعيشة والاستقبال، يدعم التحكم عن بُعد باستخدام الريموت، كما يدعم التحكم عبر تطبيق الهاتف المحمول لمزيد من سهولة الاستخدام. الرمز الداخلي للمنتج: HT-106-MP3-CPG-APP.
نجف معلق ذهبي - HT-106,HT-106-MP3-FGD-APP,,نجف,قطعة,قطعة,ذهبي,700,800,4,نجف معلق بلون ذهبي، بتصميم عصري يناسب الصالات وغرف المعيشة والاستقبال، يدعم التحكم عن بُعد باستخدام الريموت، كما يدعم التحكم عبر تطبيق الهاتف المحمول لمزيد من سهولة الاستخدام. الرمز الداخلي للمنتج: HT-106-MP3-FGD-APP.
نجف معلق - HT-106,HT-106-MP3-CF-APP,,نجف,قطعة,قطعة,,590,,4,نجف معلق، بتصميم عصري يناسب الصالات وغرف المعيشة والاستقبال، يدعم التحكم عن بُعد باستخدام الريموت، كما يدعم التحكم عبر تطبيق الهاتف المحمول لمزيد من سهولة الاستخدام. الرمز الداخلي للمنتج: HT-106-MP3-CF-APP.
نجف معلق أبيض - HT-106-C10,HT-106-C10-MP3-WH-APP,,نجف,قطعة,قطعة,أبيض,655,800,4,نجف معلق بلون أبيض، بتصميم عصري يناسب الصالات وغرف المعيشة والاستقبال، يدعم التحكم عن بُعد باستخدام الريموت، كما يدعم التحكم عبر تطبيق الهاتف المحمول لمزيد من سهولة الاستخدام. الرمز الداخلي للمنتج: HT-106-C10-MP3-WH-APP.
نجف معلق ذهبي - HT-106-C10,HT-106-C10-MP3-GD-APP,,نجف,قطعة,قطعة,ذهبي,690,800,4,نجف معلق بلون ذهبي، بتصميم عصري يناسب الصالات وغرف المعيشة والاستقبال، يدعم التحكم عن بُعد باستخدام الريموت، كما يدعم التحكم عبر تطبيق الهاتف المحمول لمزيد من سهولة الاستخدام. الرمز الداخلي للمنتج: HT-106-C10-MP3-GD-APP.
نجف معلق أسود - HT-106-C10,HT-106-C10-MP3-BK-APP,,نجف,قطعة,قطعة,أسود,655,800,4,نجف معلق بلون أسود، بتصميم عصري يناسب الصالات وغرف المعيشة والاستقبال، يدعم التحكم عن بُعد باستخدام الريموت، كما يدعم التحكم عبر تطبيق الهاتف المحمول لمزيد من سهولة الاستخدام. الرمز الداخلي للمنتج: HT-106-C10-MP3-BK-APP.
نجف معلق رمادي/فضي - HT-106-C10,HT-106-C10-MP3-GR-APP,,نجف,قطعة,قطعة,رمادي/فضي,655,800,4,نجف معلق بلون رمادي/فضي، بتصميم عصري يناسب الصالات وغرف المعيشة والاستقبال، يدعم التحكم عن بُعد باستخدام الريموت، كما يدعم التحكم عبر تطبيق الهاتف المحمول لمزيد من سهولة الاستخدام. الرمز الداخلي للمنتج: HT-106-C10-MP3-GR-APP.
نجف معلق - HT-106-C10,HT-106-C10-MP3-CF-APP,,نجف,قطعة,قطعة,,655,800,4,نجف معلق، بتصميم عصري يناسب الصالات وغرف المعيشة والاستقبال، يدعم التحكم عن بُعد باستخدام الريموت، كما يدعم التحكم عبر تطبيق الهاتف المحمول لمزيد من سهولة الاستخدام. الرمز الداخلي للمنتج: HT-106-C10-MP3-CF-APP.
نجف معلق ذهبي - HT-106-C10,HT-106-C10-MP3-FGD-APP,,نجف,قطعة,قطعة,ذهبي,760,800,4,نجف معلق بلون ذهبي، بتصميم عصري يناسب الصالات وغرف المعيشة والاستقبال، يدعم التحكم عن بُعد باستخدام الريموت، كما يدعم التحكم عبر تطبيق الهاتف المحمول لمزيد من سهولة الاستخدام. الرمز الداخلي للمنتج: HT-106-C10-MP3-FGD-APP.
نجف معلق شمبانيا - HT-106-C10,HT-106-C10-MP3-CPG-APP,,نجف,قطعة,قطعة,شمبانيا,690,800,4,نجف معلق بلون شمبانيا، بتصميم عصري يناسب الصالات وغرف المعيشة والاستقبال، يدعم التحكم عن بُعد باستخدام الريموت، كما يدعم التحكم عبر تطبيق الهاتف المحمول لمزيد من سهولة الاستخدام. الرمز الداخلي للمنتج: HT-106-C10-MP3-CPG-APP.
نجف معلق أسود - HT-106-C15,HT-106-C15-APP-BK,,نجف,قطعة,قطعة,أسود,595,700,4,نجف معلق بلون أسود، بتصميم عصري يناسب الصالات وغرف المعيشة والاستقبال، يدعم التحكم عن بُعد باستخدام الريموت، كما يدعم التحكم عبر تطبيق الهاتف المحمول لمزيد من سهولة الاستخدام. الرمز الداخلي للمنتج: HT-106-C15-APP-BK.
نجف معلق - HT-107,HT-107-APP-CF,,نجف,قطعة,قطعة,,385,,4,نجف معلق، بتصميم عصري يناسب الصالات وغرف المعيشة والاستقبال، يدعم التحكم عن بُعد باستخدام الريموت، كما يدعم التحكم عبر تطبيق الهاتف المحمول لمزيد من سهولة الاستخدام. الرمز الداخلي للمنتج: HT-107-APP-CF.
نجف معلق أسود - HT-107,HT-107-APP-BK,,نجف,قطعة,قطعة,أسود,385,,4,نجف معلق بلون أسود، بتصميم عصري يناسب الصالات وغرف المعيشة والاستقبال، يدعم التحكم عن بُعد باستخدام الريموت، كما يدعم التحكم عبر تطبيق الهاتف المحمول لمزيد من سهولة الاستخدام. الرمز الداخلي للمنتج: HT-107-APP-BK.
نجف معلق ذهبي - HT-110-C10,HT-110-C10-APP-FGD,,نجف,قطعة,قطعة,ذهبي,690,855,4,نجف معلق بلون ذهبي، بتصميم عصري يناسب الصالات وغرف المعيشة والاستقبال، يدعم التحكم عن بُعد باستخدام الريموت، كما يدعم التحكم عبر تطبيق الهاتف المحمول لمزيد من سهولة الاستخدام. الرمز الداخلي للمنتج: HT-110-C10-APP-FGD.
نجف معلق أسود - HT-110-C10,HT-110-C10-APP-BK,,نجف,قطعة,قطعة,أسود,540,750,4,نجف معلق بلون أسود، بتصميم عصري يناسب الصالات وغرف المعيشة والاستقبال، يدعم التحكم عن بُعد باستخدام الريموت، كما يدعم التحكم عبر تطبيق الهاتف المحمول لمزيد من سهولة الاستخدام. الرمز الداخلي للمنتج: HT-110-C10-APP-BK.
نجف معلق - HT-110-C10,HT-110-C10-APP-CF,,نجف,قطعة,قطعة,,540,725,4,نجف معلق، بتصميم عصري يناسب الصالات وغرف المعيشة والاستقبال، يدعم التحكم عن بُعد باستخدام الريموت، كما يدعم التحكم عبر تطبيق الهاتف المحمول لمزيد من سهولة الاستخدام. الرمز الداخلي للمنتج: HT-110-C10-APP-CF.
نجف معلق أبيض - HT-110-C10,HT-110-C10-APP-WH,,نجف,قطعة,قطعة,أبيض,540,725,4,نجف معلق بلون أبيض، بتصميم عصري يناسب الصالات وغرف المعيشة والاستقبال، يدعم التحكم عن بُعد باستخدام الريموت، كما يدعم التحكم عبر تطبيق الهاتف المحمول لمزيد من سهولة الاستخدام. الرمز الداخلي للمنتج: HT-110-C10-APP-WH.
نجف معلق شمبانيا - HT-110-C10,HT-110-C10-APP-CPG,,نجف,قطعة,قطعة,شمبانيا,590,725,4,نجف معلق بلون شمبانيا، بتصميم عصري يناسب الصالات وغرف المعيشة والاستقبال، يدعم التحكم عن بُعد باستخدام الريموت، كما يدعم التحكم عبر تطبيق الهاتف المحمول لمزيد من سهولة الاستخدام. الرمز الداخلي للمنتج: HT-110-C10-APP-CPG.
نجف معلق ذهبي - HT-112-C12,HT-112-C12-APP-FGD,,نجف,قطعة,قطعة,ذهبي,705,,4,نجف معلق بلون ذهبي، بتصميم عصري يناسب الصالات وغرف المعيشة والاستقبال، يدعم التحكم عن بُعد باستخدام الريموت، كما يدعم التحكم عبر تطبيق الهاتف المحمول لمزيد من سهولة الاستخدام. الرمز الداخلي للمنتج: HT-112-C12-APP-FGD.
نجف معلق أبيض - HT-123-C1,HT-123-C1-APP-WH,,نجف,قطعة,قطعة,أبيض,660,,4,نجف معلق بلون أبيض، بتصميم عصري يناسب الصالات وغرف المعيشة والاستقبال، يدعم التحكم عن بُعد باستخدام الريموت، كما يدعم التحكم عبر تطبيق الهاتف المحمول لمزيد من سهولة الاستخدام. الرمز الداخلي للمنتج: HT-123-C1-APP-WH.
نجف معلق أسود - HT-123-C1,HT-123-C1-APP-BK,,نجف,قطعة,قطعة,أسود,660,,4,نجف معلق بلون أسود، بتصميم عصري يناسب الصالات وغرف المعيشة والاستقبال، يدعم التحكم عن بُعد باستخدام الريموت، كما يدعم التحكم عبر تطبيق الهاتف المحمول لمزيد من سهولة الاستخدام. الرمز الداخلي للمنتج: HT-123-C1-APP-BK.
نجف معلق أسود - HT-131-G33,HT-131-G33-BK,,نجف,قطعة,قطعة,أسود,280,,4,نجف معلق بلون أسود، بتصميم عصري يناسب الصالات وغرف المعيشة والاستقبال. الرمز الداخلي للمنتج: HT-131-G33-BK.
نجف معلق أسود - HT-131-G30,HT-131-G30-BK,,نجف,قطعة,قطعة,أسود,280,375,4,نجف معلق بلون أسود، بتصميم عصري يناسب الصالات وغرف المعيشة والاستقبال. الرمز الداخلي للمنتج: HT-131-G30-BK.
نجف معلق ذهبي - HT-131-C5,HT-131-C5-FGD,,نجف,قطعة,قطعة,ذهبي,335,450,4,نجف معلق بلون ذهبي، بتصميم عصري يناسب الصالات وغرف المعيشة والاستقبال. الرمز الداخلي للمنتج: HT-131-C5-FGD.
نجف معلق ذهبي - HT-133,HT-133-GD,,نجف,قطعة,قطعة,ذهبي,275,,4,نجف معلق بلون ذهبي، بتصميم عصري يناسب الصالات وغرف المعيشة والاستقبال. الرمز الداخلي للمنتج: HT-133-GD.
نجف معلق ذهبي - HT-133-C8,HT-133-C8-FGD,,نجف,قطعة,قطعة,ذهبي,310,,4,نجف معلق بلون ذهبي، بتصميم عصري يناسب الصالات وغرف المعيشة والاستقبال. الرمز الداخلي للمنتج: HT-133-C8-FGD.
نجف معلق ذهبي - HT-132,HT-132-FGD,,نجف,قطعة,قطعة,ذهبي,290,350,4,نجف معلق بلون ذهبي، بتصميم عصري يناسب الصالات وغرف المعيشة والاستقبال. الرمز الداخلي للمنتج: HT-132-FGD.
نجف معلق ذهبي - HT-137-G23,HT-137-G23-FGD,,نجف,قطعة,قطعة,ذهبي,340,425,4,نجف معلق بلون ذهبي، بتصميم عصري يناسب الصالات وغرف المعيشة والاستقبال. الرمز الداخلي للمنتج: HT-137-G23-FGD.
نجف معلق أسود - HT-139,HT-139-BK,,نجف,قطعة,قطعة,أسود,265,375,4,نجف معلق بلون أسود، بتصميم عصري يناسب الصالات وغرف المعيشة والاستقبال. الرمز الداخلي للمنتج: HT-139-BK.
نجف معلق ذهبي - HT-142,HT-142-APP-FGD,,نجف,قطعة,قطعة,ذهبي,910,1050,4,نجف معلق بلون ذهبي، بتصميم عصري يناسب الصالات وغرف المعيشة والاستقبال، يدعم التحكم عن بُعد باستخدام الريموت، كما يدعم التحكم عبر تطبيق الهاتف المحمول لمزيد من سهولة الاستخدام. الرمز الداخلي للمنتج: HT-142-APP-FGD.
نجف معلق ذهبي - HT-143,HT-143-DZ-5-APP-FGD,,نجف,قطعة,قطعة,ذهبي,1365,1475,4,نجف معلق بلون ذهبي، بتصميم عصري يناسب الصالات وغرف المعيشة والاستقبال، يدعم التحكم عن بُعد باستخدام الريموت، كما يدعم التحكم عبر تطبيق الهاتف المحمول لمزيد من سهولة الاستخدام. الرمز الداخلي للمنتج: HT-143-DZ-5-APP-FGD.
نجف معلق أسود - HT-145-G23,HT-145-G23-BK,,نجف,قطعة,قطعة,أسود,255,375,4,نجف معلق بلون أسود، بتصميم عصري يناسب الصالات وغرف المعيشة والاستقبال. الرمز الداخلي للمنتج: HT-145-G23-BK.
نجف معلق أبيض - HT-145-G23,HT-145-G23-WH,,نجف,قطعة,قطعة,أبيض,255,375,4,نجف معلق بلون أبيض، بتصميم عصري يناسب الصالات وغرف المعيشة والاستقبال. الرمز الداخلي للمنتج: HT-145-G23-WH.
نجف معلق - HT-145-G23,HT-145-G23-CF,,نجف,قطعة,قطعة,,255,375,4,نجف معلق، بتصميم عصري يناسب الصالات وغرف المعيشة والاستقبال. الرمز الداخلي للمنتج: HT-145-G23-CF.
نجف معلق ذهبي - HT-145-G23,HT-145-G23-FGD,,نجف,قطعة,قطعة,ذهبي,310,425,4,نجف معلق بلون ذهبي، بتصميم عصري يناسب الصالات وغرف المعيشة والاستقبال. الرمز الداخلي للمنتج: HT-145-G23-FGD.
نجف معلق شمبانيا - HT-145-G23,HT-145-G23-CPG,,نجف,قطعة,قطعة,شمبانيا,270,375,4,نجف معلق بلون شمبانيا، بتصميم عصري يناسب الصالات وغرف المعيشة والاستقبال. الرمز الداخلي للمنتج: HT-145-G23-CPG.
نجف معلق - HT-145-G23,HT-145-G23-CG,,نجف,قطعة,قطعة,,270,375,4,نجف معلق، بتصميم عصري يناسب الصالات وغرف المعيشة والاستقبال. الرمز الداخلي للمنتج: HT-145-G23-CG.
نجف معلق أبيض - HT-146,HT-146-APP-WH,,نجف,قطعة,قطعة,أبيض,550,625,4,نجف معلق بلون أبيض، بتصميم عصري يناسب الصالات وغرف المعيشة والاستقبال، يدعم التحكم عن بُعد باستخدام الريموت، كما يدعم التحكم عبر تطبيق الهاتف المحمول لمزيد من سهولة الاستخدام. الرمز الداخلي للمنتج: HT-146-APP-WH.
نجف معلق أسود - HT-146,HT-146-APP-BK,,نجف,قطعة,قطعة,أسود,550,750,4,نجف معلق بلون أسود، بتصميم عصري يناسب الصالات وغرف المعيشة والاستقبال، يدعم التحكم عن بُعد باستخدام الريموت، كما يدعم التحكم عبر تطبيق الهاتف المحمول لمزيد من سهولة الاستخدام. الرمز الداخلي للمنتج: HT-146-APP-BK.
نجف معلق ذهبي - HT-146,HT-146-APP-FGD,,نجف,قطعة,قطعة,ذهبي,650,850,4,نجف معلق بلون ذهبي، بتصميم عصري يناسب الصالات وغرف المعيشة والاستقبال، يدعم التحكم عن بُعد باستخدام الريموت، كما يدعم التحكم عبر تطبيق الهاتف المحمول لمزيد من سهولة الاستخدام. الرمز الداخلي للمنتج: HT-146-APP-FGD.
نجف معلق ذهبي - HT-146,HT-146-APP-GD,,نجف,قطعة,قطعة,ذهبي,600,750,4,نجف معلق بلون ذهبي، بتصميم عصري يناسب الصالات وغرف المعيشة والاستقبال، يدعم التحكم عن بُعد باستخدام الريموت، كما يدعم التحكم عبر تطبيق الهاتف المحمول لمزيد من سهولة الاستخدام. الرمز الداخلي للمنتج: HT-146-APP-GD.
نجف معلق أسود - HT-147-G23,HT-147-G23-BK,,نجف,قطعة,قطعة,أسود,315,,4,نجف معلق بلون أسود، بتصميم عصري يناسب الصالات وغرف المعيشة والاستقبال. الرمز الداخلي للمنتج: HT-147-G23-BK.
نجف معلق شمبانيا - HT-147-G30,HT-147-G30-CPG,,نجف,قطعة,قطعة,شمبانيا,360,475,4,نجف معلق بلون شمبانيا، بتصميم عصري يناسب الصالات وغرف المعيشة والاستقبال. الرمز الداخلي للمنتج: HT-147-G30-CPG.
نجف معلق - HT-147-G30,HT-147-G30-CF,,نجف,قطعة,قطعة,,315,475,4,نجف معلق، بتصميم عصري يناسب الصالات وغرف المعيشة والاستقبال. الرمز الداخلي للمنتج: HT-147-G30-CF.
نجف معلق شمبانيا - HT-147-G33,HT-147-G33-CPG,,نجف,قطعة,قطعة,شمبانيا,360,475,4,نجف معلق بلون شمبانيا، بتصميم عصري يناسب الصالات وغرف المعيشة والاستقبال. الرمز الداخلي للمنتج: HT-147-G33-CPG.
نجف معلق - HT-147-G33,HT-147-G33-CF,,نجف,قطعة,قطعة,,315,475,4,نجف معلق، بتصميم عصري يناسب الصالات وغرف المعيشة والاستقبال. الرمز الداخلي للمنتج: HT-147-G33-CF.
نجف معلق أسود - HT-147-G33,HT-147-G33-BK,,نجف,قطعة,قطعة,أسود,315,475,4,نجف معلق بلون أسود، بتصميم عصري يناسب الصالات وغرف المعيشة والاستقبال. الرمز الداخلي للمنتج: HT-147-G33-BK.
نجف معلق ذهبي - HT-147-G33,HT-147-G33-FGD,,نجف,قطعة,قطعة,ذهبي,405,525,4,نجف معلق بلون ذهبي، بتصميم عصري يناسب الصالات وغرف المعيشة والاستقبال. الرمز الداخلي للمنتج: HT-147-G33-FGD.
نجف معلق ذهبي - HT-148-G30,HT-148-G30-APP-FGD,,نجف,قطعة,قطعة,ذهبي,705,750,4,نجف معلق بلون ذهبي، بتصميم عصري يناسب الصالات وغرف المعيشة والاستقبال، يدعم التحكم عن بُعد باستخدام الريموت، كما يدعم التحكم عبر تطبيق الهاتف المحمول لمزيد من سهولة الاستخدام. الرمز الداخلي للمنتج: HT-148-G30-APP-FGD.
نجف معلق ذهبي - HT-148-G31,HT-148-G31-APP-FGD,,نجف,قطعة,قطعة,ذهبي,655,700,4,نجف معلق بلون ذهبي، بتصميم عصري يناسب الصالات وغرف المعيشة والاستقبال، يدعم التحكم عن بُعد باستخدام الريموت، كما يدعم التحكم عبر تطبيق الهاتف المحمول لمزيد من سهولة الاستخدام. الرمز الداخلي للمنتج: HT-148-G31-APP-FGD.
نجف معلق ذهبي - HT-148-G33,HT-148-G33-APP-FGD,,نجف,قطعة,قطعة,ذهبي,705,825,4,نجف معلق بلون ذهبي، بتصميم عصري يناسب الصالات وغرف المعيشة والاستقبال، يدعم التحكم عن بُعد باستخدام الريموت، كما يدعم التحكم عبر تطبيق الهاتف المحمول لمزيد من سهولة الاستخدام. الرمز الداخلي للمنتج: HT-148-G33-APP-FGD.
نجف معلق أسود - HT-148-G33,HT-148-G33-APP-BK,,نجف,قطعة,قطعة,أسود,550,700,4,نجف معلق بلون أسود، بتصميم عصري يناسب الصالات وغرف المعيشة والاستقبال، يدعم التحكم عن بُعد باستخدام الريموت، كما يدعم التحكم عبر تطبيق الهاتف المحمول لمزيد من سهولة الاستخدام. الرمز الداخلي للمنتج: HT-148-G33-APP-BK.
نجف معلق - HT-148-G33,HT-148-G33-APP-CF,,نجف,قطعة,قطعة,,550,700,4,نجف معلق، بتصميم عصري يناسب الصالات وغرف المعيشة والاستقبال، يدعم التحكم عن بُعد باستخدام الريموت، كما يدعم التحكم عبر تطبيق الهاتف المحمول لمزيد من سهولة الاستخدام. الرمز الداخلي للمنتج: HT-148-G33-APP-CF.
نجف معلق أبيض - HT-148-G33,HT-148-G33-APP-WH,,نجف,قطعة,قطعة,أبيض,550,700,4,نجف معلق بلون أبيض، بتصميم عصري يناسب الصالات وغرف المعيشة والاستقبال، يدعم التحكم عن بُعد باستخدام الريموت، كما يدعم التحكم عبر تطبيق الهاتف المحمول لمزيد من سهولة الاستخدام. الرمز الداخلي للمنتج: HT-148-G33-APP-WH.
نجف معلق شمبانيا - HT-148-G33,HT-148-G33-APP-CPG,,نجف,قطعة,قطعة,شمبانيا,600,700,4,نجف معلق بلون شمبانيا، بتصميم عصري يناسب الصالات وغرف المعيشة والاستقبال، يدعم التحكم عن بُعد باستخدام الريموت، كما يدعم التحكم عبر تطبيق الهاتف المحمول لمزيد من سهولة الاستخدام. الرمز الداخلي للمنتج: HT-148-G33-APP-CPG.
نجف معلق ذهبي - HT-148-Q-G33,HT-148-Q-G33-APP-FGD,,نجف,قطعة,قطعة,ذهبي,840,950,4,نجف معلق بلون ذهبي، بتصميم عصري يناسب الصالات وغرف المعيشة والاستقبال، يدعم التحكم عن بُعد باستخدام الريموت، كما يدعم التحكم عبر تطبيق الهاتف المحمول لمزيد من سهولة الاستخدام. الرمز الداخلي للمنتج: HT-148-Q-G33-APP-FGD.
نجف معلق ذهبي - HT-148-Q-G33,HT-148-Q-G33-A-APP-FGD,,نجف,قطعة,قطعة,ذهبي,815,925,4,نجف معلق بلون ذهبي، بتصميم عصري يناسب الصالات وغرف المعيشة والاستقبال، يدعم التحكم عن بُعد باستخدام الريموت، كما يدعم التحكم عبر تطبيق الهاتف المحمول لمزيد من سهولة الاستخدام. الرمز الداخلي للمنتج: HT-148-Q-G33-A-APP-FGD.
نجف معلق ذهبي - HT-149-G31,HT-149-G31-APP-FGD,,نجف,قطعة,قطعة,ذهبي,955,1075,4,نجف معلق بلون ذهبي، بتصميم عصري يناسب الصالات وغرف المعيشة والاستقبال، يدعم التحكم عن بُعد باستخدام الريموت، كما يدعم التحكم عبر تطبيق الهاتف المحمول لمزيد من سهولة الاستخدام. الرمز الداخلي للمنتج: HT-149-G31-APP-FGD.
نجف معلق ذهبي - HT-149-G30,HT-149-G30-APP-FGD,,نجف,قطعة,قطعة,ذهبي,990,,4,نجف معلق بلون ذهبي، بتصميم عصري يناسب الصالات وغرف المعيشة والاستقبال، يدعم التحكم عن بُعد باستخدام الريموت، كما يدعم التحكم عبر تطبيق الهاتف المحمول لمزيد من سهولة الاستخدام. الرمز الداخلي للمنتج: HT-149-G30-APP-FGD.
نجف معلق ذهبي - HT-149-G33,HT-149-G33-APP-FGD,,نجف,قطعة,قطعة,ذهبي,990,1075,4,نجف معلق بلون ذهبي، بتصميم عصري يناسب الصالات وغرف المعيشة والاستقبال، يدعم التحكم عن بُعد باستخدام الريموت، كما يدعم التحكم عبر تطبيق الهاتف المحمول لمزيد من سهولة الاستخدام. الرمز الداخلي للمنتج: HT-149-G33-APP-FGD.
نجف معلق أسود - HT-149-G33,HT-149-G33-APP-BK,,نجف,قطعة,قطعة,أسود,745,975,4,نجف معلق بلون أسود، بتصميم عصري يناسب الصالات وغرف المعيشة والاستقبال، يدعم التحكم عن بُعد باستخدام الريموت، كما يدعم التحكم عبر تطبيق الهاتف المحمول لمزيد من سهولة الاستخدام. الرمز الداخلي للمنتج: HT-149-G33-APP-BK.
نجف معلق أبيض - HT-149-G33,HT-149-G33-APP-WH,,نجف,قطعة,قطعة,أبيض,745,975,4,نجف معلق بلون أبيض، بتصميم عصري يناسب الصالات وغرف المعيشة والاستقبال، يدعم التحكم عن بُعد باستخدام الريموت، كما يدعم التحكم عبر تطبيق الهاتف المحمول لمزيد من سهولة الاستخدام. الرمز الداخلي للمنتج: HT-149-G33-APP-WH.
نجف معلق ذهبي - HT-149-G40,HT-149-G40-APP-FGD,,نجف,قطعة,قطعة,ذهبي,990,,4,نجف معلق بلون ذهبي، بتصميم عصري يناسب الصالات وغرف المعيشة والاستقبال، يدعم التحكم عن بُعد باستخدام الريموت، كما يدعم التحكم عبر تطبيق الهاتف المحمول لمزيد من سهولة الاستخدام. الرمز الداخلي للمنتج: HT-149-G40-APP-FGD.
نجف معلق أبيض - HT-149-G40,HT-149-G40-APP-WH,,نجف,قطعة,قطعة,أبيض,745,,4,نجف معلق بلون أبيض، بتصميم عصري يناسب الصالات وغرف المعيشة والاستقبال، يدعم التحكم عن بُعد باستخدام الريموت، كما يدعم التحكم عبر تطبيق الهاتف المحمول لمزيد من سهولة الاستخدام. الرمز الداخلي للمنتج: HT-149-G40-APP-WH.
نجف معلق ذهبي - HT-150-C5,HT-150-C5-APP-FGD,,نجف,قطعة,قطعة,ذهبي,730,775,4,نجف معلق بلون ذهبي، بتصميم عصري يناسب الصالات وغرف المعيشة والاستقبال، يدعم التحكم عن بُعد باستخدام الريموت، كما يدعم التحكم عبر تطبيق الهاتف المحمول لمزيد من سهولة الاستخدام. الرمز الداخلي للمنتج: HT-150-C5-APP-FGD.
نجف معلق ذهبي - HT-150-G30,HT-150-G30-APP-FGD,,نجف,قطعة,قطعة,ذهبي,730,750,4,نجف معلق بلون ذهبي، بتصميم عصري يناسب الصالات وغرف المعيشة والاستقبال، يدعم التحكم عن بُعد باستخدام الريموت، كما يدعم التحكم عبر تطبيق الهاتف المحمول لمزيد من سهولة الاستخدام. الرمز الداخلي للمنتج: HT-150-G30-APP-FGD.
نجف معلق أسود - HT-150-G30,HT-150-G30-APP-BK,,نجف,قطعة,قطعة,أسود,550,650,4,نجف معلق بلون أسود، بتصميم عصري يناسب الصالات وغرف المعيشة والاستقبال، يدعم التحكم عن بُعد باستخدام الريموت، كما يدعم التحكم عبر تطبيق الهاتف المحمول لمزيد من سهولة الاستخدام. الرمز الداخلي للمنتج: HT-150-G30-APP-BK.
نجف معلق أبيض - HT-150-G30,HT-150-G30-APP-WH,,نجف,قطعة,قطعة,أبيض,550,650,4,نجف معلق بلون أبيض، بتصميم عصري يناسب الصالات وغرف المعيشة والاستقبال، يدعم التحكم عن بُعد باستخدام الريموت، كما يدعم التحكم عبر تطبيق الهاتف المحمول لمزيد من سهولة الاستخدام. الرمز الداخلي للمنتج: HT-150-G30-APP-WH.
نجف معلق ذهبي - HT-150-G33,HT-150-G33-APP-FGD,,نجف,قطعة,قطعة,ذهبي,730,855,4,نجف معلق بلون ذهبي، بتصميم عصري يناسب الصالات وغرف المعيشة والاستقبال، يدعم التحكم عن بُعد باستخدام الريموت، كما يدعم التحكم عبر تطبيق الهاتف المحمول لمزيد من سهولة الاستخدام. الرمز الداخلي للمنتج: HT-150-G33-APP-FGD.
نجف معلق أسود - HT-150-G33,HT-150-G33-APP-BK,,نجف,قطعة,قطعة,أسود,520,660,4,نجف معلق بلون أسود، بتصميم عصري يناسب الصالات وغرف المعيشة والاستقبال، يدعم التحكم عن بُعد باستخدام الريموت، كما يدعم التحكم عبر تطبيق الهاتف المحمول لمزيد من سهولة الاستخدام. الرمز الداخلي للمنتج: HT-150-G33-APP-BK.
نجف معلق أبيض - HT-150-G33,HT-150-G33-APP-WH,,نجف,قطعة,قطعة,أبيض,520,660,4,نجف معلق بلون أبيض، بتصميم عصري يناسب الصالات وغرف المعيشة والاستقبال، يدعم التحكم عن بُعد باستخدام الريموت، كما يدعم التحكم عبر تطبيق الهاتف المحمول لمزيد من سهولة الاستخدام. الرمز الداخلي للمنتج: HT-150-G33-APP-WH.
نجف معلق - HT-150-G33,HT-150-G33-APP-CF,,نجف,قطعة,قطعة,,520,625,4,نجف معلق، بتصميم عصري يناسب الصالات وغرف المعيشة والاستقبال، يدعم التحكم عن بُعد باستخدام الريموت، كما يدعم التحكم عبر تطبيق الهاتف المحمول لمزيد من سهولة الاستخدام. الرمز الداخلي للمنتج: HT-150-G33-APP-CF.
نجف معلق شمبانيا - HT-150-G33,HT-150-G33-APP-CPG,,نجف,قطعة,قطعة,شمبانيا,575,,4,نجف معلق بلون شمبانيا، بتصميم عصري يناسب الصالات وغرف المعيشة والاستقبال، يدعم التحكم عن بُعد باستخدام الريموت، كما يدعم التحكم عبر تطبيق الهاتف المحمول لمزيد من سهولة الاستخدام. الرمز الداخلي للمنتج: HT-150-G33-APP-CPG.
نجف معلق أسود - HT-150-G40,HT-150-G40-APP-BK,,نجف,قطعة,قطعة,أسود,520,,4,نجف معلق بلون أسود، بتصميم عصري يناسب الصالات وغرف المعيشة والاستقبال، يدعم التحكم عن بُعد باستخدام الريموت، كما يدعم التحكم عبر تطبيق الهاتف المحمول لمزيد من سهولة الاستخدام. الرمز الداخلي للمنتج: HT-150-G40-APP-BK.
نجف معلق ذهبي - HT-150-G40,HT-150-G40-APP-FGD,,نجف,قطعة,قطعة,ذهبي,700,,4,نجف معلق بلون ذهبي، بتصميم عصري يناسب الصالات وغرف المعيشة والاستقبال، يدعم التحكم عن بُعد باستخدام الريموت، كما يدعم التحكم عبر تطبيق الهاتف المحمول لمزيد من سهولة الاستخدام. الرمز الداخلي للمنتج: HT-150-G40-APP-FGD.
نجف معلق ذهبي - HT-151-G40,HT-151-G40-APP-FGD,,نجف,قطعة,قطعة,ذهبي,865,1000,4,نجف معلق بلون ذهبي، بتصميم عصري يناسب الصالات وغرف المعيشة والاستقبال، يدعم التحكم عن بُعد باستخدام الريموت، كما يدعم التحكم عبر تطبيق الهاتف المحمول لمزيد من سهولة الاستخدام. الرمز الداخلي للمنتج: HT-151-G40-APP-FGD.
نجف معلق أبيض - HT-151-G40,HT-151-G40-APP-WH,,نجف,قطعة,قطعة,أبيض,600,800,4,نجف معلق بلون أبيض، بتصميم عصري يناسب الصالات وغرف المعيشة والاستقبال، يدعم التحكم عن بُعد باستخدام الريموت، كما يدعم التحكم عبر تطبيق الهاتف المحمول لمزيد من سهولة الاستخدام. الرمز الداخلي للمنتج: HT-151-G40-APP-WH.
نجف معلق أبيض - HT-151-G33,HT-151-G33-APP-WH,,نجف,قطعة,قطعة,أبيض,600,880,4,نجف معلق بلون أبيض، بتصميم عصري يناسب الصالات وغرف المعيشة والاستقبال، يدعم التحكم عن بُعد باستخدام الريموت، كما يدعم التحكم عبر تطبيق الهاتف المحمول لمزيد من سهولة الاستخدام. الرمز الداخلي للمنتج: HT-151-G33-APP-WH.
نجف معلق أسود - HT-151-G33,HT-151-G33-APP-BK,,نجف,قطعة,قطعة,أسود,600,880,4,نجف معلق بلون أسود، بتصميم عصري يناسب الصالات وغرف المعيشة والاستقبال، يدعم التحكم عن بُعد باستخدام الريموت، كما يدعم التحكم عبر تطبيق الهاتف المحمول لمزيد من سهولة الاستخدام. الرمز الداخلي للمنتج: HT-151-G33-APP-BK.
نجف معلق - HT-151-G33,HT-151-G33-APP-CF,,نجف,قطعة,قطعة,,600,880,4,نجف معلق، بتصميم عصري يناسب الصالات وغرف المعيشة والاستقبال، يدعم التحكم عن بُعد باستخدام الريموت، كما يدعم التحكم عبر تطبيق الهاتف المحمول لمزيد من سهولة الاستخدام. الرمز الداخلي للمنتج: HT-151-G33-APP-CF.
نجف معلق ذهبي - HT-151-G33,HT-151-G33-APP-FGD,,نجف,قطعة,قطعة,ذهبي,865,1000,4,نجف معلق بلون ذهبي، بتصميم عصري يناسب الصالات وغرف المعيشة والاستقبال، يدعم التحكم عن بُعد باستخدام الريموت، كما يدعم التحكم عبر تطبيق الهاتف المحمول لمزيد من سهولة الاستخدام. الرمز الداخلي للمنتج: HT-151-G33-APP-FGD.
نجف معلق ذهبي - HT-152,HT-152-APP-FGD,,نجف,قطعة,قطعة,ذهبي,515,,4,نجف معلق بلون ذهبي، بتصميم عصري يناسب الصالات وغرف المعيشة والاستقبال، يدعم التحكم عن بُعد باستخدام الريموت، كما يدعم التحكم عبر تطبيق الهاتف المحمول لمزيد من سهولة الاستخدام. الرمز الداخلي للمنتج: HT-152-APP-FGD.
نجف معلق ذهبي - HT-153,HT-153-APP-FGD,,نجف,قطعة,قطعة,ذهبي,475,575,4,نجف معلق بلون ذهبي، بتصميم عصري يناسب الصالات وغرف المعيشة والاستقبال، يدعم التحكم عن بُعد باستخدام الريموت، كما يدعم التحكم عبر تطبيق الهاتف المحمول لمزيد من سهولة الاستخدام. الرمز الداخلي للمنتج: HT-153-APP-FGD.
نجف معلق ذهبي - HT-155,HT-155-DZ-2-FGD,,نجف,قطعة,قطعة,ذهبي,,575,4,نجف معلق بلون ذهبي، بتصميم عصري يناسب الصالات وغرف المعيشة والاستقبال. الرمز الداخلي للمنتج: HT-155-DZ-2-FGD.
نجف معلق أسود - HT-155,HT-155-DZ-2-BK,,نجف,قطعة,قطعة,أسود,,475,4,نجف معلق بلون أسود، بتصميم عصري يناسب الصالات وغرف المعيشة والاستقبال. الرمز الداخلي للمنتج: HT-155-DZ-2-BK.
نجف معلق أبيض - HT-155,HT-155-DZ-2-WH,,نجف,قطعة,قطعة,أبيض,,475,4,نجف معلق بلون أبيض، بتصميم عصري يناسب الصالات وغرف المعيشة والاستقبال. الرمز الداخلي للمنتج: HT-155-DZ-2-WH.
نجف معلق أسود - HT-155,HT-155-DZ-003-BK,,نجف,قطعة,قطعة,أسود,430,575,4,نجف معلق بلون أسود، بتصميم عصري يناسب الصالات وغرف المعيشة والاستقبال. الرمز الداخلي للمنتج: HT-155-DZ-003-BK.
نجف معلق أبيض - HT-155,HT-155-DZ-003-WH,,نجف,قطعة,قطعة,أبيض,430,575,4,نجف معلق بلون أبيض، بتصميم عصري يناسب الصالات وغرف المعيشة والاستقبال. الرمز الداخلي للمنتج: HT-155-DZ-003-WH.
نجف معلق أبيض - HT-155,HT-155-DZ-16-WH,,نجف,قطعة,قطعة,أبيض,460,575,4,نجف معلق بلون أبيض، بتصميم عصري يناسب الصالات وغرف المعيشة والاستقبال. الرمز الداخلي للمنتج: HT-155-DZ-16-WH.
نجف معلق أسود - HT-155,HT-155-DZ-16-BK,,نجف,قطعة,قطعة,أسود,460,575,4,نجف معلق بلون أسود، بتصميم عصري يناسب الصالات وغرف المعيشة والاستقبال. الرمز الداخلي للمنتج: HT-155-DZ-16-BK.
نجف معلق ذهبي - HT-155,HT-155-Z028-APP-FGD,,نجف,قطعة,قطعة,ذهبي,,,4,نجف معلق بلون ذهبي، بتصميم عصري يناسب الصالات وغرف المعيشة والاستقبال، يدعم التحكم عن بُعد باستخدام الريموت، كما يدعم التحكم عبر تطبيق الهاتف المحمول لمزيد من سهولة الاستخدام. الرمز الداخلي للمنتج: HT-155-Z028-APP-FGD.
نجف معلق ذهبي - HT-155,HT-155-Z041-APP-FGD,,نجف,قطعة,قطعة,ذهبي,515,,4,نجف معلق بلون ذهبي، بتصميم عصري يناسب الصالات وغرف المعيشة والاستقبال، يدعم التحكم عن بُعد باستخدام الريموت، كما يدعم التحكم عبر تطبيق الهاتف المحمول لمزيد من سهولة الاستخدام. الرمز الداخلي للمنتج: HT-155-Z041-APP-FGD.
نجف معلق أبيض - HT-155,HT-155-Z035-APP-WH,,نجف,قطعة,قطعة,أبيض,460,,4,نجف معلق بلون أبيض، بتصميم عصري يناسب الصالات وغرف المعيشة والاستقبال، يدعم التحكم عن بُعد باستخدام الريموت، كما يدعم التحكم عبر تطبيق الهاتف المحمول لمزيد من سهولة الاستخدام. الرمز الداخلي للمنتج: HT-155-Z035-APP-WH.
نجف معلق ذهبي - HT-158,HT-158-DZ-12-APP-FGD,,نجف,قطعة,قطعة,ذهبي,560,675,4,نجف معلق بلون ذهبي، بتصميم عصري يناسب الصالات وغرف المعيشة والاستقبال، يدعم التحكم عن بُعد باستخدام الريموت، كما يدعم التحكم عبر تطبيق الهاتف المحمول لمزيد من سهولة الاستخدام. الرمز الداخلي للمنتج: HT-158-DZ-12-APP-FGD.
نجف معلق أسود - HT-158,HT-158-DZ-12-APP-BK,,نجف,قطعة,قطعة,أسود,,575,4,نجف معلق بلون أسود، بتصميم عصري يناسب الصالات وغرف المعيشة والاستقبال، يدعم التحكم عن بُعد باستخدام الريموت، كما يدعم التحكم عبر تطبيق الهاتف المحمول لمزيد من سهولة الاستخدام. الرمز الداخلي للمنتج: HT-158-DZ-12-APP-BK.
نجف معلق أسود - HT-158,HT-158-DZ-10-APP-BK,,نجف,قطعة,قطعة,أسود,,575,4,نجف معلق بلون أسود، بتصميم عصري يناسب الصالات وغرف المعيشة والاستقبال، يدعم التحكم عن بُعد باستخدام الريموت، كما يدعم التحكم عبر تطبيق الهاتف المحمول لمزيد من سهولة الاستخدام. الرمز الداخلي للمنتج: HT-158-DZ-10-APP-BK.
نجف معلق أبيض - HT-158,HT-158-DZ-10-APP-WH,,نجف,قطعة,قطعة,أبيض,,575,4,نجف معلق بلون أبيض، بتصميم عصري يناسب الصالات وغرف المعيشة والاستقبال، يدعم التحكم عن بُعد باستخدام الريموت، كما يدعم التحكم عبر تطبيق الهاتف المحمول لمزيد من سهولة الاستخدام. الرمز الداخلي للمنتج: HT-158-DZ-10-APP-WH.
نجف معلق ذهبي - HT-158,HT-158-Z035-APP-FGD,,نجف,قطعة,قطعة,ذهبي,540,675,4,نجف معلق بلون ذهبي، بتصميم عصري يناسب الصالات وغرف المعيشة والاستقبال، يدعم التحكم عن بُعد باستخدام الريموت، كما يدعم التحكم عبر تطبيق الهاتف المحمول لمزيد من سهولة الاستخدام. الرمز الداخلي للمنتج: HT-158-Z035-APP-FGD.
نجف معلق ذهبي - HT-158,HT-158-Z038-APP-FGD,,نجف,قطعة,قطعة,ذهبي,560,,4,نجف معلق بلون ذهبي، بتصميم عصري يناسب الصالات وغرف المعيشة والاستقبال، يدعم التحكم عن بُعد باستخدام الريموت، كما يدعم التحكم عبر تطبيق الهاتف المحمول لمزيد من سهولة الاستخدام. الرمز الداخلي للمنتج: HT-158-Z038-APP-FGD.
نجف معلق ذهبي - HT-160-G30,HT-160-G30-APP-FGD,,نجف,قطعة,قطعة,ذهبي,880,,4,نجف معلق بلون ذهبي، بتصميم عصري يناسب الصالات وغرف المعيشة والاستقبال، يدعم التحكم عن بُعد باستخدام الريموت، كما يدعم التحكم عبر تطبيق الهاتف المحمول لمزيد من سهولة الاستخدام. الرمز الداخلي للمنتج: HT-160-G30-APP-FGD.
نجف معلق ذهبي - HT-160-G33,HT-160-G33-APP-FGD,,نجف,قطعة,قطعة,ذهبي,880,,4,نجف معلق بلون ذهبي، بتصميم عصري يناسب الصالات وغرف المعيشة والاستقبال، يدعم التحكم عن بُعد باستخدام الريموت، كما يدعم التحكم عبر تطبيق الهاتف المحمول لمزيد من سهولة الاستخدام. الرمز الداخلي للمنتج: HT-160-G33-APP-FGD.
نجف معلق ذهبي - HT-160-G40,HT-160-G40-APP-FGD,,نجف,قطعة,قطعة,ذهبي,880,,4,نجف معلق بلون ذهبي، بتصميم عصري يناسب الصالات وغرف المعيشة والاستقبال، يدعم التحكم عن بُعد باستخدام الريموت، كما يدعم التحكم عبر تطبيق الهاتف المحمول لمزيد من سهولة الاستخدام. الرمز الداخلي للمنتج: HT-160-G40-APP-FGD.
نجف معلق ذهبي - HT-161-G30,HT-161-G30-APP-FGD,,نجف,قطعة,قطعة,ذهبي,790,,4,نجف معلق بلون ذهبي، بتصميم عصري يناسب الصالات وغرف المعيشة والاستقبال، يدعم التحكم عن بُعد باستخدام الريموت، كما يدعم التحكم عبر تطبيق الهاتف المحمول لمزيد من سهولة الاستخدام. الرمز الداخلي للمنتج: HT-161-G30-APP-FGD.
نجف معلق ذهبي - HT-161-G33,HT-161-G33-APP-FGD,,نجف,قطعة,قطعة,ذهبي,790,,4,نجف معلق بلون ذهبي، بتصميم عصري يناسب الصالات وغرف المعيشة والاستقبال، يدعم التحكم عن بُعد باستخدام الريموت، كما يدعم التحكم عبر تطبيق الهاتف المحمول لمزيد من سهولة الاستخدام. الرمز الداخلي للمنتج: HT-161-G33-APP-FGD.
نجف معلق أسود - HT-161-G33,HT-161-G33-APP-BK,,نجف,قطعة,قطعة,أسود,690,,4,نجف معلق بلون أسود، بتصميم عصري يناسب الصالات وغرف المعيشة والاستقبال، يدعم التحكم عن بُعد باستخدام الريموت، كما يدعم التحكم عبر تطبيق الهاتف المحمول لمزيد من سهولة الاستخدام. الرمز الداخلي للمنتج: HT-161-G33-APP-BK.
نجف معلق ذهبي - HT-161-G40,HT-161-G40-APP-FGD,,نجف,قطعة,قطعة,ذهبي,790,,4,نجف معلق بلون ذهبي، بتصميم عصري يناسب الصالات وغرف المعيشة والاستقبال، يدعم التحكم عن بُعد باستخدام الريموت، كما يدعم التحكم عبر تطبيق الهاتف المحمول لمزيد من سهولة الاستخدام. الرمز الداخلي للمنتج: HT-161-G40-APP-FGD.
نجف معلق ذهبي - HT-162,HT-162-APP-FGD,,نجف,قطعة,قطعة,ذهبي,1175,,4,نجف معلق بلون ذهبي، بتصميم عصري يناسب الصالات وغرف المعيشة والاستقبال، يدعم التحكم عن بُعد باستخدام الريموت، كما يدعم التحكم عبر تطبيق الهاتف المحمول لمزيد من سهولة الاستخدام. الرمز الداخلي للمنتج: HT-162-APP-FGD.
نجف معلق ذهبي - HT-163-C10,HT-163-C10-APP-FGD,,نجف,قطعة,قطعة,ذهبي,1100,,4,نجف معلق بلون ذهبي، بتصميم عصري يناسب الصالات وغرف المعيشة والاستقبال، يدعم التحكم عن بُعد باستخدام الريموت، كما يدعم التحكم عبر تطبيق الهاتف المحمول لمزيد من سهولة الاستخدام. الرمز الداخلي للمنتج: HT-163-C10-APP-FGD.
نجف معلق ذهبي - HT-164,HT-164-APP-FGD,,نجف,قطعة,قطعة,ذهبي,980,,4,نجف معلق بلون ذهبي، بتصميم عصري يناسب الصالات وغرف المعيشة والاستقبال، يدعم التحكم عن بُعد باستخدام الريموت، كما يدعم التحكم عبر تطبيق الهاتف المحمول لمزيد من سهولة الاستخدام. الرمز الداخلي للمنتج: HT-164-APP-FGD.
نجف معلق ذهبي - HT-166,HT-166-G20-APP-FGD,,نجف,قطعة,قطعة,ذهبي,915,,4,نجف معلق بلون ذهبي، بتصميم عصري يناسب الصالات وغرف المعيشة والاستقبال، يدعم التحكم عن بُعد باستخدام الريموت، كما يدعم التحكم عبر تطبيق الهاتف المحمول لمزيد من سهولة الاستخدام. الرمز الداخلي للمنتج: HT-166-G20-APP-FGD.
نجف معلق ذهبي - HT-167-G30,HT-167-G30-APP-FGD,,نجف,قطعة,قطعة,ذهبي,950,,4,نجف معلق بلون ذهبي، بتصميم عصري يناسب الصالات وغرف المعيشة والاستقبال، يدعم التحكم عن بُعد باستخدام الريموت، كما يدعم التحكم عبر تطبيق الهاتف المحمول لمزيد من سهولة الاستخدام. الرمز الداخلي للمنتج: HT-167-G30-APP-FGD.
نجف معلق ذهبي - HT-170-C1,HT-170-C1-APP-FGD,,نجف,قطعة,قطعة,ذهبي,815,,4,نجف معلق بلون ذهبي، بتصميم عصري يناسب الصالات وغرف المعيشة والاستقبال، يدعم التحكم عن بُعد باستخدام الريموت، كما يدعم التحكم عبر تطبيق الهاتف المحمول لمزيد من سهولة الاستخدام. الرمز الداخلي للمنتج: HT-170-C1-APP-FGD.
نجف معلق ذهبي - HT-170-C2,HT-170-C2-APP-FGD,,نجف,قطعة,قطعة,ذهبي,815,925,4,نجف معلق بلون ذهبي، بتصميم عصري يناسب الصالات وغرف المعيشة والاستقبال، يدعم التحكم عن بُعد باستخدام الريموت، كما يدعم التحكم عبر تطبيق الهاتف المحمول لمزيد من سهولة الاستخدام. الرمز الداخلي للمنتج: HT-170-C2-APP-FGD.
نجف معلق أبيض - HT-170-C2,HT-170-C2-APP-WH,,نجف,قطعة,قطعة,أبيض,590,775,4,نجف معلق بلون أبيض، بتصميم عصري يناسب الصالات وغرف المعيشة والاستقبال، يدعم التحكم عن بُعد باستخدام الريموت، كما يدعم التحكم عبر تطبيق الهاتف المحمول لمزيد من سهولة الاستخدام. الرمز الداخلي للمنتج: HT-170-C2-APP-WH.
نجف معلق أسود - HT-170-C2,HT-170-C2-APP-BK,,نجف,قطعة,قطعة,أسود,590,775,4,نجف معلق بلون أسود، بتصميم عصري يناسب الصالات وغرف المعيشة والاستقبال، يدعم التحكم عن بُعد باستخدام الريموت، كما يدعم التحكم عبر تطبيق الهاتف المحمول لمزيد من سهولة الاستخدام. الرمز الداخلي للمنتج: HT-170-C2-APP-BK.
نجف معلق ذهبي - HT-171-C1,HT-171-C1-APP-FGD,,نجف,قطعة,قطعة,ذهبي,935,,4,نجف معلق بلون ذهبي، بتصميم عصري يناسب الصالات وغرف المعيشة والاستقبال، يدعم التحكم عن بُعد باستخدام الريموت، كما يدعم التحكم عبر تطبيق الهاتف المحمول لمزيد من سهولة الاستخدام. الرمز الداخلي للمنتج: HT-171-C1-APP-FGD.
نجف معلق أبيض - HT-171-C2,HT-171-C2-APP-WH,,نجف,قطعة,قطعة,أبيض,750,850,4,نجف معلق بلون أبيض، بتصميم عصري يناسب الصالات وغرف المعيشة والاستقبال، يدعم التحكم عن بُعد باستخدام الريموت، كما يدعم التحكم عبر تطبيق الهاتف المحمول لمزيد من سهولة الاستخدام. الرمز الداخلي للمنتج: HT-171-C2-APP-WH.
نجف معلق أسود - HT-171-C2,HT-171-C2-APP-BK,,نجف,قطعة,قطعة,أسود,750,875,4,نجف معلق بلون أسود، بتصميم عصري يناسب الصالات وغرف المعيشة والاستقبال، يدعم التحكم عن بُعد باستخدام الريموت، كما يدعم التحكم عبر تطبيق الهاتف المحمول لمزيد من سهولة الاستخدام. الرمز الداخلي للمنتج: HT-171-C2-APP-BK.
نجف معلق ذهبي - HT-171-C2,HT-171-C2-APP-FGD,,نجف,قطعة,قطعة,ذهبي,920,1050,4,نجف معلق بلون ذهبي، بتصميم عصري يناسب الصالات وغرف المعيشة والاستقبال، يدعم التحكم عن بُعد باستخدام الريموت، كما يدعم التحكم عبر تطبيق الهاتف المحمول لمزيد من سهولة الاستخدام. الرمز الداخلي للمنتج: HT-171-C2-APP-FGD.
نجف معلق أسود - HT-802,HT-802-APP-BK,,نجف,قطعة,قطعة,أسود,470,635,4,نجف معلق بلون أسود، بتصميم عصري يناسب الصالات وغرف المعيشة والاستقبال، يدعم التحكم عن بُعد باستخدام الريموت، كما يدعم التحكم عبر تطبيق الهاتف المحمول لمزيد من سهولة الاستخدام. الرمز الداخلي للمنتج: HT-802-APP-BK.
نجف معلق ذهبي - HT-802,HT-802-APP-FGD,,نجف,قطعة,قطعة,ذهبي,600,700,4,نجف معلق بلون ذهبي، بتصميم عصري يناسب الصالات وغرف المعيشة والاستقبال، يدعم التحكم عن بُعد باستخدام الريموت، كما يدعم التحكم عبر تطبيق الهاتف المحمول لمزيد من سهولة الاستخدام. الرمز الداخلي للمنتج: HT-802-APP-FGD.
نجف معلق أبيض - HT-802,HT-802-APP-WH,,نجف,قطعة,قطعة,أبيض,470,635,4,نجف معلق بلون أبيض، بتصميم عصري يناسب الصالات وغرف المعيشة والاستقبال، يدعم التحكم عن بُعد باستخدام الريموت، كما يدعم التحكم عبر تطبيق الهاتف المحمول لمزيد من سهولة الاستخدام. الرمز الداخلي للمنتج: HT-802-APP-WH.
نجف معلق - HT-802,HT-802-APP-CF,,نجف,قطعة,قطعة,,470,,4,نجف معلق، بتصميم عصري يناسب الصالات وغرف المعيشة والاستقبال، يدعم التحكم عن بُعد باستخدام الريموت، كما يدعم التحكم عبر تطبيق الهاتف المحمول لمزيد من سهولة الاستخدام. الرمز الداخلي للمنتج: HT-802-APP-CF.
نجف معلق شمبانيا - HT-802,HT-802-APP-CPG,,نجف,قطعة,قطعة,شمبانيا,530,,4,نجف معلق بلون شمبانيا، بتصميم عصري يناسب الصالات وغرف المعيشة والاستقبال، يدعم التحكم عن بُعد باستخدام الريموت، كما يدعم التحكم عبر تطبيق الهاتف المحمول لمزيد من سهولة الاستخدام. الرمز الداخلي للمنتج: HT-802-APP-CPG.
نجف معلق أبيض - HT-803,HT-803-APP-WH,,نجف,قطعة,قطعة,أبيض,455,635,4,نجف معلق بلون أبيض، بتصميم عصري يناسب الصالات وغرف المعيشة والاستقبال، يدعم التحكم عن بُعد باستخدام الريموت، كما يدعم التحكم عبر تطبيق الهاتف المحمول لمزيد من سهولة الاستخدام. الرمز الداخلي للمنتج: HT-803-APP-WH.
نجف معلق أسود - HT-803,HT-803-APP-BK,,نجف,قطعة,قطعة,أسود,455,635,4,نجف معلق بلون أسود، بتصميم عصري يناسب الصالات وغرف المعيشة والاستقبال، يدعم التحكم عن بُعد باستخدام الريموت، كما يدعم التحكم عبر تطبيق الهاتف المحمول لمزيد من سهولة الاستخدام. الرمز الداخلي للمنتج: HT-803-APP-BK.
نجف معلق أبيض - HT-804,HT-804-APP-WH,,نجف,قطعة,قطعة,أبيض,480,635,4,نجف معلق بلون أبيض، بتصميم عصري يناسب الصالات وغرف المعيشة والاستقبال، يدعم التحكم عن بُعد باستخدام الريموت، كما يدعم التحكم عبر تطبيق الهاتف المحمول لمزيد من سهولة الاستخدام. الرمز الداخلي للمنتج: HT-804-APP-WH.
نجف معلق أسود - HT-804,HT-804-APP-BK,,نجف,قطعة,قطعة,أسود,480,635,4,نجف معلق بلون أسود، بتصميم عصري يناسب الصالات وغرف المعيشة والاستقبال، يدعم التحكم عن بُعد باستخدام الريموت، كما يدعم التحكم عبر تطبيق الهاتف المحمول لمزيد من سهولة الاستخدام. الرمز الداخلي للمنتج: HT-804-APP-BK.
نجف معلق ذهبي - HT-804,HT-804-APP-GD,,نجف,قطعة,قطعة,ذهبي,550,,4,نجف معلق بلون ذهبي، بتصميم عصري يناسب الصالات وغرف المعيشة والاستقبال، يدعم التحكم عن بُعد باستخدام الريموت، كما يدعم التحكم عبر تطبيق الهاتف المحمول لمزيد من سهولة الاستخدام. الرمز الداخلي للمنتج: HT-804-APP-GD.
نجف معلق ذهبي - HT-804,HT-804-APP-FGD,,نجف,قطعة,قطعة,ذهبي,620,775,4,نجف معلق بلون ذهبي، بتصميم عصري يناسب الصالات وغرف المعيشة والاستقبال، يدعم التحكم عن بُعد باستخدام الريموت، كما يدعم التحكم عبر تطبيق الهاتف المحمول لمزيد من سهولة الاستخدام. الرمز الداخلي للمنتج: HT-804-APP-FGD.
نجف معلق أسود - HT-805,HT-805-APP-BK,,نجف,قطعة,قطعة,أسود,410,475,4,نجف معلق بلون أسود، بتصميم عصري يناسب الصالات وغرف المعيشة والاستقبال، يدعم التحكم عن بُعد باستخدام الريموت، كما يدعم التحكم عبر تطبيق الهاتف المحمول لمزيد من سهولة الاستخدام. الرمز الداخلي للمنتج: HT-805-APP-BK.
نجف معلق أبيض - HT-805,HT-805-APP-WH,,نجف,قطعة,قطعة,أبيض,410,475,4,نجف معلق بلون أبيض، بتصميم عصري يناسب الصالات وغرف المعيشة والاستقبال، يدعم التحكم عن بُعد باستخدام الريموت، كما يدعم التحكم عبر تطبيق الهاتف المحمول لمزيد من سهولة الاستخدام. الرمز الداخلي للمنتج: HT-805-APP-WH.
نجف معلق ذهبي - HT-805,HT-805-APP-FGD,,نجف,قطعة,قطعة,ذهبي,560,650,4,نجف معلق بلون ذهبي، بتصميم عصري يناسب الصالات وغرف المعيشة والاستقبال، يدعم التحكم عن بُعد باستخدام الريموت، كما يدعم التحكم عبر تطبيق الهاتف المحمول لمزيد من سهولة الاستخدام. الرمز الداخلي للمنتج: HT-805-APP-FGD.
نجف معلق - HT-805,HT-805-APP-CF,,نجف,قطعة,قطعة,,410,635,4,نجف معلق، بتصميم عصري يناسب الصالات وغرف المعيشة والاستقبال، يدعم التحكم عن بُعد باستخدام الريموت، كما يدعم التحكم عبر تطبيق الهاتف المحمول لمزيد من سهولة الاستخدام. الرمز الداخلي للمنتج: HT-805-APP-CF.
نجف معلق ذهبي - HT-805-G20,HT-805-G20-APP-FGD,,نجف,قطعة,قطعة,ذهبي,600,725,4,نجف معلق بلون ذهبي، بتصميم عصري يناسب الصالات وغرف المعيشة والاستقبال، يدعم التحكم عن بُعد باستخدام الريموت، كما يدعم التحكم عبر تطبيق الهاتف المحمول لمزيد من سهولة الاستخدام. الرمز الداخلي للمنتج: HT-805-G20-APP-FGD.
نجف معلق أسود - HT-806,HT-806-APP-BK,,نجف,قطعة,قطعة,أسود,435,575,4,نجف معلق بلون أسود، بتصميم عصري يناسب الصالات وغرف المعيشة والاستقبال، يدعم التحكم عن بُعد باستخدام الريموت، كما يدعم التحكم عبر تطبيق الهاتف المحمول لمزيد من سهولة الاستخدام. الرمز الداخلي للمنتج: HT-806-APP-BK.
نجف معلق ذهبي - HT-806,HT-806-APP-FGD,,نجف,قطعة,قطعة,ذهبي,535,675,4,نجف معلق بلون ذهبي، بتصميم عصري يناسب الصالات وغرف المعيشة والاستقبال، يدعم التحكم عن بُعد باستخدام الريموت، كما يدعم التحكم عبر تطبيق الهاتف المحمول لمزيد من سهولة الاستخدام. الرمز الداخلي للمنتج: HT-806-APP-FGD.
نجف معلق - HT-806,HT-806-APP-CF,,نجف,قطعة,قطعة,,435,475,4,نجف معلق، بتصميم عصري يناسب الصالات وغرف المعيشة والاستقبال، يدعم التحكم عن بُعد باستخدام الريموت، كما يدعم التحكم عبر تطبيق الهاتف المحمول لمزيد من سهولة الاستخدام. الرمز الداخلي للمنتج: HT-806-APP-CF.
نجف معلق أبيض - HT-806,HT-806-APP-WH,,نجف,قطعة,قطعة,أبيض,435,575,4,نجف معلق بلون أبيض، بتصميم عصري يناسب الصالات وغرف المعيشة والاستقبال، يدعم التحكم عن بُعد باستخدام الريموت، كما يدعم التحكم عبر تطبيق الهاتف المحمول لمزيد من سهولة الاستخدام. الرمز الداخلي للمنتج: HT-806-APP-WH.
نجف معلق شمبانيا - HT-806,HT-806-APP-CPG,,نجف,قطعة,قطعة,شمبانيا,460,575,4,نجف معلق بلون شمبانيا، بتصميم عصري يناسب الصالات وغرف المعيشة والاستقبال، يدعم التحكم عن بُعد باستخدام الريموت، كما يدعم التحكم عبر تطبيق الهاتف المحمول لمزيد من سهولة الاستخدام. الرمز الداخلي للمنتج: HT-806-APP-CPG.
نجف معلق - HT-806,HT-806-APP-CG,,نجف,قطعة,قطعة,,460,,4,نجف معلق، بتصميم عصري يناسب الصالات وغرف المعيشة والاستقبال، يدعم التحكم عن بُعد باستخدام الريموت، كما يدعم التحكم عبر تطبيق الهاتف المحمول لمزيد من سهولة الاستخدام. الرمز الداخلي للمنتج: HT-806-APP-CG.
نجف معلق أبيض - HT-807,HT-807-APP-WH,,نجف,قطعة,قطعة,أبيض,440,575,4,نجف معلق بلون أبيض، بتصميم عصري يناسب الصالات وغرف المعيشة والاستقبال، يدعم التحكم عن بُعد باستخدام الريموت، كما يدعم التحكم عبر تطبيق الهاتف المحمول لمزيد من سهولة الاستخدام. الرمز الداخلي للمنتج: HT-807-APP-WH.
نجف معلق - HT-807,HT-807-APP-CG,,نجف,قطعة,قطعة,,530,600,4,نجف معلق، بتصميم عصري يناسب الصالات وغرف المعيشة والاستقبال، يدعم التحكم عن بُعد باستخدام الريموت، كما يدعم التحكم عبر تطبيق الهاتف المحمول لمزيد من سهولة الاستخدام. الرمز الداخلي للمنتج: HT-807-APP-CG.
نجف معلق - HT-807,HT-807-APP-CF,,نجف,قطعة,قطعة,,440,,4,نجف معلق، بتصميم عصري يناسب الصالات وغرف المعيشة والاستقبال، يدعم التحكم عن بُعد باستخدام الريموت، كما يدعم التحكم عبر تطبيق الهاتف المحمول لمزيد من سهولة الاستخدام. الرمز الداخلي للمنتج: HT-807-APP-CF.
نجف معلق أسود - HT-807,HT-807-APP-BK,,نجف,قطعة,قطعة,أسود,440,,4,نجف معلق بلون أسود، بتصميم عصري يناسب الصالات وغرف المعيشة والاستقبال، يدعم التحكم عن بُعد باستخدام الريموت، كما يدعم التحكم عبر تطبيق الهاتف المحمول لمزيد من سهولة الاستخدام. الرمز الداخلي للمنتج: HT-807-APP-BK.
نجف معلق ذهبي - HT-807,HT-807-APP-FGD,,نجف,قطعة,قطعة,ذهبي,600,,4,نجف معلق بلون ذهبي، بتصميم عصري يناسب الصالات وغرف المعيشة والاستقبال، يدعم التحكم عن بُعد باستخدام الريموت، كما يدعم التحكم عبر تطبيق الهاتف المحمول لمزيد من سهولة الاستخدام. الرمز الداخلي للمنتج: HT-807-APP-FGD.
نجف معلق شمبانيا - HT-807,HT-807-APP-CPG,,نجف,قطعة,قطعة,شمبانيا,530,,4,نجف معلق بلون شمبانيا، بتصميم عصري يناسب الصالات وغرف المعيشة والاستقبال، يدعم التحكم عن بُعد باستخدام الريموت، كما يدعم التحكم عبر تطبيق الهاتف المحمول لمزيد من سهولة الاستخدام. الرمز الداخلي للمنتج: HT-807-APP-CPG.
نجف معلق ذهبي - HT-808,HT-808-APP-FGD,,نجف,قطعة,قطعة,ذهبي,625,700,4,نجف معلق بلون ذهبي، بتصميم عصري يناسب الصالات وغرف المعيشة والاستقبال، يدعم التحكم عن بُعد باستخدام الريموت، كما يدعم التحكم عبر تطبيق الهاتف المحمول لمزيد من سهولة الاستخدام. الرمز الداخلي للمنتج: HT-808-APP-FGD.
نجف معلق أسود - HT-809,HT-809-APP-BK,,نجف,قطعة,قطعة,أسود,395,525,4,نجف معلق بلون أسود، بتصميم عصري يناسب الصالات وغرف المعيشة والاستقبال، يدعم التحكم عن بُعد باستخدام الريموت، كما يدعم التحكم عبر تطبيق الهاتف المحمول لمزيد من سهولة الاستخدام. الرمز الداخلي للمنتج: HT-809-APP-BK.
نجف معلق ذهبي - HT-809,HT-809-APP-FGD,,نجف,قطعة,قطعة,ذهبي,530,700,4,نجف معلق بلون ذهبي، بتصميم عصري يناسب الصالات وغرف المعيشة والاستقبال، يدعم التحكم عن بُعد باستخدام الريموت، كما يدعم التحكم عبر تطبيق الهاتف المحمول لمزيد من سهولة الاستخدام. الرمز الداخلي للمنتج: HT-809-APP-FGD.
نجف معلق شمبانيا - HT-809,HT-809-APP-CPG,,نجف,قطعة,قطعة,شمبانيا,460,,4,نجف معلق بلون شمبانيا، بتصميم عصري يناسب الصالات وغرف المعيشة والاستقبال، يدعم التحكم عن بُعد باستخدام الريموت، كما يدعم التحكم عبر تطبيق الهاتف المحمول لمزيد من سهولة الاستخدام. الرمز الداخلي للمنتج: HT-809-APP-CPG.
نجف معلق أبيض - HT-809,HT-809-APP-WH,,نجف,قطعة,قطعة,أبيض,395,475,4,نجف معلق بلون أبيض، بتصميم عصري يناسب الصالات وغرف المعيشة والاستقبال، يدعم التحكم عن بُعد باستخدام الريموت، كما يدعم التحكم عبر تطبيق الهاتف المحمول لمزيد من سهولة الاستخدام. الرمز الداخلي للمنتج: HT-809-APP-WH.
نجف معلق ذهبي - HT-809-G23,HT-809-G23-APP-FGD,,نجف,قطعة,قطعة,ذهبي,570,750,4,نجف معلق بلون ذهبي، بتصميم عصري يناسب الصالات وغرف المعيشة والاستقبال، يدعم التحكم عن بُعد باستخدام الريموت، كما يدعم التحكم عبر تطبيق الهاتف المحمول لمزيد من سهولة الاستخدام. الرمز الداخلي للمنتج: HT-809-G23-APP-FGD.
نجف معلق أسود - HT-809-G23,HT-809-G23-APP-BK,,نجف,قطعة,قطعة,أسود,420,575,4,نجف معلق بلون أسود، بتصميم عصري يناسب الصالات وغرف المعيشة والاستقبال، يدعم التحكم عن بُعد باستخدام الريموت، كما يدعم التحكم عبر تطبيق الهاتف المحمول لمزيد من سهولة الاستخدام. الرمز الداخلي للمنتج: HT-809-G23-APP-BK.
نجف معلق أبيض - HT-809-G23,HT-809-G23-APP-WH,,نجف,قطعة,قطعة,أبيض,420,575,4,نجف معلق بلون أبيض، بتصميم عصري يناسب الصالات وغرف المعيشة والاستقبال، يدعم التحكم عن بُعد باستخدام الريموت، كما يدعم التحكم عبر تطبيق الهاتف المحمول لمزيد من سهولة الاستخدام. الرمز الداخلي للمنتج: HT-809-G23-APP-WH.
نجف معلق أسود - HT-810,HT-810-APP-BK,,نجف,قطعة,قطعة,أسود,475,575,4,نجف معلق بلون أسود، بتصميم عصري يناسب الصالات وغرف المعيشة والاستقبال، يدعم التحكم عن بُعد باستخدام الريموت، كما يدعم التحكم عبر تطبيق الهاتف المحمول لمزيد من سهولة الاستخدام. الرمز الداخلي للمنتج: HT-810-APP-BK.
نجف معلق رمادي/فضي - HT-810,HT-810-APP-GR,,نجف,قطعة,قطعة,رمادي/فضي,475,,4,نجف معلق بلون رمادي/فضي، بتصميم عصري يناسب الصالات وغرف المعيشة والاستقبال، يدعم التحكم عن بُعد باستخدام الريموت، كما يدعم التحكم عبر تطبيق الهاتف المحمول لمزيد من سهولة الاستخدام. الرمز الداخلي للمنتج: HT-810-APP-GR.
نجف معلق ذهبي - HT-811,HT-811-APP-FGD,,نجف,قطعة,قطعة,ذهبي,610,750,4,نجف معلق بلون ذهبي، بتصميم عصري يناسب الصالات وغرف المعيشة والاستقبال، يدعم التحكم عن بُعد باستخدام الريموت، كما يدعم التحكم عبر تطبيق الهاتف المحمول لمزيد من سهولة الاستخدام. الرمز الداخلي للمنتج: HT-811-APP-FGD.
نجف معلق أسود - HT-811,HT-811-APP-BK,,نجف,قطعة,قطعة,أسود,460,635,4,نجف معلق بلون أسود، بتصميم عصري يناسب الصالات وغرف المعيشة والاستقبال، يدعم التحكم عن بُعد باستخدام الريموت، كما يدعم التحكم عبر تطبيق الهاتف المحمول لمزيد من سهولة الاستخدام. الرمز الداخلي للمنتج: HT-811-APP-BK.
نجف معلق أبيض - HT-811,HT-811-APP-WH,,نجف,قطعة,قطعة,أبيض,460,,4,نجف معلق بلون أبيض، بتصميم عصري يناسب الصالات وغرف المعيشة والاستقبال، يدعم التحكم عن بُعد باستخدام الريموت، كما يدعم التحكم عبر تطبيق الهاتف المحمول لمزيد من سهولة الاستخدام. الرمز الداخلي للمنتج: HT-811-APP-WH.
نجف معلق - HT-811,HT-811-APP-CF,,نجف,قطعة,قطعة,,460,575,4,نجف معلق، بتصميم عصري يناسب الصالات وغرف المعيشة والاستقبال، يدعم التحكم عن بُعد باستخدام الريموت، كما يدعم التحكم عبر تطبيق الهاتف المحمول لمزيد من سهولة الاستخدام. الرمز الداخلي للمنتج: HT-811-APP-CF.
نجف معلق ذهبي - HT-812,HT-812-APP-FGD,,نجف,قطعة,قطعة,ذهبي,705,825,4,نجف معلق بلون ذهبي، بتصميم عصري يناسب الصالات وغرف المعيشة والاستقبال، يدعم التحكم عن بُعد باستخدام الريموت، كما يدعم التحكم عبر تطبيق الهاتف المحمول لمزيد من سهولة الاستخدام. الرمز الداخلي للمنتج: HT-812-APP-FGD.
نجف معلق أسود - HT-812,HT-812-APP-BK,,نجف,قطعة,قطعة,أسود,480,635,4,نجف معلق بلون أسود، بتصميم عصري يناسب الصالات وغرف المعيشة والاستقبال، يدعم التحكم عن بُعد باستخدام الريموت، كما يدعم التحكم عبر تطبيق الهاتف المحمول لمزيد من سهولة الاستخدام. الرمز الداخلي للمنتج: HT-812-APP-BK.
نجف معلق أبيض - HT-812,HT-812-APP-WH,,نجف,قطعة,قطعة,أبيض,480,635,4,نجف معلق بلون أبيض، بتصميم عصري يناسب الصالات وغرف المعيشة والاستقبال، يدعم التحكم عن بُعد باستخدام الريموت، كما يدعم التحكم عبر تطبيق الهاتف المحمول لمزيد من سهولة الاستخدام. الرمز الداخلي للمنتج: HT-812-APP-WH.
نجف معلق - HT-812,HT-812-APP-CF,,نجف,قطعة,قطعة,,480,,4,نجف معلق، بتصميم عصري يناسب الصالات وغرف المعيشة والاستقبال، يدعم التحكم عن بُعد باستخدام الريموت، كما يدعم التحكم عبر تطبيق الهاتف المحمول لمزيد من سهولة الاستخدام. الرمز الداخلي للمنتج: HT-812-APP-CF.
نجف معلق شمبانيا - HT-812,HT-812-APP-CPG,,نجف,قطعة,قطعة,شمبانيا,530,635,4,نجف معلق بلون شمبانيا، بتصميم عصري يناسب الصالات وغرف المعيشة والاستقبال، يدعم التحكم عن بُعد باستخدام الريموت، كما يدعم التحكم عبر تطبيق الهاتف المحمول لمزيد من سهولة الاستخدام. الرمز الداخلي للمنتج: HT-812-APP-CPG.
نجف معلق ذهبي - HT-814,HT-814-APP-FGD,,نجف,قطعة,قطعة,ذهبي,775,875,4,نجف معلق بلون ذهبي، بتصميم عصري يناسب الصالات وغرف المعيشة والاستقبال، يدعم التحكم عن بُعد باستخدام الريموت، كما يدعم التحكم عبر تطبيق الهاتف المحمول لمزيد من سهولة الاستخدام. الرمز الداخلي للمنتج: HT-814-APP-FGD.
نجف معلق أبيض - HT-814,HT-814-APP-WH,,نجف,قطعة,قطعة,أبيض,615,725,4,نجف معلق بلون أبيض، بتصميم عصري يناسب الصالات وغرف المعيشة والاستقبال، يدعم التحكم عن بُعد باستخدام الريموت، كما يدعم التحكم عبر تطبيق الهاتف المحمول لمزيد من سهولة الاستخدام. الرمز الداخلي للمنتج: HT-814-APP-WH.
نجف معلق أسود - HT-814,HT-814-APP-BK,,نجف,قطعة,قطعة,أسود,615,725,4,نجف معلق بلون أسود، بتصميم عصري يناسب الصالات وغرف المعيشة والاستقبال، يدعم التحكم عن بُعد باستخدام الريموت، كما يدعم التحكم عبر تطبيق الهاتف المحمول لمزيد من سهولة الاستخدام. الرمز الداخلي للمنتج: HT-814-APP-BK.
نجف معلق أسود - HT-816,HT-816-APP-BK,,نجف,قطعة,قطعة,أسود,540,650,4,نجف معلق بلون أسود، بتصميم عصري يناسب الصالات وغرف المعيشة والاستقبال، يدعم التحكم عن بُعد باستخدام الريموت، كما يدعم التحكم عبر تطبيق الهاتف المحمول لمزيد من سهولة الاستخدام. الرمز الداخلي للمنتج: HT-816-APP-BK.
نجف معلق ذهبي - HT-816,HT-816-APP-FGD,,نجف,قطعة,قطعة,ذهبي,715,750,4,نجف معلق بلون ذهبي، بتصميم عصري يناسب الصالات وغرف المعيشة والاستقبال، يدعم التحكم عن بُعد باستخدام الريموت، كما يدعم التحكم عبر تطبيق الهاتف المحمول لمزيد من سهولة الاستخدام. الرمز الداخلي للمنتج: HT-816-APP-FGD.
نجف معلق أبيض - HT-816,HT-816-APP-WH,,نجف,قطعة,قطعة,أبيض,540,650,4,نجف معلق بلون أبيض، بتصميم عصري يناسب الصالات وغرف المعيشة والاستقبال، يدعم التحكم عن بُعد باستخدام الريموت، كما يدعم التحكم عبر تطبيق الهاتف المحمول لمزيد من سهولة الاستخدام. الرمز الداخلي للمنتج: HT-816-APP-WH.
نجف معلق - HT-817,HT-817-APP-CF,,نجف,قطعة,قطعة,,605,650,4,نجف معلق، بتصميم عصري يناسب الصالات وغرف المعيشة والاستقبال، يدعم التحكم عن بُعد باستخدام الريموت، كما يدعم التحكم عبر تطبيق الهاتف المحمول لمزيد من سهولة الاستخدام. الرمز الداخلي للمنتج: HT-817-APP-CF.
نجف معلق أسود - HT-817,HT-817-APP-BK,,نجف,قطعة,قطعة,أسود,525,650,4,نجف معلق بلون أسود، بتصميم عصري يناسب الصالات وغرف المعيشة والاستقبال، يدعم التحكم عن بُعد باستخدام الريموت، كما يدعم التحكم عبر تطبيق الهاتف المحمول لمزيد من سهولة الاستخدام. الرمز الداخلي للمنتج: HT-817-APP-BK.
نجف معلق أبيض - HT-817,HT-817-APP-WH,,نجف,قطعة,قطعة,أبيض,525,650,4,نجف معلق بلون أبيض، بتصميم عصري يناسب الصالات وغرف المعيشة والاستقبال، يدعم التحكم عن بُعد باستخدام الريموت، كما يدعم التحكم عبر تطبيق الهاتف المحمول لمزيد من سهولة الاستخدام. الرمز الداخلي للمنتج: HT-817-APP-WH.
نجف معلق - HT-817,HT-817-APP-CG,,نجف,قطعة,قطعة,,605,650,4,نجف معلق، بتصميم عصري يناسب الصالات وغرف المعيشة والاستقبال، يدعم التحكم عن بُعد باستخدام الريموت، كما يدعم التحكم عبر تطبيق الهاتف المحمول لمزيد من سهولة الاستخدام. الرمز الداخلي للمنتج: HT-817-APP-CG.
نجف معلق أبيض - HT-820,HT-820-APP-WH,,نجف,قطعة,قطعة,أبيض,540,650,4,نجف معلق بلون أبيض، بتصميم عصري يناسب الصالات وغرف المعيشة والاستقبال، يدعم التحكم عن بُعد باستخدام الريموت، كما يدعم التحكم عبر تطبيق الهاتف المحمول لمزيد من سهولة الاستخدام. الرمز الداخلي للمنتج: HT-820-APP-WH.
نجف معلق أسود - HT-820,HT-820-APP-BK,,نجف,قطعة,قطعة,أسود,540,715,4,نجف معلق بلون أسود، بتصميم عصري يناسب الصالات وغرف المعيشة والاستقبال، يدعم التحكم عن بُعد باستخدام الريموت، كما يدعم التحكم عبر تطبيق الهاتف المحمول لمزيد من سهولة الاستخدام. الرمز الداخلي للمنتج: HT-820-APP-BK.
نجف معلق أبيض - HT-821,HT-821-APP-WH,,نجف,قطعة,قطعة,أبيض,560,650,4,نجف معلق بلون أبيض، بتصميم عصري يناسب الصالات وغرف المعيشة والاستقبال، يدعم التحكم عن بُعد باستخدام الريموت، كما يدعم التحكم عبر تطبيق الهاتف المحمول لمزيد من سهولة الاستخدام. الرمز الداخلي للمنتج: HT-821-APP-WH.
نجف معلق ذهبي - HT-821,HT-821-APP-FGD,,نجف,قطعة,قطعة,ذهبي,725,775,4,نجف معلق بلون ذهبي، بتصميم عصري يناسب الصالات وغرف المعيشة والاستقبال، يدعم التحكم عن بُعد باستخدام الريموت، كما يدعم التحكم عبر تطبيق الهاتف المحمول لمزيد من سهولة الاستخدام. الرمز الداخلي للمنتج: HT-821-APP-FGD.
نجف معلق أسود - HT-821,HT-821-APP-BK,,نجف,قطعة,قطعة,أسود,560,715,4,نجف معلق بلون أسود، بتصميم عصري يناسب الصالات وغرف المعيشة والاستقبال، يدعم التحكم عن بُعد باستخدام الريموت، كما يدعم التحكم عبر تطبيق الهاتف المحمول لمزيد من سهولة الاستخدام. الرمز الداخلي للمنتج: HT-821-APP-BK.
نجف معلق - HT-821,HT-821-APP-CF,,نجف,قطعة,قطعة,,560,675,4,نجف معلق، بتصميم عصري يناسب الصالات وغرف المعيشة والاستقبال، يدعم التحكم عن بُعد باستخدام الريموت، كما يدعم التحكم عبر تطبيق الهاتف المحمول لمزيد من سهولة الاستخدام. الرمز الداخلي للمنتج: HT-821-APP-CF.
نجف معلق ذهبي - HT-823,HT-823-APP-FGD,,نجف,قطعة,قطعة,ذهبي,655,805,4,نجف معلق بلون ذهبي، بتصميم عصري يناسب الصالات وغرف المعيشة والاستقبال، يدعم التحكم عن بُعد باستخدام الريموت، كما يدعم التحكم عبر تطبيق الهاتف المحمول لمزيد من سهولة الاستخدام. الرمز الداخلي للمنتج: HT-823-APP-FGD.
نجف معلق أسود - HT-823,HT-823-APP-BK,,نجف,قطعة,قطعة,أسود,490,665,4,نجف معلق بلون أسود، بتصميم عصري يناسب الصالات وغرف المعيشة والاستقبال، يدعم التحكم عن بُعد باستخدام الريموت، كما يدعم التحكم عبر تطبيق الهاتف المحمول لمزيد من سهولة الاستخدام. الرمز الداخلي للمنتج: HT-823-APP-BK.
نجف معلق أبيض - HT-823,HT-823-APP-WH,,نجف,قطعة,قطعة,أبيض,490,665,4,نجف معلق بلون أبيض، بتصميم عصري يناسب الصالات وغرف المعيشة والاستقبال، يدعم التحكم عن بُعد باستخدام الريموت، كما يدعم التحكم عبر تطبيق الهاتف المحمول لمزيد من سهولة الاستخدام. الرمز الداخلي للمنتج: HT-823-APP-WH.
نجف معلق ذهبي - HT-823-G23,HT-823-G23-APP-FGD,,نجف,قطعة,قطعة,ذهبي,710,825,4,نجف معلق بلون ذهبي، بتصميم عصري يناسب الصالات وغرف المعيشة والاستقبال، يدعم التحكم عن بُعد باستخدام الريموت، كما يدعم التحكم عبر تطبيق الهاتف المحمول لمزيد من سهولة الاستخدام. الرمز الداخلي للمنتج: HT-823-G23-APP-FGD.
نجف معلق ذهبي - HT-824,HT-824-APP-FGD,,نجف,قطعة,قطعة,ذهبي,590,775,4,نجف معلق بلون ذهبي، بتصميم عصري يناسب الصالات وغرف المعيشة والاستقبال، يدعم التحكم عن بُعد باستخدام الريموت، كما يدعم التحكم عبر تطبيق الهاتف المحمول لمزيد من سهولة الاستخدام. الرمز الداخلي للمنتج: HT-824-APP-FGD.
نجف معلق - HT-824,HT-824-APP-CF,,نجف,قطعة,قطعة,,455,,4,نجف معلق، بتصميم عصري يناسب الصالات وغرف المعيشة والاستقبال، يدعم التحكم عن بُعد باستخدام الريموت، كما يدعم التحكم عبر تطبيق الهاتف المحمول لمزيد من سهولة الاستخدام. الرمز الداخلي للمنتج: HT-824-APP-CF.
نجف معلق شمبانيا - HT-824,HT-824-APP-CPG,,نجف,قطعة,قطعة,شمبانيا,505,,4,نجف معلق بلون شمبانيا، بتصميم عصري يناسب الصالات وغرف المعيشة والاستقبال، يدعم التحكم عن بُعد باستخدام الريموت، كما يدعم التحكم عبر تطبيق الهاتف المحمول لمزيد من سهولة الاستخدام. الرمز الداخلي للمنتج: HT-824-APP-CPG.
نجف معلق ذهبي - HT-825,HT-825-APP-FGD,,نجف,قطعة,قطعة,ذهبي,540,700,4,نجف معلق بلون ذهبي، بتصميم عصري يناسب الصالات وغرف المعيشة والاستقبال، يدعم التحكم عن بُعد باستخدام الريموت، كما يدعم التحكم عبر تطبيق الهاتف المحمول لمزيد من سهولة الاستخدام. الرمز الداخلي للمنتج: HT-825-APP-FGD.
نجف معلق ذهبي - HT-826,HT-826-APP-FGD,,نجف,قطعة,قطعة,ذهبي,705,825,4,نجف معلق بلون ذهبي، بتصميم عصري يناسب الصالات وغرف المعيشة والاستقبال، يدعم التحكم عن بُعد باستخدام الريموت، كما يدعم التحكم عبر تطبيق الهاتف المحمول لمزيد من سهولة الاستخدام. الرمز الداخلي للمنتج: HT-826-APP-FGD.
نجف معلق ذهبي - HT-827,HT-827-APP-FGD,,نجف,قطعة,قطعة,ذهبي,610,775,4,نجف معلق بلون ذهبي، بتصميم عصري يناسب الصالات وغرف المعيشة والاستقبال، يدعم التحكم عن بُعد باستخدام الريموت، كما يدعم التحكم عبر تطبيق الهاتف المحمول لمزيد من سهولة الاستخدام. الرمز الداخلي للمنتج: HT-827-APP-FGD.
نجف معلق أسود - HT-827,HT-827-APP-BK,,نجف,قطعة,قطعة,أسود,525,575,4,نجف معلق بلون أسود، بتصميم عصري يناسب الصالات وغرف المعيشة والاستقبال، يدعم التحكم عن بُعد باستخدام الريموت، كما يدعم التحكم عبر تطبيق الهاتف المحمول لمزيد من سهولة الاستخدام. الرمز الداخلي للمنتج: HT-827-APP-BK.
نجف معلق أبيض - HT-827,HT-827-APP-WH,,نجف,قطعة,قطعة,أبيض,525,635,4,نجف معلق بلون أبيض، بتصميم عصري يناسب الصالات وغرف المعيشة والاستقبال، يدعم التحكم عن بُعد باستخدام الريموت، كما يدعم التحكم عبر تطبيق الهاتف المحمول لمزيد من سهولة الاستخدام. الرمز الداخلي للمنتج: HT-827-APP-WH.
نجف معلق أسود - HT-828,HT-828-APP-BK,,نجف,قطعة,قطعة,أسود,475,575,4,نجف معلق بلون أسود، بتصميم عصري يناسب الصالات وغرف المعيشة والاستقبال، يدعم التحكم عن بُعد باستخدام الريموت، كما يدعم التحكم عبر تطبيق الهاتف المحمول لمزيد من سهولة الاستخدام. الرمز الداخلي للمنتج: HT-828-APP-BK.
نجف معلق أبيض - HT-828,HT-828-APP-WH,,نجف,قطعة,قطعة,أبيض,475,475,4,نجف معلق بلون أبيض، بتصميم عصري يناسب الصالات وغرف المعيشة والاستقبال، يدعم التحكم عن بُعد باستخدام الريموت، كما يدعم التحكم عبر تطبيق الهاتف المحمول لمزيد من سهولة الاستخدام. الرمز الداخلي للمنتج: HT-828-APP-WH.
نجف معلق ذهبي - HT-828,HT-828-APP-FGD,,نجف,قطعة,قطعة,ذهبي,565,715,4,نجف معلق بلون ذهبي، بتصميم عصري يناسب الصالات وغرف المعيشة والاستقبال، يدعم التحكم عن بُعد باستخدام الريموت، كما يدعم التحكم عبر تطبيق الهاتف المحمول لمزيد من سهولة الاستخدام. الرمز الداخلي للمنتج: HT-828-APP-FGD.
نجف معلق - HT-828,HT-828-APP-CF,,نجف,قطعة,قطعة,,475,,4,نجف معلق، بتصميم عصري يناسب الصالات وغرف المعيشة والاستقبال، يدعم التحكم عن بُعد باستخدام الريموت، كما يدعم التحكم عبر تطبيق الهاتف المحمول لمزيد من سهولة الاستخدام. الرمز الداخلي للمنتج: HT-828-APP-CF.
نجف معلق ذهبي - HT-828-C12,HT-828-C12-APP-FGD,,نجف,قطعة,قطعة,ذهبي,,750,4,نجف معلق بلون ذهبي، بتصميم عصري يناسب الصالات وغرف المعيشة والاستقبال، يدعم التحكم عن بُعد باستخدام الريموت، كما يدعم التحكم عبر تطبيق الهاتف المحمول لمزيد من سهولة الاستخدام. الرمز الداخلي للمنتج: HT-828-C12-APP-FGD.
نجف معلق أبيض - HT-830,HT-830-APP-WH,,نجف,قطعة,قطعة,أبيض,480,575,4,نجف معلق بلون أبيض، بتصميم عصري يناسب الصالات وغرف المعيشة والاستقبال، يدعم التحكم عن بُعد باستخدام الريموت، كما يدعم التحكم عبر تطبيق الهاتف المحمول لمزيد من سهولة الاستخدام. الرمز الداخلي للمنتج: HT-830-APP-WH.
نجف معلق ذهبي - HT-830,HT-830-APP-FGD,,نجف,قطعة,قطعة,ذهبي,605,750,4,نجف معلق بلون ذهبي، بتصميم عصري يناسب الصالات وغرف المعيشة والاستقبال، يدعم التحكم عن بُعد باستخدام الريموت، كما يدعم التحكم عبر تطبيق الهاتف المحمول لمزيد من سهولة الاستخدام. الرمز الداخلي للمنتج: HT-830-APP-FGD.
نجف معلق أسود - HT-830,HT-830-APP-BK,,نجف,قطعة,قطعة,أسود,480,650,4,نجف معلق بلون أسود، بتصميم عصري يناسب الصالات وغرف المعيشة والاستقبال، يدعم التحكم عن بُعد باستخدام الريموت، كما يدعم التحكم عبر تطبيق الهاتف المحمول لمزيد من سهولة الاستخدام. الرمز الداخلي للمنتج: HT-830-APP-BK.
نجف معلق - HT-830,HT-830-APP-CF,,نجف,قطعة,قطعة,,480,575,4,نجف معلق، بتصميم عصري يناسب الصالات وغرف المعيشة والاستقبال، يدعم التحكم عن بُعد باستخدام الريموت، كما يدعم التحكم عبر تطبيق الهاتف المحمول لمزيد من سهولة الاستخدام. الرمز الداخلي للمنتج: HT-830-APP-CF.
نجف معلق ذهبي - HT-831,HT-831-APP-FGD,,نجف,قطعة,قطعة,ذهبي,1065,1175,4,نجف معلق بلون ذهبي، بتصميم عصري يناسب الصالات وغرف المعيشة والاستقبال، يدعم التحكم عن بُعد باستخدام الريموت، كما يدعم التحكم عبر تطبيق الهاتف المحمول لمزيد من سهولة الاستخدام. الرمز الداخلي للمنتج: HT-831-APP-FGD.
نجف معلق ذهبي - HT-832,HT-832-APP-FGD,,نجف,قطعة,قطعة,ذهبي,975,,4,نجف معلق بلون ذهبي، بتصميم عصري يناسب الصالات وغرف المعيشة والاستقبال، يدعم التحكم عن بُعد باستخدام الريموت، كما يدعم التحكم عبر تطبيق الهاتف المحمول لمزيد من سهولة الاستخدام. الرمز الداخلي للمنتج: HT-832-APP-FGD.
نجف معلق أبيض - HT-832,HT-832-APP-WH,,نجف,قطعة,قطعة,أبيض,625,,4,نجف معلق بلون أبيض، بتصميم عصري يناسب الصالات وغرف المعيشة والاستقبال، يدعم التحكم عن بُعد باستخدام الريموت، كما يدعم التحكم عبر تطبيق الهاتف المحمول لمزيد من سهولة الاستخدام. الرمز الداخلي للمنتج: HT-832-APP-WH.
نجف معلق أبيض - HT-834,HT-834-APP-WH,,نجف,قطعة,قطعة,أبيض,475,650,4,نجف معلق بلون أبيض، بتصميم عصري يناسب الصالات وغرف المعيشة والاستقبال، يدعم التحكم عن بُعد باستخدام الريموت، كما يدعم التحكم عبر تطبيق الهاتف المحمول لمزيد من سهولة الاستخدام. الرمز الداخلي للمنتج: HT-834-APP-WH.
نجف معلق شمبانيا - HT-834,HT-834-APP-CPG,,نجف,قطعة,قطعة,شمبانيا,525,,4,نجف معلق بلون شمبانيا، بتصميم عصري يناسب الصالات وغرف المعيشة والاستقبال، يدعم التحكم عن بُعد باستخدام الريموت، كما يدعم التحكم عبر تطبيق الهاتف المحمول لمزيد من سهولة الاستخدام. الرمز الداخلي للمنتج: HT-834-APP-CPG.
نجف معلق ذهبي - HT-834,HT-834-APP-FGD,,نجف,قطعة,قطعة,ذهبي,605,750,4,نجف معلق بلون ذهبي، بتصميم عصري يناسب الصالات وغرف المعيشة والاستقبال، يدعم التحكم عن بُعد باستخدام الريموت، كما يدعم التحكم عبر تطبيق الهاتف المحمول لمزيد من سهولة الاستخدام. الرمز الداخلي للمنتج: HT-834-APP-FGD.
نجف معلق ذهبي - HT-835,HT-835-APP-FGD,,نجف,قطعة,قطعة,ذهبي,625,775,4,نجف معلق بلون ذهبي، بتصميم عصري يناسب الصالات وغرف المعيشة والاستقبال، يدعم التحكم عن بُعد باستخدام الريموت، كما يدعم التحكم عبر تطبيق الهاتف المحمول لمزيد من سهولة الاستخدام. الرمز الداخلي للمنتج: HT-835-APP-FGD.
نجف معلق أسود - HT-835,HT-835-APP-BK,,نجف,قطعة,قطعة,أسود,495,650,4,نجف معلق بلون أسود، بتصميم عصري يناسب الصالات وغرف المعيشة والاستقبال، يدعم التحكم عن بُعد باستخدام الريموت، كما يدعم التحكم عبر تطبيق الهاتف المحمول لمزيد من سهولة الاستخدام. الرمز الداخلي للمنتج: HT-835-APP-BK.
نجف معلق شمبانيا - HT-835,HT-835-APP-CPG,,نجف,قطعة,قطعة,شمبانيا,550,,4,نجف معلق بلون شمبانيا، بتصميم عصري يناسب الصالات وغرف المعيشة والاستقبال، يدعم التحكم عن بُعد باستخدام الريموت، كما يدعم التحكم عبر تطبيق الهاتف المحمول لمزيد من سهولة الاستخدام. الرمز الداخلي للمنتج: HT-835-APP-CPG.
نجف معلق أبيض - HT-835,HT-835-APP-WH,,نجف,قطعة,قطعة,أبيض,495,650,4,نجف معلق بلون أبيض، بتصميم عصري يناسب الصالات وغرف المعيشة والاستقبال، يدعم التحكم عن بُعد باستخدام الريموت، كما يدعم التحكم عبر تطبيق الهاتف المحمول لمزيد من سهولة الاستخدام. الرمز الداخلي للمنتج: HT-835-APP-WH.
نجف معلق أسود - HT-835-C10,HT-835-C10-APP-BK,,نجف,قطعة,قطعة,أسود,495,,4,نجف معلق بلون أسود، بتصميم عصري يناسب الصالات وغرف المعيشة والاستقبال، يدعم التحكم عن بُعد باستخدام الريموت، كما يدعم التحكم عبر تطبيق الهاتف المحمول لمزيد من سهولة الاستخدام. الرمز الداخلي للمنتج: HT-835-C10-APP-BK.
نجف معلق شمبانيا - HT-835-C10,HT-835-C10-APP-CPG,,نجف,قطعة,قطعة,شمبانيا,550,,4,نجف معلق بلون شمبانيا، بتصميم عصري يناسب الصالات وغرف المعيشة والاستقبال، يدعم التحكم عن بُعد باستخدام الريموت، كما يدعم التحكم عبر تطبيق الهاتف المحمول لمزيد من سهولة الاستخدام. الرمز الداخلي للمنتج: HT-835-C10-APP-CPG.
نجف معلق أبيض - HT-835-C10,HT-835-C10-APP-WH,,نجف,قطعة,قطعة,أبيض,495,,4,نجف معلق بلون أبيض، بتصميم عصري يناسب الصالات وغرف المعيشة والاستقبال، يدعم التحكم عن بُعد باستخدام الريموت، كما يدعم التحكم عبر تطبيق الهاتف المحمول لمزيد من سهولة الاستخدام. الرمز الداخلي للمنتج: HT-835-C10-APP-WH.
نجف معلق ذهبي - HT-835-C10,HT-835-C10-APP-FGD,,نجف,قطعة,قطعة,ذهبي,625,775,4,نجف معلق بلون ذهبي، بتصميم عصري يناسب الصالات وغرف المعيشة والاستقبال، يدعم التحكم عن بُعد باستخدام الريموت، كما يدعم التحكم عبر تطبيق الهاتف المحمول لمزيد من سهولة الاستخدام. الرمز الداخلي للمنتج: HT-835-C10-APP-FGD.
نجف معلق ذهبي - HT-836,HT-836-APP-FGD,,نجف,قطعة,قطعة,ذهبي,710,850,4,نجف معلق بلون ذهبي، بتصميم عصري يناسب الصالات وغرف المعيشة والاستقبال، يدعم التحكم عن بُعد باستخدام الريموت، كما يدعم التحكم عبر تطبيق الهاتف المحمول لمزيد من سهولة الاستخدام. الرمز الداخلي للمنتج: HT-836-APP-FGD.
نجف معلق ذهبي - HT-838,HT-838-APP-FGD,,نجف,قطعة,قطعة,ذهبي,1060,1175,4,نجف معلق بلون ذهبي، بتصميم عصري يناسب الصالات وغرف المعيشة والاستقبال، يدعم التحكم عن بُعد باستخدام الريموت، كما يدعم التحكم عبر تطبيق الهاتف المحمول لمزيد من سهولة الاستخدام. الرمز الداخلي للمنتج: HT-838-APP-FGD.
نجف معلق ذهبي - HT-839,HT-839-APP-FGD,,نجف,قطعة,قطعة,ذهبي,1275,1325,4,نجف معلق بلون ذهبي، بتصميم عصري يناسب الصالات وغرف المعيشة والاستقبال، يدعم التحكم عن بُعد باستخدام الريموت، كما يدعم التحكم عبر تطبيق الهاتف المحمول لمزيد من سهولة الاستخدام. الرمز الداخلي للمنتج: HT-839-APP-FGD.
نجف معلق أبيض - HT-839,HT-839-APP-WH,,نجف,قطعة,قطعة,أبيض,1150,1200,4,نجف معلق بلون أبيض، بتصميم عصري يناسب الصالات وغرف المعيشة والاستقبال، يدعم التحكم عن بُعد باستخدام الريموت، كما يدعم التحكم عبر تطبيق الهاتف المحمول لمزيد من سهولة الاستخدام. الرمز الداخلي للمنتج: HT-839-APP-WH.
نجف معلق أسود - HT-839,HT-839-APP-BK,,نجف,قطعة,قطعة,أسود,995,1200,4,نجف معلق بلون أسود، بتصميم عصري يناسب الصالات وغرف المعيشة والاستقبال، يدعم التحكم عن بُعد باستخدام الريموت، كما يدعم التحكم عبر تطبيق الهاتف المحمول لمزيد من سهولة الاستخدام. الرمز الداخلي للمنتج: HT-839-APP-BK.
نجف معلق أسود - HT-840,HT-840-APP-BK,,نجف,قطعة,قطعة,أسود,680,800,4,نجف معلق بلون أسود، بتصميم عصري يناسب الصالات وغرف المعيشة والاستقبال، يدعم التحكم عن بُعد باستخدام الريموت، كما يدعم التحكم عبر تطبيق الهاتف المحمول لمزيد من سهولة الاستخدام. الرمز الداخلي للمنتج: HT-840-APP-BK.
نجف معلق أبيض - HT-840,HT-840-APP-WH,,نجف,قطعة,قطعة,أبيض,680,800,4,نجف معلق بلون أبيض، بتصميم عصري يناسب الصالات وغرف المعيشة والاستقبال، يدعم التحكم عن بُعد باستخدام الريموت، كما يدعم التحكم عبر تطبيق الهاتف المحمول لمزيد من سهولة الاستخدام. الرمز الداخلي للمنتج: HT-840-APP-WH.
نجف معلق ذهبي - HT-840,HT-840-APP-FGD,,نجف,قطعة,قطعة,ذهبي,880,900,4,نجف معلق بلون ذهبي، بتصميم عصري يناسب الصالات وغرف المعيشة والاستقبال، يدعم التحكم عن بُعد باستخدام الريموت، كما يدعم التحكم عبر تطبيق الهاتف المحمول لمزيد من سهولة الاستخدام. الرمز الداخلي للمنتج: HT-840-APP-FGD.
نجف معلق ذهبي - HT-840-G23,HT-840-G23-APP-FGD,,نجف,قطعة,قطعة,ذهبي,800,900,4,نجف معلق بلون ذهبي، بتصميم عصري يناسب الصالات وغرف المعيشة والاستقبال، يدعم التحكم عن بُعد باستخدام الريموت، كما يدعم التحكم عبر تطبيق الهاتف المحمول لمزيد من سهولة الاستخدام. الرمز الداخلي للمنتج: HT-840-G23-APP-FGD.
نجف معلق أبيض - HT-841,HT-841-APP-WH,,نجف,قطعة,قطعة,أبيض,595,700,4,نجف معلق بلون أبيض، بتصميم عصري يناسب الصالات وغرف المعيشة والاستقبال، يدعم التحكم عن بُعد باستخدام الريموت، كما يدعم التحكم عبر تطبيق الهاتف المحمول لمزيد من سهولة الاستخدام. الرمز الداخلي للمنتج: HT-841-APP-WH.
نجف معلق أسود - HT-841,HT-841-APP-BK,,نجف,قطعة,قطعة,أسود,595,700,4,نجف معلق بلون أسود، بتصميم عصري يناسب الصالات وغرف المعيشة والاستقبال، يدعم التحكم عن بُعد باستخدام الريموت، كما يدعم التحكم عبر تطبيق الهاتف المحمول لمزيد من سهولة الاستخدام. الرمز الداخلي للمنتج: HT-841-APP-BK.
نجف معلق ذهبي - HT-841,HT-841-APP-FGD,,نجف,قطعة,قطعة,ذهبي,810,950,4,نجف معلق بلون ذهبي، بتصميم عصري يناسب الصالات وغرف المعيشة والاستقبال، يدعم التحكم عن بُعد باستخدام الريموت، كما يدعم التحكم عبر تطبيق الهاتف المحمول لمزيد من سهولة الاستخدام. الرمز الداخلي للمنتج: HT-841-APP-FGD.
نجف معلق ذهبي - HT-842,HT-842-APP-FGD,,نجف,قطعة,قطعة,ذهبي,815,900,4,نجف معلق بلون ذهبي، بتصميم عصري يناسب الصالات وغرف المعيشة والاستقبال، يدعم التحكم عن بُعد باستخدام الريموت، كما يدعم التحكم عبر تطبيق الهاتف المحمول لمزيد من سهولة الاستخدام. الرمز الداخلي للمنتج: HT-842-APP-FGD.
نجف معلق أسود - HT-842,HT-842-APP-BK,,نجف,قطعة,قطعة,أسود,705,800,4,نجف معلق بلون أسود، بتصميم عصري يناسب الصالات وغرف المعيشة والاستقبال، يدعم التحكم عن بُعد باستخدام الريموت، كما يدعم التحكم عبر تطبيق الهاتف المحمول لمزيد من سهولة الاستخدام. الرمز الداخلي للمنتج: HT-842-APP-BK.
نجف معلق أسود - HT-843,HT-843-APP-BK,,نجف,قطعة,قطعة,أسود,900,1075,4,نجف معلق بلون أسود، بتصميم عصري يناسب الصالات وغرف المعيشة والاستقبال، يدعم التحكم عن بُعد باستخدام الريموت، كما يدعم التحكم عبر تطبيق الهاتف المحمول لمزيد من سهولة الاستخدام. الرمز الداخلي للمنتج: HT-843-APP-BK.
نجف معلق ذهبي - HT-843,HT-843-APP-FGD,,نجف,قطعة,قطعة,ذهبي,1070,1175,4,نجف معلق بلون ذهبي، بتصميم عصري يناسب الصالات وغرف المعيشة والاستقبال، يدعم التحكم عن بُعد باستخدام الريموت، كما يدعم التحكم عبر تطبيق الهاتف المحمول لمزيد من سهولة الاستخدام. الرمز الداخلي للمنتج: HT-843-APP-FGD.
نجف معلق أبيض - HT-843,HT-843-APP-WH,,نجف,قطعة,قطعة,أبيض,900,1075,4,نجف معلق بلون أبيض، بتصميم عصري يناسب الصالات وغرف المعيشة والاستقبال، يدعم التحكم عن بُعد باستخدام الريموت، كما يدعم التحكم عبر تطبيق الهاتف المحمول لمزيد من سهولة الاستخدام. الرمز الداخلي للمنتج: HT-843-APP-WH.
نجف معلق ذهبي - HT-844,HT-844-APP-FGD,,نجف,قطعة,قطعة,ذهبي,1160,1460,4,نجف معلق بلون ذهبي، بتصميم عصري يناسب الصالات وغرف المعيشة والاستقبال، يدعم التحكم عن بُعد باستخدام الريموت، كما يدعم التحكم عبر تطبيق الهاتف المحمول لمزيد من سهولة الاستخدام. الرمز الداخلي للمنتج: HT-844-APP-FGD.
نجف معلق أبيض - HT-844,HT-844-APP-WH,,نجف,قطعة,قطعة,أبيض,1030,1320,4,نجف معلق بلون أبيض، بتصميم عصري يناسب الصالات وغرف المعيشة والاستقبال، يدعم التحكم عن بُعد باستخدام الريموت، كما يدعم التحكم عبر تطبيق الهاتف المحمول لمزيد من سهولة الاستخدام. الرمز الداخلي للمنتج: HT-844-APP-WH.
نجف معلق أسود - HT-844,HT-844-APP-BK,,نجف,قطعة,قطعة,أسود,1030,1320,4,نجف معلق بلون أسود، بتصميم عصري يناسب الصالات وغرف المعيشة والاستقبال، يدعم التحكم عن بُعد باستخدام الريموت، كما يدعم التحكم عبر تطبيق الهاتف المحمول لمزيد من سهولة الاستخدام. الرمز الداخلي للمنتج: HT-844-APP-BK.
نجف معلق أسود - HT-845,HT-845-APP-BK,,نجف,قطعة,قطعة,أسود,660,950,4,نجف معلق بلون أسود، بتصميم عصري يناسب الصالات وغرف المعيشة والاستقبال، يدعم التحكم عن بُعد باستخدام الريموت، كما يدعم التحكم عبر تطبيق الهاتف المحمول لمزيد من سهولة الاستخدام. الرمز الداخلي للمنتج: HT-845-APP-BK.
نجف معلق ذهبي - HT-845,HT-845-APP-FGD,,نجف,قطعة,قطعة,ذهبي,830,1050,4,نجف معلق بلون ذهبي، بتصميم عصري يناسب الصالات وغرف المعيشة والاستقبال، يدعم التحكم عن بُعد باستخدام الريموت، كما يدعم التحكم عبر تطبيق الهاتف المحمول لمزيد من سهولة الاستخدام. الرمز الداخلي للمنتج: HT-845-APP-FGD.
نجف معلق أبيض - HT-845,HT-845-APP-WH,,نجف,قطعة,قطعة,أبيض,660,950,4,نجف معلق بلون أبيض، بتصميم عصري يناسب الصالات وغرف المعيشة والاستقبال، يدعم التحكم عن بُعد باستخدام الريموت، كما يدعم التحكم عبر تطبيق الهاتف المحمول لمزيد من سهولة الاستخدام. الرمز الداخلي للمنتج: HT-845-APP-WH.
نجف معلق أبيض - HT-846,HT-846-APP-WH,,نجف,قطعة,قطعة,أبيض,715,825,4,نجف معلق بلون أبيض، بتصميم عصري يناسب الصالات وغرف المعيشة والاستقبال، يدعم التحكم عن بُعد باستخدام الريموت، كما يدعم التحكم عبر تطبيق الهاتف المحمول لمزيد من سهولة الاستخدام. الرمز الداخلي للمنتج: HT-846-APP-WH.
نجف معلق أسود - HT-846,HT-846-APP-BK,,نجف,قطعة,قطعة,أسود,715,825,4,نجف معلق بلون أسود، بتصميم عصري يناسب الصالات وغرف المعيشة والاستقبال، يدعم التحكم عن بُعد باستخدام الريموت، كما يدعم التحكم عبر تطبيق الهاتف المحمول لمزيد من سهولة الاستخدام. الرمز الداخلي للمنتج: HT-846-APP-BK.
نجف معلق ذهبي - HT-846,HT-846-APP-FGD,,نجف,قطعة,قطعة,ذهبي,815,,4,نجف معلق بلون ذهبي، بتصميم عصري يناسب الصالات وغرف المعيشة والاستقبال، يدعم التحكم عن بُعد باستخدام الريموت، كما يدعم التحكم عبر تطبيق الهاتف المحمول لمزيد من سهولة الاستخدام. الرمز الداخلي للمنتج: HT-846-APP-FGD.
نجف معلق شمبانيا - HT-846,HT-846-APP-CPG,,نجف,قطعة,قطعة,شمبانيا,750,,4,نجف معلق بلون شمبانيا، بتصميم عصري يناسب الصالات وغرف المعيشة والاستقبال، يدعم التحكم عن بُعد باستخدام الريموت، كما يدعم التحكم عبر تطبيق الهاتف المحمول لمزيد من سهولة الاستخدام. الرمز الداخلي للمنتج: HT-846-APP-CPG.
نجف معلق ذهبي - HT-848,HT-848-APP-FGD,,نجف,قطعة,قطعة,ذهبي,300,350,4,نجف معلق بلون ذهبي، بتصميم عصري يناسب الصالات وغرف المعيشة والاستقبال، يدعم التحكم عن بُعد باستخدام الريموت، كما يدعم التحكم عبر تطبيق الهاتف المحمول لمزيد من سهولة الاستخدام. الرمز الداخلي للمنتج: HT-848-APP-FGD.
نجف معلق أسود - HT-848-G33,HT-848-G33-BK,,نجف,قطعة,قطعة,أسود,245,375,4,نجف معلق بلون أسود، بتصميم عصري يناسب الصالات وغرف المعيشة والاستقبال. الرمز الداخلي للمنتج: HT-848-G33-BK.
نجف معلق أبيض - HT-848-G33,HT-848-G33-WH,,نجف,قطعة,قطعة,أبيض,245,375,4,نجف معلق بلون أبيض، بتصميم عصري يناسب الصالات وغرف المعيشة والاستقبال. الرمز الداخلي للمنتج: HT-848-G33-WH.
نجف معلق - HT-848-G33,HT-848-G33-CF,,نجف,قطعة,قطعة,,245,375,4,نجف معلق، بتصميم عصري يناسب الصالات وغرف المعيشة والاستقبال. الرمز الداخلي للمنتج: HT-848-G33-CF.
نجف معلق ذهبي - HT-848-G33,HT-848-G33-FGD,,نجف,قطعة,قطعة,ذهبي,300,425,4,نجف معلق بلون ذهبي، بتصميم عصري يناسب الصالات وغرف المعيشة والاستقبال. الرمز الداخلي للمنتج: HT-848-G33-FGD.
نجف معلق ذهبي - HT-849,HT-849-APP-FGD,,نجف,قطعة,قطعة,ذهبي,695,750,4,نجف معلق بلون ذهبي، بتصميم عصري يناسب الصالات وغرف المعيشة والاستقبال، يدعم التحكم عن بُعد باستخدام الريموت، كما يدعم التحكم عبر تطبيق الهاتف المحمول لمزيد من سهولة الاستخدام. الرمز الداخلي للمنتج: HT-849-APP-FGD.
نجف معلق أسود - HT-849,HT-849-APP-BK,,نجف,قطعة,قطعة,أسود,485,700,4,نجف معلق بلون أسود، بتصميم عصري يناسب الصالات وغرف المعيشة والاستقبال، يدعم التحكم عن بُعد باستخدام الريموت، كما يدعم التحكم عبر تطبيق الهاتف المحمول لمزيد من سهولة الاستخدام. الرمز الداخلي للمنتج: HT-849-APP-BK.
نجف معلق أبيض - HT-849,HT-849-APP-WH,,نجف,قطعة,قطعة,أبيض,485,650,4,نجف معلق بلون أبيض، بتصميم عصري يناسب الصالات وغرف المعيشة والاستقبال، يدعم التحكم عن بُعد باستخدام الريموت، كما يدعم التحكم عبر تطبيق الهاتف المحمول لمزيد من سهولة الاستخدام. الرمز الداخلي للمنتج: HT-849-APP-WH.
نجف معلق ذهبي - HT-849-G33,HT-849-G33-APP-FGD,,نجف,قطعة,قطعة,ذهبي,720,850,4,نجف معلق بلون ذهبي، بتصميم عصري يناسب الصالات وغرف المعيشة والاستقبال، يدعم التحكم عن بُعد باستخدام الريموت، كما يدعم التحكم عبر تطبيق الهاتف المحمول لمزيد من سهولة الاستخدام. الرمز الداخلي للمنتج: HT-849-G33-APP-FGD.
نجف معلق أسود - HT-849-G33,HT-849-G33-APP-BK,,نجف,قطعة,قطعة,أسود,545,700,4,نجف معلق بلون أسود، بتصميم عصري يناسب الصالات وغرف المعيشة والاستقبال، يدعم التحكم عن بُعد باستخدام الريموت، كما يدعم التحكم عبر تطبيق الهاتف المحمول لمزيد من سهولة الاستخدام. الرمز الداخلي للمنتج: HT-849-G33-APP-BK.
نجف معلق أبيض - HT-849-G33,HT-849-G33-APP-WH,,نجف,قطعة,قطعة,أبيض,545,650,4,نجف معلق بلون أبيض، بتصميم عصري يناسب الصالات وغرف المعيشة والاستقبال، يدعم التحكم عن بُعد باستخدام الريموت، كما يدعم التحكم عبر تطبيق الهاتف المحمول لمزيد من سهولة الاستخدام. الرمز الداخلي للمنتج: HT-849-G33-APP-WH.
نجف معلق أبيض - HT-849-G35,HT-849-G35-APP-WH,,نجف,قطعة,قطعة,أبيض,545,,4,نجف معلق بلون أبيض، بتصميم عصري يناسب الصالات وغرف المعيشة والاستقبال، يدعم التحكم عن بُعد باستخدام الريموت، كما يدعم التحكم عبر تطبيق الهاتف المحمول لمزيد من سهولة الاستخدام. الرمز الداخلي للمنتج: HT-849-G35-APP-WH.
نجف معلق ذهبي - HT-849-G40,HT-849-G40-APP-FGD,,نجف,قطعة,قطعة,ذهبي,720,,4,نجف معلق بلون ذهبي، بتصميم عصري يناسب الصالات وغرف المعيشة والاستقبال، يدعم التحكم عن بُعد باستخدام الريموت، كما يدعم التحكم عبر تطبيق الهاتف المحمول لمزيد من سهولة الاستخدام. الرمز الداخلي للمنتج: HT-849-G40-APP-FGD.
نجف معلق أسود - HT-850-G33,HT-850-G33-BK,,نجف,قطعة,قطعة,أسود,320,425,4,نجف معلق بلون أسود، بتصميم عصري يناسب الصالات وغرف المعيشة والاستقبال. الرمز الداخلي للمنتج: HT-850-G33-BK.
نجف معلق أبيض - HT-850-G33,HT-850-G33-WH,,نجف,قطعة,قطعة,أبيض,320,425,4,نجف معلق بلون أبيض، بتصميم عصري يناسب الصالات وغرف المعيشة والاستقبال. الرمز الداخلي للمنتج: HT-850-G33-WH.
نجف معلق ذهبي - HT-850-G33,HT-850-G33-FGD,,نجف,قطعة,قطعة,ذهبي,385,475,4,نجف معلق بلون ذهبي، بتصميم عصري يناسب الصالات وغرف المعيشة والاستقبال. الرمز الداخلي للمنتج: HT-850-G33-FGD.
نجف معلق - HT-850-G33,HT-850-G33-CF,,نجف,قطعة,قطعة,,320,425,4,نجف معلق، بتصميم عصري يناسب الصالات وغرف المعيشة والاستقبال. الرمز الداخلي للمنتج: HT-850-G33-CF.
نجف معلق أسود - HT-850,HT-850-BK,,نجف,قطعة,قطعة,أسود,320,425,4,نجف معلق بلون أسود، بتصميم عصري يناسب الصالات وغرف المعيشة والاستقبال. الرمز الداخلي للمنتج: HT-850-BK.
نجف معلق - HT-850,HT-850-CF,,نجف,قطعة,قطعة,,320,425,4,نجف معلق، بتصميم عصري يناسب الصالات وغرف المعيشة والاستقبال. الرمز الداخلي للمنتج: HT-850-CF.
نجف معلق ذهبي - HT-850,HT-850-FGD,,نجف,قطعة,قطعة,ذهبي,385,475,4,نجف معلق بلون ذهبي، بتصميم عصري يناسب الصالات وغرف المعيشة والاستقبال. الرمز الداخلي للمنتج: HT-850-FGD.
نجف معلق ذهبي - HT-852-G33,HT-852-G33-APP-FGD,,نجف,قطعة,قطعة,ذهبي,650,825,4,نجف معلق بلون ذهبي، بتصميم عصري يناسب الصالات وغرف المعيشة والاستقبال، يدعم التحكم عن بُعد باستخدام الريموت، كما يدعم التحكم عبر تطبيق الهاتف المحمول لمزيد من سهولة الاستخدام. الرمز الداخلي للمنتج: HT-852-G33-APP-FGD.
نجف معلق أسود - HT-852-G33,HT-852-G33-APP-BK,,نجف,قطعة,قطعة,أسود,495,750,4,نجف معلق بلون أسود، بتصميم عصري يناسب الصالات وغرف المعيشة والاستقبال، يدعم التحكم عن بُعد باستخدام الريموت، كما يدعم التحكم عبر تطبيق الهاتف المحمول لمزيد من سهولة الاستخدام. الرمز الداخلي للمنتج: HT-852-G33-APP-BK.
نجف معلق أبيض - HT-852-G33,HT-852-G33-APP-WH,,نجف,قطعة,قطعة,أبيض,495,750,4,نجف معلق بلون أبيض، بتصميم عصري يناسب الصالات وغرف المعيشة والاستقبال، يدعم التحكم عن بُعد باستخدام الريموت، كما يدعم التحكم عبر تطبيق الهاتف المحمول لمزيد من سهولة الاستخدام. الرمز الداخلي للمنتج: HT-852-G33-APP-WH.
نجف معلق أبيض - HT-852-G40,HT-852-G40-APP-WH,,نجف,قطعة,قطعة,أبيض,495,,4,نجف معلق بلون أبيض، بتصميم عصري يناسب الصالات وغرف المعيشة والاستقبال، يدعم التحكم عن بُعد باستخدام الريموت، كما يدعم التحكم عبر تطبيق الهاتف المحمول لمزيد من سهولة الاستخدام. الرمز الداخلي للمنتج: HT-852-G40-APP-WH.
نجف معلق ذهبي - HT-852,HT-852-APP-FGD,,نجف,قطعة,قطعة,ذهبي,650,750,4,نجف معلق بلون ذهبي، بتصميم عصري يناسب الصالات وغرف المعيشة والاستقبال، يدعم التحكم عن بُعد باستخدام الريموت، كما يدعم التحكم عبر تطبيق الهاتف المحمول لمزيد من سهولة الاستخدام. الرمز الداخلي للمنتج: HT-852-APP-FGD.
نجف معلق أسود - HT-853,HT-853-APP-BK,,نجف,قطعة,قطعة,أسود,565,650,4,نجف معلق بلون أسود، بتصميم عصري يناسب الصالات وغرف المعيشة والاستقبال، يدعم التحكم عن بُعد باستخدام الريموت، كما يدعم التحكم عبر تطبيق الهاتف المحمول لمزيد من سهولة الاستخدام. الرمز الداخلي للمنتج: HT-853-APP-BK.
نجف معلق ذهبي - HT-853,HT-853-APP-FGD,,نجف,قطعة,قطعة,ذهبي,670,825,4,نجف معلق بلون ذهبي، بتصميم عصري يناسب الصالات وغرف المعيشة والاستقبال، يدعم التحكم عن بُعد باستخدام الريموت، كما يدعم التحكم عبر تطبيق الهاتف المحمول لمزيد من سهولة الاستخدام. الرمز الداخلي للمنتج: HT-853-APP-FGD.
نجف معلق أبيض - HT-853,HT-853-APP-WH,,نجف,قطعة,قطعة,أبيض,565,675,4,نجف معلق بلون أبيض، بتصميم عصري يناسب الصالات وغرف المعيشة والاستقبال، يدعم التحكم عن بُعد باستخدام الريموت، كما يدعم التحكم عبر تطبيق الهاتف المحمول لمزيد من سهولة الاستخدام. الرمز الداخلي للمنتج: HT-853-APP-WH.
نجف معلق أسود - HT-863,HT-863-APP-BK,,نجف,قطعة,قطعة,أسود,565,725,4,نجف معلق بلون أسود، بتصميم عصري يناسب الصالات وغرف المعيشة والاستقبال، يدعم التحكم عن بُعد باستخدام الريموت، كما يدعم التحكم عبر تطبيق الهاتف المحمول لمزيد من سهولة الاستخدام. الرمز الداخلي للمنتج: HT-863-APP-BK.
نجف معلق ذهبي - HT-863,HT-863-APP-FGD,,نجف,قطعة,قطعة,ذهبي,705,825,4,نجف معلق بلون ذهبي، بتصميم عصري يناسب الصالات وغرف المعيشة والاستقبال، يدعم التحكم عن بُعد باستخدام الريموت، كما يدعم التحكم عبر تطبيق الهاتف المحمول لمزيد من سهولة الاستخدام. الرمز الداخلي للمنتج: HT-863-APP-FGD.
نجف معلق أبيض - HT-863,HT-863-APP-WH,,نجف,قطعة,قطعة,أبيض,565,725,4,نجف معلق بلون أبيض، بتصميم عصري يناسب الصالات وغرف المعيشة والاستقبال، يدعم التحكم عن بُعد باستخدام الريموت، كما يدعم التحكم عبر تطبيق الهاتف المحمول لمزيد من سهولة الاستخدام. الرمز الداخلي للمنتج: HT-863-APP-WH.
نجف معلق - HT-863,HT-863-APP-CF,,نجف,قطعة,قطعة,,565,725,4,نجف معلق، بتصميم عصري يناسب الصالات وغرف المعيشة والاستقبال، يدعم التحكم عن بُعد باستخدام الريموت، كما يدعم التحكم عبر تطبيق الهاتف المحمول لمزيد من سهولة الاستخدام. الرمز الداخلي للمنتج: HT-863-APP-CF.
نجف معلق شمبانيا - HT-863,HT-863-APP-CPG,,نجف,قطعة,قطعة,شمبانيا,615,725,4,نجف معلق بلون شمبانيا، بتصميم عصري يناسب الصالات وغرف المعيشة والاستقبال، يدعم التحكم عن بُعد باستخدام الريموت، كما يدعم التحكم عبر تطبيق الهاتف المحمول لمزيد من سهولة الاستخدام. الرمز الداخلي للمنتج: HT-863-APP-CPG.
نجف معلق - HT-863,HT-863-APP-CG,,نجف,قطعة,قطعة,,615,,4,نجف معلق، بتصميم عصري يناسب الصالات وغرف المعيشة والاستقبال، يدعم التحكم عن بُعد باستخدام الريموت، كما يدعم التحكم عبر تطبيق الهاتف المحمول لمزيد من سهولة الاستخدام. الرمز الداخلي للمنتج: HT-863-APP-CG.
نجف معلق أسود - HT-863-AQ,HT-863-AQ-APP-BK,,نجف,قطعة,قطعة,أسود,695,825,4,نجف معلق بلون أسود، بتصميم عصري يناسب الصالات وغرف المعيشة والاستقبال، يدعم التحكم عن بُعد باستخدام الريموت، كما يدعم التحكم عبر تطبيق الهاتف المحمول لمزيد من سهولة الاستخدام. الرمز الداخلي للمنتج: HT-863-AQ-APP-BK.
نجف معلق شمبانيا - HT-863-AQ,HT-863-AQ-APP-CPG,,نجف,قطعة,قطعة,شمبانيا,745,850,4,نجف معلق بلون شمبانيا، بتصميم عصري يناسب الصالات وغرف المعيشة والاستقبال، يدعم التحكم عن بُعد باستخدام الريموت، كما يدعم التحكم عبر تطبيق الهاتف المحمول لمزيد من سهولة الاستخدام. الرمز الداخلي للمنتج: HT-863-AQ-APP-CPG.
نجف معلق أبيض - HT-864,HT-864-DZ-7APP-WH,,نجف,قطعة,قطعة,أبيض,550,750,4,نجف معلق بلون أبيض، بتصميم عصري يناسب الصالات وغرف المعيشة والاستقبال، يدعم التحكم عن بُعد باستخدام الريموت، كما يدعم التحكم عبر تطبيق الهاتف المحمول لمزيد من سهولة الاستخدام. الرمز الداخلي للمنتج: HT-864-DZ-7APP-WH.
نجف معلق أسود - HT-865,HT-865-DZ-4APP-BK,,نجف,قطعة,قطعة,أسود,635,825,4,نجف معلق بلون أسود، بتصميم عصري يناسب الصالات وغرف المعيشة والاستقبال، يدعم التحكم عن بُعد باستخدام الريموت، كما يدعم التحكم عبر تطبيق الهاتف المحمول لمزيد من سهولة الاستخدام. الرمز الداخلي للمنتج: HT-865-DZ-4APP-BK.
نجف معلق أسود - HT-867,HT-867-BK,,نجف,قطعة,قطعة,أسود,300,375,4,نجف معلق بلون أسود، بتصميم عصري يناسب الصالات وغرف المعيشة والاستقبال. الرمز الداخلي للمنتج: HT-867-BK.
نجف معلق أبيض - HT-867,HT-867-WH,,نجف,قطعة,قطعة,أبيض,300,375,4,نجف معلق بلون أبيض، بتصميم عصري يناسب الصالات وغرف المعيشة والاستقبال. الرمز الداخلي للمنتج: HT-867-WH.
نجف معلق ذهبي - HT-867,HT-867-FGD,,نجف,قطعة,قطعة,ذهبي,420,,4,نجف معلق بلون ذهبي، بتصميم عصري يناسب الصالات وغرف المعيشة والاستقبال. الرمز الداخلي للمنتج: HT-867-FGD.
نجف معلق ذهبي - HT-867-G23,HT-867-G23-APP-FGD,,نجف,قطعة,قطعة,ذهبي,440,525,4,نجف معلق بلون ذهبي، بتصميم عصري يناسب الصالات وغرف المعيشة والاستقبال، يدعم التحكم عن بُعد باستخدام الريموت، كما يدعم التحكم عبر تطبيق الهاتف المحمول لمزيد من سهولة الاستخدام. الرمز الداخلي للمنتج: HT-867-G23-APP-FGD.
نجف معلق أسود - HT-868-C10,HT-868-C10-APP-BK,,نجف,قطعة,قطعة,أسود,385,475,4,نجف معلق بلون أسود، بتصميم عصري يناسب الصالات وغرف المعيشة والاستقبال، يدعم التحكم عن بُعد باستخدام الريموت، كما يدعم التحكم عبر تطبيق الهاتف المحمول لمزيد من سهولة الاستخدام. الرمز الداخلي للمنتج: HT-868-C10-APP-BK.
نجف معلق أسود - HT-869,HT-869-BK,,نجف,قطعة,قطعة,أسود,295,375,4,نجف معلق بلون أسود، بتصميم عصري يناسب الصالات وغرف المعيشة والاستقبال. الرمز الداخلي للمنتج: HT-869-BK.
نجف معلق أبيض - HT-869,HT-869-WH,,نجف,قطعة,قطعة,أبيض,295,375,4,نجف معلق بلون أبيض، بتصميم عصري يناسب الصالات وغرف المعيشة والاستقبال. الرمز الداخلي للمنتج: HT-869-WH.
نجف معلق ذهبي - HT-869,HT-869-FGD,,نجف,قطعة,قطعة,ذهبي,330,425,4,نجف معلق بلون ذهبي، بتصميم عصري يناسب الصالات وغرف المعيشة والاستقبال. الرمز الداخلي للمنتج: HT-869-FGD.
نجف معلق ذهبي - HT-869-C10,HT-869-C10-FGD,,نجف,قطعة,قطعة,ذهبي,325,,4,نجف معلق بلون ذهبي، بتصميم عصري يناسب الصالات وغرف المعيشة والاستقبال، يدعم التحكم عن بُعد باستخدام الريموت، كما يدعم التحكم عبر تطبيق الهاتف المحمول لمزيد من سهولة الاستخدام. الرمز الداخلي للمنتج: HT-869-C10-FGD.
نجف معلق أسود - HT-869-C10,HT-869-C10-BK,,نجف,قطعة,قطعة,أسود,270,375,4,نجف معلق بلون أسود، بتصميم عصري يناسب الصالات وغرف المعيشة والاستقبال. الرمز الداخلي للمنتج: HT-869-C10-BK.
نجف معلق أبيض - HT-869-C10,HT-869-C10-WH,,نجف,قطعة,قطعة,أبيض,270,,4,نجف معلق بلون أبيض، بتصميم عصري يناسب الصالات وغرف المعيشة والاستقبال. الرمز الداخلي للمنتج: HT-869-C10-WH.
نجف معلق ذهبي - HT-870-C10,HT-870-C10-APP-FGD,,نجف,قطعة,قطعة,ذهبي,530,650,4,نجف معلق بلون ذهبي، بتصميم عصري يناسب الصالات وغرف المعيشة والاستقبال، يدعم التحكم عن بُعد باستخدام الريموت، كما يدعم التحكم عبر تطبيق الهاتف المحمول لمزيد من سهولة الاستخدام. الرمز الداخلي للمنتج: HT-870-C10-APP-FGD.
نجف معلق أسود - HT-870-C10,HT-870-C10-APP-BK,,نجف,قطعة,قطعة,أسود,460,575,4,نجف معلق بلون أسود، بتصميم عصري يناسب الصالات وغرف المعيشة والاستقبال، يدعم التحكم عن بُعد باستخدام الريموت، كما يدعم التحكم عبر تطبيق الهاتف المحمول لمزيد من سهولة الاستخدام. الرمز الداخلي للمنتج: HT-870-C10-APP-BK.
نجف معلق أبيض - HT-870-C10,HT-870-C10-APP-WH,,نجف,قطعة,قطعة,أبيض,460,,4,نجف معلق بلون أبيض، بتصميم عصري يناسب الصالات وغرف المعيشة والاستقبال، يدعم التحكم عن بُعد باستخدام الريموت، كما يدعم التحكم عبر تطبيق الهاتف المحمول لمزيد من سهولة الاستخدام. الرمز الداخلي للمنتج: HT-870-C10-APP-WH.
نجف معلق ذهبي - HT-871,HT-871-APP-FGD,,نجف,قطعة,قطعة,ذهبي,785,900,4,نجف معلق بلون ذهبي، بتصميم عصري يناسب الصالات وغرف المعيشة والاستقبال، يدعم التحكم عن بُعد باستخدام الريموت، كما يدعم التحكم عبر تطبيق الهاتف المحمول لمزيد من سهولة الاستخدام. الرمز الداخلي للمنتج: HT-871-APP-FGD.
نجف معلق ذهبي - HT-874,HT-874-DZ-6APP-FGD,,نجف,قطعة,قطعة,ذهبي,,1150,4,نجف معلق بلون ذهبي، بتصميم عصري يناسب الصالات وغرف المعيشة والاستقبال، يدعم التحكم عن بُعد باستخدام الريموت، كما يدعم التحكم عبر تطبيق الهاتف المحمول لمزيد من سهولة الاستخدام. الرمز الداخلي للمنتج: HT-874-DZ-6APP-FGD.
نجف معلق أسود - HT-874,HT-874-DZ-6APP-BK,,نجف,قطعة,قطعة,أسود,,1050,4,نجف معلق بلون أسود، بتصميم عصري يناسب الصالات وغرف المعيشة والاستقبال، يدعم التحكم عن بُعد باستخدام الريموت، كما يدعم التحكم عبر تطبيق الهاتف المحمول لمزيد من سهولة الاستخدام. الرمز الداخلي للمنتج: HT-874-DZ-6APP-BK.
نجف معلق أبيض - HT-874,HT-874-DZ-6APP-WH,,نجف,قطعة,قطعة,أبيض,,1050,4,نجف معلق بلون أبيض، بتصميم عصري يناسب الصالات وغرف المعيشة والاستقبال، يدعم التحكم عن بُعد باستخدام الريموت، كما يدعم التحكم عبر تطبيق الهاتف المحمول لمزيد من سهولة الاستخدام. الرمز الداخلي للمنتج: HT-874-DZ-6APP-WH.
نجف معلق أسود - HT-874,HT-874-Z-027APP-BK,,نجف,قطعة,قطعة,أسود,,,4,نجف معلق بلون أسود، بتصميم عصري يناسب الصالات وغرف المعيشة والاستقبال، يدعم التحكم عن بُعد باستخدام الريموت، كما يدعم التحكم عبر تطبيق الهاتف المحمول لمزيد من سهولة الاستخدام. الرمز الداخلي للمنتج: HT-874-Z-027APP-BK.
نجف معلق أسود - HT-874,HT-874-Z034APP-BK,,نجف,قطعة,قطعة,أسود,880,1050,4,نجف معلق بلون أسود، بتصميم عصري يناسب الصالات وغرف المعيشة والاستقبال، يدعم التحكم عن بُعد باستخدام الريموت، كما يدعم التحكم عبر تطبيق الهاتف المحمول لمزيد من سهولة الاستخدام. الرمز الداخلي للمنتج: HT-874-Z034APP-BK.
نجف معلق أسود - HT-874,HT-874-EZ039-APP-BK,,نجف,قطعة,قطعة,أسود,900,,4,نجف معلق بلون أسود، بتصميم عصري يناسب الصالات وغرف المعيشة والاستقبال، يدعم التحكم عن بُعد باستخدام الريموت، كما يدعم التحكم عبر تطبيق الهاتف المحمول لمزيد من سهولة الاستخدام. الرمز الداخلي للمنتج: HT-874-EZ039-APP-BK.
نجف معلق أسود - HT-874,HT-874-EZ015-APP-BK,,نجف,قطعة,قطعة,أسود,880,,4,نجف معلق بلون أسود، بتصميم عصري يناسب الصالات وغرف المعيشة والاستقبال، يدعم التحكم عن بُعد باستخدام الريموت، كما يدعم التحكم عبر تطبيق الهاتف المحمول لمزيد من سهولة الاستخدام. الرمز الداخلي للمنتج: HT-874-EZ015-APP-BK.
نجف معلق أبيض - HT-874,HT-874-Z034APP-WH,,نجف,قطعة,قطعة,أبيض,880,1050,4,نجف معلق بلون أبيض، بتصميم عصري يناسب الصالات وغرف المعيشة والاستقبال، يدعم التحكم عن بُعد باستخدام الريموت، كما يدعم التحكم عبر تطبيق الهاتف المحمول لمزيد من سهولة الاستخدام. الرمز الداخلي للمنتج: HT-874-Z034APP-WH.
نجف معلق شمبانيا - HT-874,HT-874-Z034APP-CPG,,نجف,قطعة,قطعة,شمبانيا,915,1100,4,نجف معلق بلون شمبانيا، بتصميم عصري يناسب الصالات وغرف المعيشة والاستقبال، يدعم التحكم عن بُعد باستخدام الريموت، كما يدعم التحكم عبر تطبيق الهاتف المحمول لمزيد من سهولة الاستخدام. الرمز الداخلي للمنتج: HT-874-Z034APP-CPG.
نجف معلق ذهبي - HT-874,HT-874-Z-047APP-FGD,,نجف,قطعة,قطعة,ذهبي,990,1150,4,نجف معلق بلون ذهبي، بتصميم عصري يناسب الصالات وغرف المعيشة والاستقبال، يدعم التحكم عن بُعد باستخدام الريموت، كما يدعم التحكم عبر تطبيق الهاتف المحمول لمزيد من سهولة الاستخدام. الرمز الداخلي للمنتج: HT-874-Z-047APP-FGD.
نجف معلق ذهبي - HT-875,HT-875-APP-FGD,,نجف,قطعة,قطعة,ذهبي,650,,4,نجف معلق بلون ذهبي، بتصميم عصري يناسب الصالات وغرف المعيشة والاستقبال، يدعم التحكم عن بُعد باستخدام الريموت، كما يدعم التحكم عبر تطبيق الهاتف المحمول لمزيد من سهولة الاستخدام. الرمز الداخلي للمنتج: HT-875-APP-FGD.
نجف معلق ذهبي - HT-876,HT-876-DZ-1APP-FGD,,نجف,قطعة,قطعة,ذهبي,835,975,4,نجف معلق بلون ذهبي، بتصميم عصري يناسب الصالات وغرف المعيشة والاستقبال، يدعم التحكم عن بُعد باستخدام الريموت، كما يدعم التحكم عبر تطبيق الهاتف المحمول لمزيد من سهولة الاستخدام. الرمز الداخلي للمنتج: HT-876-DZ-1APP-FGD.
نجف معلق أسود - HT-876,HT-876-DZ-1APP-BK,,نجف,قطعة,قطعة,أسود,670,875,4,نجف معلق بلون أسود، بتصميم عصري يناسب الصالات وغرف المعيشة والاستقبال، يدعم التحكم عن بُعد باستخدام الريموت، كما يدعم التحكم عبر تطبيق الهاتف المحمول لمزيد من سهولة الاستخدام. الرمز الداخلي للمنتج: HT-876-DZ-1APP-BK.
نجف معلق أسود - HT-876,HT-876-Z038APP-BK,,نجف,قطعة,قطعة,أسود,670,,4,نجف معلق بلون أسود، بتصميم عصري يناسب الصالات وغرف المعيشة والاستقبال، يدعم التحكم عن بُعد باستخدام الريموت، كما يدعم التحكم عبر تطبيق الهاتف المحمول لمزيد من سهولة الاستخدام. الرمز الداخلي للمنتج: HT-876-Z038APP-BK.
نجف معلق ذهبي - HT-877,HT-877-DZ-9-APP-FGD,,نجف,قطعة,قطعة,ذهبي,1335,,4,نجف معلق بلون ذهبي، بتصميم عصري يناسب الصالات وغرف المعيشة والاستقبال، يدعم التحكم عن بُعد باستخدام الريموت، كما يدعم التحكم عبر تطبيق الهاتف المحمول لمزيد من سهولة الاستخدام. الرمز الداخلي للمنتج: HT-877-DZ-9-APP-FGD.
نجف معلق ذهبي - HT-877,HT-877-C22-Z043-APP-FGD,,نجف,قطعة,قطعة,ذهبي,1335,,4,نجف معلق بلون ذهبي، بتصميم عصري يناسب الصالات وغرف المعيشة والاستقبال، يدعم التحكم عن بُعد باستخدام الريموت، كما يدعم التحكم عبر تطبيق الهاتف المحمول لمزيد من سهولة الاستخدام. الرمز الداخلي للمنتج: HT-877-C22-Z043-APP-FGD.
نجف معلق ذهبي - HT-877,HT-877-C23-DZ-9-APP-FGD,,نجف,قطعة,قطعة,ذهبي,1335,,4,نجف معلق بلون ذهبي، بتصميم عصري يناسب الصالات وغرف المعيشة والاستقبال، يدعم التحكم عن بُعد باستخدام الريموت، كما يدعم التحكم عبر تطبيق الهاتف المحمول لمزيد من سهولة الاستخدام. الرمز الداخلي للمنتج: HT-877-C23-DZ-9-APP-FGD.
نجف معلق ذهبي - HT-877,HT-877-C23-Z043-APP-FGD,,نجف,قطعة,قطعة,ذهبي,1335,,4,نجف معلق بلون ذهبي، بتصميم عصري يناسب الصالات وغرف المعيشة والاستقبال، يدعم التحكم عن بُعد باستخدام الريموت، كما يدعم التحكم عبر تطبيق الهاتف المحمول لمزيد من سهولة الاستخدام. الرمز الداخلي للمنتج: HT-877-C23-Z043-APP-FGD.
نجف معلق ذهبي - HT-878,HT-878-APP-FGD,,نجف,قطعة,قطعة,ذهبي,1155,1375,4,نجف معلق بلون ذهبي، بتصميم عصري يناسب الصالات وغرف المعيشة والاستقبال، يدعم التحكم عن بُعد باستخدام الريموت، كما يدعم التحكم عبر تطبيق الهاتف المحمول لمزيد من سهولة الاستخدام. الرمز الداخلي للمنتج: HT-878-APP-FGD.
نجف معلق ذهبي - HT-878-G30,HT-878-G30-APP-FGD,,نجف,قطعة,قطعة,ذهبي,,1375,4,نجف معلق بلون ذهبي، بتصميم عصري يناسب الصالات وغرف المعيشة والاستقبال، يدعم التحكم عن بُعد باستخدام الريموت، كما يدعم التحكم عبر تطبيق الهاتف المحمول لمزيد من سهولة الاستخدام. الرمز الداخلي للمنتج: HT-878-G30-APP-FGD.
نجف معلق ذهبي - HT-878-G33,HT-878-G33-APP-FGD,,نجف,قطعة,قطعة,ذهبي,1255,1375,4,نجف معلق بلون ذهبي، بتصميم عصري يناسب الصالات وغرف المعيشة والاستقبال، يدعم التحكم عن بُعد باستخدام الريموت، كما يدعم التحكم عبر تطبيق الهاتف المحمول لمزيد من سهولة الاستخدام. الرمز الداخلي للمنتج: HT-878-G33-APP-FGD.
نجف معلق ذهبي - HT-878-G33,HT-878-G33-A-APP-FGD,,نجف,قطعة,قطعة,ذهبي,1230,1375,4,نجف معلق بلون ذهبي، بتصميم عصري يناسب الصالات وغرف المعيشة والاستقبال، يدعم التحكم عن بُعد باستخدام الريموت، كما يدعم التحكم عبر تطبيق الهاتف المحمول لمزيد من سهولة الاستخدام. الرمز الداخلي للمنتج: HT-878-G33-A-APP-FGD.
نجف معلق ذهبي - HT-880,HT-880-Z001-1-APP-FGD,,نجف,قطعة,قطعة,ذهبي,890,,4,نجف معلق بلون ذهبي، بتصميم عصري يناسب الصالات وغرف المعيشة والاستقبال، يدعم التحكم عن بُعد باستخدام الريموت، كما يدعم التحكم عبر تطبيق الهاتف المحمول لمزيد من سهولة الاستخدام. الرمز الداخلي للمنتج: HT-880-Z001-1-APP-FGD.
نجف معلق ذهبي - HT-880,HT-880-Z004-APP-FGD,,نجف,قطعة,قطعة,ذهبي,890,,4,نجف معلق بلون ذهبي، بتصميم عصري يناسب الصالات وغرف المعيشة والاستقبال، يدعم التحكم عن بُعد باستخدام الريموت، كما يدعم التحكم عبر تطبيق الهاتف المحمول لمزيد من سهولة الاستخدام. الرمز الداخلي للمنتج: HT-880-Z004-APP-FGD.
نجف معلق أسود - HT-881,HT-881-APP-BK,,نجف,قطعة,قطعة,أسود,820,1050,4,نجف معلق بلون أسود، بتصميم عصري يناسب الصالات وغرف المعيشة والاستقبال، يدعم التحكم عن بُعد باستخدام الريموت، كما يدعم التحكم عبر تطبيق الهاتف المحمول لمزيد من سهولة الاستخدام. الرمز الداخلي للمنتج: HT-881-APP-BK.
نجف معلق ذهبي - HT-881,HT-881-APP-FGD,,نجف,قطعة,قطعة,ذهبي,1020,1150,4,نجف معلق بلون ذهبي، بتصميم عصري يناسب الصالات وغرف المعيشة والاستقبال، يدعم التحكم عن بُعد باستخدام الريموت، كما يدعم التحكم عبر تطبيق الهاتف المحمول لمزيد من سهولة الاستخدام. الرمز الداخلي للمنتج: HT-881-APP-FGD.
نجف معلق ذهبي - HT-884,HT-884-Z008-APP-FGD,,نجف,قطعة,قطعة,ذهبي,,,4,نجف معلق بلون ذهبي، بتصميم عصري يناسب الصالات وغرف المعيشة والاستقبال، يدعم التحكم عن بُعد باستخدام الريموت، كما يدعم التحكم عبر تطبيق الهاتف المحمول لمزيد من سهولة الاستخدام. الرمز الداخلي للمنتج: HT-884-Z008-APP-FGD.
نجف معلق ذهبي - HT-884,HT-884-Z002-APP-FGD,,نجف,قطعة,قطعة,ذهبي,1040,1250,4,نجف معلق بلون ذهبي، بتصميم عصري يناسب الصالات وغرف المعيشة والاستقبال، يدعم التحكم عن بُعد باستخدام الريموت، كما يدعم التحكم عبر تطبيق الهاتف المحمول لمزيد من سهولة الاستخدام. الرمز الداخلي للمنتج: HT-884-Z002-APP-FGD.
نجف معلق ذهبي - HT-884,HT-884-C21-Z042-APP-FGD,,نجف,قطعة,قطعة,ذهبي,1090,,4,نجف معلق بلون ذهبي، بتصميم عصري يناسب الصالات وغرف المعيشة والاستقبال، يدعم التحكم عن بُعد باستخدام الريموت، كما يدعم التحكم عبر تطبيق الهاتف المحمول لمزيد من سهولة الاستخدام. الرمز الداخلي للمنتج: HT-884-C21-Z042-APP-FGD.
نجف معلق أبيض - HT-885,HT-885-APP-WH,,نجف,قطعة,قطعة,أبيض,625,,4,نجف معلق بلون أبيض، بتصميم عصري يناسب الصالات وغرف المعيشة والاستقبال، يدعم التحكم عن بُعد باستخدام الريموت، كما يدعم التحكم عبر تطبيق الهاتف المحمول لمزيد من سهولة الاستخدام. الرمز الداخلي للمنتج: HT-885-APP-WH.
نجف معلق ذهبي - HT-885,HT-885-APP-FGD,,نجف,قطعة,قطعة,ذهبي,710,975,4,نجف معلق بلون ذهبي، بتصميم عصري يناسب الصالات وغرف المعيشة والاستقبال، يدعم التحكم عن بُعد باستخدام الريموت، كما يدعم التحكم عبر تطبيق الهاتف المحمول لمزيد من سهولة الاستخدام. الرمز الداخلي للمنتج: HT-885-APP-FGD.
نجف معلق شمبانيا - HT-885,HT-885-APP-CPG,,نجف,قطعة,قطعة,شمبانيا,660,,4,نجف معلق بلون شمبانيا، بتصميم عصري يناسب الصالات وغرف المعيشة والاستقبال، يدعم التحكم عن بُعد باستخدام الريموت، كما يدعم التحكم عبر تطبيق الهاتف المحمول لمزيد من سهولة الاستخدام. الرمز الداخلي للمنتج: HT-885-APP-CPG.
نجف معلق أسود - HT-885,HT-885-APP-BK,,نجف,قطعة,قطعة,أسود,625,875,4,نجف معلق بلون أسود، بتصميم عصري يناسب الصالات وغرف المعيشة والاستقبال، يدعم التحكم عن بُعد باستخدام الريموت، كما يدعم التحكم عبر تطبيق الهاتف المحمول لمزيد من سهولة الاستخدام. الرمز الداخلي للمنتج: HT-885-APP-BK.
نجف معلق أبيض - HT-886,HT-886-APP-WH,,نجف,قطعة,قطعة,أبيض,950,1175,4,نجف معلق بلون أبيض، بتصميم عصري يناسب الصالات وغرف المعيشة والاستقبال، يدعم التحكم عن بُعد باستخدام الريموت، كما يدعم التحكم عبر تطبيق الهاتف المحمول لمزيد من سهولة الاستخدام. الرمز الداخلي للمنتج: HT-886-APP-WH.
نجف معلق ذهبي - HT-886,HT-886-APP-FGD,,نجف,قطعة,قطعة,ذهبي,1075,1265,4,نجف معلق بلون ذهبي، بتصميم عصري يناسب الصالات وغرف المعيشة والاستقبال، يدعم التحكم عن بُعد باستخدام الريموت، كما يدعم التحكم عبر تطبيق الهاتف المحمول لمزيد من سهولة الاستخدام. الرمز الداخلي للمنتج: HT-886-APP-FGD.
نجف معلق أسود - HT-886,HT-886-APP-BK,,نجف,قطعة,قطعة,أسود,950,1165,4,نجف معلق بلون أسود، بتصميم عصري يناسب الصالات وغرف المعيشة والاستقبال، يدعم التحكم عن بُعد باستخدام الريموت، كما يدعم التحكم عبر تطبيق الهاتف المحمول لمزيد من سهولة الاستخدام. الرمز الداخلي للمنتج: HT-886-APP-BK.
نجف معلق - HT-886,HT-886-APP-CF,,نجف,قطعة,قطعة,,950,1175,4,نجف معلق، بتصميم عصري يناسب الصالات وغرف المعيشة والاستقبال، يدعم التحكم عن بُعد باستخدام الريموت، كما يدعم التحكم عبر تطبيق الهاتف المحمول لمزيد من سهولة الاستخدام. الرمز الداخلي للمنتج: HT-886-APP-CF.
نجف معلق أسود - HT-887,HT-887-APP-BK,,نجف,قطعة,قطعة,أسود,1270,1450,4,نجف معلق بلون أسود، بتصميم عصري يناسب الصالات وغرف المعيشة والاستقبال، يدعم التحكم عن بُعد باستخدام الريموت، كما يدعم التحكم عبر تطبيق الهاتف المحمول لمزيد من سهولة الاستخدام. الرمز الداخلي للمنتج: HT-887-APP-BK.
نجف معلق ذهبي - HT-887,HT-887-APP-FGD,,نجف,قطعة,قطعة,ذهبي,1390,1475,4,نجف معلق بلون ذهبي، بتصميم عصري يناسب الصالات وغرف المعيشة والاستقبال، يدعم التحكم عن بُعد باستخدام الريموت، كما يدعم التحكم عبر تطبيق الهاتف المحمول لمزيد من سهولة الاستخدام. الرمز الداخلي للمنتج: HT-887-APP-FGD.
نجف معلق ذهبي - HT-887,HT-887-A-APP-FGD,,نجف,قطعة,قطعة,ذهبي,1365,1475,4,نجف معلق بلون ذهبي، بتصميم عصري يناسب الصالات وغرف المعيشة والاستقبال، يدعم التحكم عن بُعد باستخدام الريموت، كما يدعم التحكم عبر تطبيق الهاتف المحمول لمزيد من سهولة الاستخدام. الرمز الداخلي للمنتج: HT-887-A-APP-FGD.
نجف معلق ذهبي - HT-889,HT-889-APP-FGD,,نجف,قطعة,قطعة,ذهبي,1110,1350,4,نجف معلق بلون ذهبي، بتصميم عصري يناسب الصالات وغرف المعيشة والاستقبال، يدعم التحكم عن بُعد باستخدام الريموت، كما يدعم التحكم عبر تطبيق الهاتف المحمول لمزيد من سهولة الاستخدام. الرمز الداخلي للمنتج: HT-889-APP-FGD.
نجف معلق أسود - HT-889,HT-889-APP-BK,,نجف,قطعة,قطعة,أسود,950,1250,4,نجف معلق بلون أسود، بتصميم عصري يناسب الصالات وغرف المعيشة والاستقبال، يدعم التحكم عن بُعد باستخدام الريموت، كما يدعم التحكم عبر تطبيق الهاتف المحمول لمزيد من سهولة الاستخدام. الرمز الداخلي للمنتج: HT-889-APP-BK.
نجف معلق أبيض - HT-889,HT-889-A-APP-WH,,نجف,قطعة,قطعة,أبيض,925,1250,4,نجف معلق بلون أبيض، بتصميم عصري يناسب الصالات وغرف المعيشة والاستقبال، يدعم التحكم عن بُعد باستخدام الريموت، كما يدعم التحكم عبر تطبيق الهاتف المحمول لمزيد من سهولة الاستخدام. الرمز الداخلي للمنتج: HT-889-A-APP-WH.
نجف معلق ذهبي - HT-889,HT-889-A-APP-FGD,,نجف,قطعة,قطعة,ذهبي,1085,1350,4,نجف معلق بلون ذهبي، بتصميم عصري يناسب الصالات وغرف المعيشة والاستقبال، يدعم التحكم عن بُعد باستخدام الريموت، كما يدعم التحكم عبر تطبيق الهاتف المحمول لمزيد من سهولة الاستخدام. الرمز الداخلي للمنتج: HT-889-A-APP-FGD.
نجف معلق أسود - HT-889,HT-889-A-APP-BK,,نجف,قطعة,قطعة,أسود,925,1250,4,نجف معلق بلون أسود، بتصميم عصري يناسب الصالات وغرف المعيشة والاستقبال، يدعم التحكم عن بُعد باستخدام الريموت، كما يدعم التحكم عبر تطبيق الهاتف المحمول لمزيد من سهولة الاستخدام. الرمز الداخلي للمنتج: HT-889-A-APP-BK.
نجف معلق ذهبي - HT-891,HT-891-APP-FGD,,نجف,قطعة,قطعة,ذهبي,905,1075,4,نجف معلق بلون ذهبي، بتصميم عصري يناسب الصالات وغرف المعيشة والاستقبال، يدعم التحكم عن بُعد باستخدام الريموت، كما يدعم التحكم عبر تطبيق الهاتف المحمول لمزيد من سهولة الاستخدام. الرمز الداخلي للمنتج: HT-891-APP-FGD.
نجف معلق أسود - HT-891,HT-891-APP-BK,,نجف,قطعة,قطعة,أسود,815,975,4,نجف معلق بلون أسود، بتصميم عصري يناسب الصالات وغرف المعيشة والاستقبال، يدعم التحكم عن بُعد باستخدام الريموت، كما يدعم التحكم عبر تطبيق الهاتف المحمول لمزيد من سهولة الاستخدام. الرمز الداخلي للمنتج: HT-891-APP-BK.
نجف معلق ذهبي - HT-891,HT-891-A-APP-FGD,,نجف,قطعة,قطعة,ذهبي,880,1075,4,نجف معلق بلون ذهبي، بتصميم عصري يناسب الصالات وغرف المعيشة والاستقبال، يدعم التحكم عن بُعد باستخدام الريموت، كما يدعم التحكم عبر تطبيق الهاتف المحمول لمزيد من سهولة الاستخدام. الرمز الداخلي للمنتج: HT-891-A-APP-FGD.
نجف معلق ذهبي - HT-892,HT-892-APP-FGD,,نجف,قطعة,قطعة,ذهبي,5300,5800,4,نجف معلق بلون ذهبي، بتصميم عصري يناسب الصالات وغرف المعيشة والاستقبال، يدعم التحكم عن بُعد باستخدام الريموت، كما يدعم التحكم عبر تطبيق الهاتف المحمول لمزيد من سهولة الاستخدام. الرمز الداخلي للمنتج: HT-892-APP-FGD.
نجف معلق أسود - HT-893,HT-893-DZ-22-APP-BK,,نجف,قطعة,قطعة,أسود,625,750,4,نجف معلق بلون أسود، بتصميم عصري يناسب الصالات وغرف المعيشة والاستقبال، يدعم التحكم عن بُعد باستخدام الريموت، كما يدعم التحكم عبر تطبيق الهاتف المحمول لمزيد من سهولة الاستخدام. الرمز الداخلي للمنتج: HT-893-DZ-22-APP-BK.
نجف معلق ذهبي - HT-893,HT-893-DZ-22-APP-FGD,,نجف,قطعة,قطعة,ذهبي,695,,4,نجف معلق بلون ذهبي، بتصميم عصري يناسب الصالات وغرف المعيشة والاستقبال، يدعم التحكم عن بُعد باستخدام الريموت، كما يدعم التحكم عبر تطبيق الهاتف المحمول لمزيد من سهولة الاستخدام. الرمز الداخلي للمنتج: HT-893-DZ-22-APP-FGD.
نجف معلق ذهبي - HT-893,HT-893-Z032-APP-FGD,,نجف,قطعة,قطعة,ذهبي,695,,4,نجف معلق بلون ذهبي، بتصميم عصري يناسب الصالات وغرف المعيشة والاستقبال، يدعم التحكم عن بُعد باستخدام الريموت، كما يدعم التحكم عبر تطبيق الهاتف المحمول لمزيد من سهولة الاستخدام. الرمز الداخلي للمنتج: HT-893-Z032-APP-FGD.
نجف معلق أسود - HT-894,HT-894-DZ-15-APP-BK,,نجف,قطعة,قطعة,أسود,600,700,4,نجف معلق بلون أسود، بتصميم عصري يناسب الصالات وغرف المعيشة والاستقبال، يدعم التحكم عن بُعد باستخدام الريموت، كما يدعم التحكم عبر تطبيق الهاتف المحمول لمزيد من سهولة الاستخدام. الرمز الداخلي للمنتج: HT-894-DZ-15-APP-BK.
نجف معلق أسود - HT-895,HT-895-DZ-21-APP-BK,,نجف,قطعة,قطعة,أسود,625,725,4,نجف معلق بلون أسود، بتصميم عصري يناسب الصالات وغرف المعيشة والاستقبال، يدعم التحكم عن بُعد باستخدام الريموت، كما يدعم التحكم عبر تطبيق الهاتف المحمول لمزيد من سهولة الاستخدام. الرمز الداخلي للمنتج: HT-895-DZ-21-APP-BK.
نجف معلق أسود - HT-896,HT-896-DZ-19-APP-BK,,نجف,قطعة,قطعة,أسود,600,725,4,نجف معلق بلون أسود، بتصميم عصري يناسب الصالات وغرف المعيشة والاستقبال، يدعم التحكم عن بُعد باستخدام الريموت، كما يدعم التحكم عبر تطبيق الهاتف المحمول لمزيد من سهولة الاستخدام. الرمز الداخلي للمنتج: HT-896-DZ-19-APP-BK.
نجف معلق ذهبي - HT-896,HT-896-Z040-APP-FGD,,نجف,قطعة,قطعة,ذهبي,770,,4,نجف معلق بلون ذهبي، بتصميم عصري يناسب الصالات وغرف المعيشة والاستقبال، يدعم التحكم عن بُعد باستخدام الريموت، كما يدعم التحكم عبر تطبيق الهاتف المحمول لمزيد من سهولة الاستخدام. الرمز الداخلي للمنتج: HT-896-Z040-APP-FGD.
نجف معلق ذهبي - HT-898,HT-898-A-APP-FGD,,نجف,قطعة,قطعة,ذهبي,1170,,4,نجف معلق بلون ذهبي، بتصميم عصري يناسب الصالات وغرف المعيشة والاستقبال، يدعم التحكم عن بُعد باستخدام الريموت، كما يدعم التحكم عبر تطبيق الهاتف المحمول لمزيد من سهولة الاستخدام. الرمز الداخلي للمنتج: HT-898-A-APP-FGD.
نجف معلق أسود - HT-898,HT-898-T42-APP-BK,,نجف,قطعة,قطعة,أسود,1025,1300,4,نجف معلق بلون أسود، بتصميم عصري يناسب الصالات وغرف المعيشة والاستقبال، يدعم التحكم عن بُعد باستخدام الريموت، كما يدعم التحكم عبر تطبيق الهاتف المحمول لمزيد من سهولة الاستخدام. الرمز الداخلي للمنتج: HT-898-T42-APP-BK.
نجف معلق أسود - HT-900,HT-900-APP-T40-BK,,نجف,قطعة,قطعة,أسود,665,850,4,نجف معلق بلون أسود، بتصميم عصري يناسب الصالات وغرف المعيشة والاستقبال، يدعم التحكم عن بُعد باستخدام الريموت، كما يدعم التحكم عبر تطبيق الهاتف المحمول لمزيد من سهولة الاستخدام. الرمز الداخلي للمنتج: HT-900-APP-T40-BK.
نجف معلق ذهبي - HT-900,HT-900-APP-T40-FGD,,نجف,قطعة,قطعة,ذهبي,765,950,4,نجف معلق بلون ذهبي، بتصميم عصري يناسب الصالات وغرف المعيشة والاستقبال، يدعم التحكم عن بُعد باستخدام الريموت، كما يدعم التحكم عبر تطبيق الهاتف المحمول لمزيد من سهولة الاستخدام. الرمز الداخلي للمنتج: HT-900-APP-T40-FGD.
نجف معلق أسود - HT-901,HT-901-APP-T30-BK,,نجف,قطعة,قطعة,أسود,540,650,4,نجف معلق بلون أسود، بتصميم عصري يناسب الصالات وغرف المعيشة والاستقبال، يدعم التحكم عن بُعد باستخدام الريموت، كما يدعم التحكم عبر تطبيق الهاتف المحمول لمزيد من سهولة الاستخدام. الرمز الداخلي للمنتج: HT-901-APP-T30-BK.
نجف معلق ذهبي - HT-901,HT-901-APP-T30-FGD,,نجف,قطعة,قطعة,ذهبي,620,750,4,نجف معلق بلون ذهبي، بتصميم عصري يناسب الصالات وغرف المعيشة والاستقبال، يدعم التحكم عن بُعد باستخدام الريموت، كما يدعم التحكم عبر تطبيق الهاتف المحمول لمزيد من سهولة الاستخدام. الرمز الداخلي للمنتج: HT-901-APP-T30-FGD.
نجف معلق ذهبي - HT-901-C10,HT-901-C10-APP-Z038-FGD,,نجف,قطعة,قطعة,ذهبي,650,,4,نجف معلق بلون ذهبي، بتصميم عصري يناسب الصالات وغرف المعيشة والاستقبال، يدعم التحكم عن بُعد باستخدام الريموت، كما يدعم التحكم عبر تطبيق الهاتف المحمول لمزيد من سهولة الاستخدام. الرمز الداخلي للمنتج: HT-901-C10-APP-Z038-FGD.
نجف معلق ذهبي - HT-901-C10,HT-901-C10-APP-Z032-FGD,,نجف,قطعة,قطعة,ذهبي,690,775,4,نجف معلق بلون ذهبي، بتصميم عصري يناسب الصالات وغرف المعيشة والاستقبال، يدعم التحكم عن بُعد باستخدام الريموت، كما يدعم التحكم عبر تطبيق الهاتف المحمول لمزيد من سهولة الاستخدام. الرمز الداخلي للمنتج: HT-901-C10-APP-Z032-FGD.
نجف معلق ذهبي - HT-901-C10,HT-901-C10-APP-Z047-FGD,,نجف,قطعة,قطعة,ذهبي,650,750,4,نجف معلق بلون ذهبي، بتصميم عصري يناسب الصالات وغرف المعيشة والاستقبال، يدعم التحكم عن بُعد باستخدام الريموت، كما يدعم التحكم عبر تطبيق الهاتف المحمول لمزيد من سهولة الاستخدام. الرمز الداخلي للمنتج: HT-901-C10-APP-Z047-FGD.
نجف معلق أسود - HT-904,HT-904-Z-004-APP-BK,,نجف,قطعة,قطعة,أسود,620,850,4,نجف معلق بلون أسود، بتصميم عصري يناسب الصالات وغرف المعيشة والاستقبال، يدعم التحكم عن بُعد باستخدام الريموت، كما يدعم التحكم عبر تطبيق الهاتف المحمول لمزيد من سهولة الاستخدام. الرمز الداخلي للمنتج: HT-904-Z-004-APP-BK.
نجف معلق ذهبي - HT-904,HT-904-Z-004-APP-FGD,,نجف,قطعة,قطعة,ذهبي,735,900,4,نجف معلق بلون ذهبي، بتصميم عصري يناسب الصالات وغرف المعيشة والاستقبال، يدعم التحكم عن بُعد باستخدام الريموت، كما يدعم التحكم عبر تطبيق الهاتف المحمول لمزيد من سهولة الاستخدام. الرمز الداخلي للمنتج: HT-904-Z-004-APP-FGD.
نجف معلق أسود - HT-905,HT-905-T-34-APP-BK,,نجف,قطعة,قطعة,أسود,570,775,4,نجف معلق بلون أسود، بتصميم عصري يناسب الصالات وغرف المعيشة والاستقبال، يدعم التحكم عن بُعد باستخدام الريموت، كما يدعم التحكم عبر تطبيق الهاتف المحمول لمزيد من سهولة الاستخدام. الرمز الداخلي للمنتج: HT-905-T-34-APP-BK.
نجف معلق ذهبي - HT-905,HT-905-T-34-APP-FGD,,نجف,قطعة,قطعة,ذهبي,660,875,4,نجف معلق بلون ذهبي، بتصميم عصري يناسب الصالات وغرف المعيشة والاستقبال، يدعم التحكم عن بُعد باستخدام الريموت، كما يدعم التحكم عبر تطبيق الهاتف المحمول لمزيد من سهولة الاستخدام. الرمز الداخلي للمنتج: HT-905-T-34-APP-FGD.
نجف معلق ذهبي - HT-905,HT-905-DZ-12-APP-FGD,,نجف,قطعة,قطعة,ذهبي,645,875,4,نجف معلق بلون ذهبي، بتصميم عصري يناسب الصالات وغرف المعيشة والاستقبال، يدعم التحكم عن بُعد باستخدام الريموت، كما يدعم التحكم عبر تطبيق الهاتف المحمول لمزيد من سهولة الاستخدام. الرمز الداخلي للمنتج: HT-905-DZ-12-APP-FGD.
نجف معلق أسود - HT-905,HT-905-Z042-APP-BK,,نجف,قطعة,قطعة,أسود,570,,4,نجف معلق بلون أسود، بتصميم عصري يناسب الصالات وغرف المعيشة والاستقبال، يدعم التحكم عن بُعد باستخدام الريموت، كما يدعم التحكم عبر تطبيق الهاتف المحمول لمزيد من سهولة الاستخدام. الرمز الداخلي للمنتج: HT-905-Z042-APP-BK.
نجف معلق ذهبي - HT-905-C21,HT-905-C21-Z040-APP-FGD,,نجف,قطعة,قطعة,ذهبي,625,,4,نجف معلق بلون ذهبي، بتصميم عصري يناسب الصالات وغرف المعيشة والاستقبال، يدعم التحكم عن بُعد باستخدام الريموت، كما يدعم التحكم عبر تطبيق الهاتف المحمول لمزيد من سهولة الاستخدام. الرمز الداخلي للمنتج: HT-905-C21-Z040-APP-FGD.
نجف معلق أبيض - HT-905-C21,HT-905-C21-Z040-APP-WH,,نجف,قطعة,قطعة,أبيض,540,,4,نجف معلق بلون أبيض، بتصميم عصري يناسب الصالات وغرف المعيشة والاستقبال، يدعم التحكم عن بُعد باستخدام الريموت، كما يدعم التحكم عبر تطبيق الهاتف المحمول لمزيد من سهولة الاستخدام. الرمز الداخلي للمنتج: HT-905-C21-Z040-APP-WH.
نجف معلق أسود - HT-906,HT-906-Z-005-APP-BK,,نجف,قطعة,قطعة,أسود,675,775,4,نجف معلق بلون أسود، بتصميم عصري يناسب الصالات وغرف المعيشة والاستقبال، يدعم التحكم عن بُعد باستخدام الريموت، كما يدعم التحكم عبر تطبيق الهاتف المحمول لمزيد من سهولة الاستخدام. الرمز الداخلي للمنتج: HT-906-Z-005-APP-BK.
نجف معلق ذهبي - HT-906,HT-906-Z-005-APP-FGD,,نجف,قطعة,قطعة,ذهبي,775,875,4,نجف معلق بلون ذهبي، بتصميم عصري يناسب الصالات وغرف المعيشة والاستقبال، يدعم التحكم عن بُعد باستخدام الريموت، كما يدعم التحكم عبر تطبيق الهاتف المحمول لمزيد من سهولة الاستخدام. الرمز الداخلي للمنتج: HT-906-Z-005-APP-FGD.
نجف معلق أسود - HT-906,HT-906-Z-042-APP-BK,,نجف,قطعة,قطعة,أسود,690,,4,نجف معلق بلون أسود، بتصميم عصري يناسب الصالات وغرف المعيشة والاستقبال، يدعم التحكم عن بُعد باستخدام الريموت، كما يدعم التحكم عبر تطبيق الهاتف المحمول لمزيد من سهولة الاستخدام. الرمز الداخلي للمنتج: HT-906-Z-042-APP-BK.
نجف معلق ذهبي - HT-907,HT-907-Z-002-APP-FGD,,نجف,قطعة,قطعة,ذهبي,630,,4,نجف معلق بلون ذهبي، بتصميم عصري يناسب الصالات وغرف المعيشة والاستقبال، يدعم التحكم عن بُعد باستخدام الريموت، كما يدعم التحكم عبر تطبيق الهاتف المحمول لمزيد من سهولة الاستخدام. الرمز الداخلي للمنتج: HT-907-Z-002-APP-FGD.
نجف معلق ذهبي - HT-907,HT-907-Z-003-APP-FGD,,نجف,قطعة,قطعة,ذهبي,630,,4,نجف معلق بلون ذهبي، بتصميم عصري يناسب الصالات وغرف المعيشة والاستقبال، يدعم التحكم عن بُعد باستخدام الريموت، كما يدعم التحكم عبر تطبيق الهاتف المحمول لمزيد من سهولة الاستخدام. الرمز الداخلي للمنتج: HT-907-Z-003-APP-FGD.
نجف معلق أبيض - HT-907,HT-907-Z-003-APP-WH,,نجف,قطعة,قطعة,أبيض,540,,4,نجف معلق بلون أبيض، بتصميم عصري يناسب الصالات وغرف المعيشة والاستقبال، يدعم التحكم عن بُعد باستخدام الريموت، كما يدعم التحكم عبر تطبيق الهاتف المحمول لمزيد من سهولة الاستخدام. الرمز الداخلي للمنتج: HT-907-Z-003-APP-WH.
نجف معلق ذهبي - HT-907,HT-907-Z-040-APP-FGD,,نجف,قطعة,قطعة,ذهبي,630,,4,نجف معلق بلون ذهبي، بتصميم عصري يناسب الصالات وغرف المعيشة والاستقبال، يدعم التحكم عن بُعد باستخدام الريموت، كما يدعم التحكم عبر تطبيق الهاتف المحمول لمزيد من سهولة الاستخدام. الرمز الداخلي للمنتج: HT-907-Z-040-APP-FGD.
نجف معلق ذهبي - HT-907,HT-907-Z-042-APP-FGD,,نجف,قطعة,قطعة,ذهبي,655,,4,نجف معلق بلون ذهبي، بتصميم عصري يناسب الصالات وغرف المعيشة والاستقبال، يدعم التحكم عن بُعد باستخدام الريموت، كما يدعم التحكم عبر تطبيق الهاتف المحمول لمزيد من سهولة الاستخدام. الرمز الداخلي للمنتج: HT-907-Z-042-APP-FGD.
نجف معلق أسود - HT-907,HT-907-C23-Z042-APP-BK,,نجف,قطعة,قطعة,أسود,565,,4,نجف معلق بلون أسود، بتصميم عصري يناسب الصالات وغرف المعيشة والاستقبال، يدعم التحكم عن بُعد باستخدام الريموت، كما يدعم التحكم عبر تطبيق الهاتف المحمول لمزيد من سهولة الاستخدام. الرمز الداخلي للمنتج: HT-907-C23-Z042-APP-BK.
نجف معلق أبيض - HT-907,HT-907-Z036-APP-WH,,نجف,قطعة,قطعة,أبيض,540,,4,نجف معلق بلون أبيض، بتصميم عصري يناسب الصالات وغرف المعيشة والاستقبال، يدعم التحكم عن بُعد باستخدام الريموت، كما يدعم التحكم عبر تطبيق الهاتف المحمول لمزيد من سهولة الاستخدام. الرمز الداخلي للمنتج: HT-907-Z036-APP-WH.
نجف معلق أسود - HT-907,HT-907-Z036-APP-BK,,نجف,قطعة,قطعة,أسود,540,,4,نجف معلق بلون أسود، بتصميم عصري يناسب الصالات وغرف المعيشة والاستقبال، يدعم التحكم عن بُعد باستخدام الريموت، كما يدعم التحكم عبر تطبيق الهاتف المحمول لمزيد من سهولة الاستخدام. الرمز الداخلي للمنتج: HT-907-Z036-APP-BK.
نجف معلق ذهبي - HT-908,HT-908-Z-002-APP-FGD,,نجف,قطعة,قطعة,ذهبي,640,,4,نجف معلق بلون ذهبي، بتصميم عصري يناسب الصالات وغرف المعيشة والاستقبال، يدعم التحكم عن بُعد باستخدام الريموت، كما يدعم التحكم عبر تطبيق الهاتف المحمول لمزيد من سهولة الاستخدام. الرمز الداخلي للمنتج: HT-908-Z-002-APP-FGD.
نجف معلق ذهبي - HT-908,HT-908-DZ-7-APP-FGD,,نجف,قطعة,قطعة,ذهبي,640,,4,نجف معلق بلون ذهبي، بتصميم عصري يناسب الصالات وغرف المعيشة والاستقبال، يدعم التحكم عن بُعد باستخدام الريموت، كما يدعم التحكم عبر تطبيق الهاتف المحمول لمزيد من سهولة الاستخدام. الرمز الداخلي للمنتج: HT-908-DZ-7-APP-FGD.
نجف معلق ذهبي - HT-908,HT-908-Z-040-APP-FGD,,نجف,قطعة,قطعة,ذهبي,640,,4,نجف معلق بلون ذهبي، بتصميم عصري يناسب الصالات وغرف المعيشة والاستقبال، يدعم التحكم عن بُعد باستخدام الريموت، كما يدعم التحكم عبر تطبيق الهاتف المحمول لمزيد من سهولة الاستخدام. الرمز الداخلي للمنتج: HT-908-Z-040-APP-FGD.
نجف معلق أسود - HT-909,HT-909-Z-005-APP-BK,,نجف,قطعة,قطعة,أسود,560,,4,نجف معلق بلون أسود، بتصميم عصري يناسب الصالات وغرف المعيشة والاستقبال، يدعم التحكم عن بُعد باستخدام الريموت، كما يدعم التحكم عبر تطبيق الهاتف المحمول لمزيد من سهولة الاستخدام. الرمز الداخلي للمنتج: HT-909-Z-005-APP-BK.
نجف معلق ذهبي - HT-909,HT-909-Z-005-APP-FGD,,نجف,قطعة,قطعة,ذهبي,760,,4,نجف معلق بلون ذهبي، بتصميم عصري يناسب الصالات وغرف المعيشة والاستقبال، يدعم التحكم عن بُعد باستخدام الريموت، كما يدعم التحكم عبر تطبيق الهاتف المحمول لمزيد من سهولة الاستخدام. الرمز الداخلي للمنتج: HT-909-Z-005-APP-FGD.
نجف معلق أسود - HT-909,HT-909-Z042-APP-BK,,نجف,قطعة,قطعة,أسود,560,,4,نجف معلق بلون أسود، بتصميم عصري يناسب الصالات وغرف المعيشة والاستقبال، يدعم التحكم عن بُعد باستخدام الريموت، كما يدعم التحكم عبر تطبيق الهاتف المحمول لمزيد من سهولة الاستخدام. الرمز الداخلي للمنتج: HT-909-Z042-APP-BK.
نجف معلق ذهبي - HT-909,HT-909-DZ4-APP-FGD,,نجف,قطعة,قطعة,ذهبي,790,,4,نجف معلق بلون ذهبي، بتصميم عصري يناسب الصالات وغرف المعيشة والاستقبال، يدعم التحكم عن بُعد باستخدام الريموت، كما يدعم التحكم عبر تطبيق الهاتف المحمول لمزيد من سهولة الاستخدام. الرمز الداخلي للمنتج: HT-909-DZ4-APP-FGD.
نجف معلق أسود - HT-911-G23,HT-911-G23-APP-BK,,نجف,قطعة,قطعة,أسود,745,,4,نجف معلق بلون أسود، بتصميم عصري يناسب الصالات وغرف المعيشة والاستقبال، يدعم التحكم عن بُعد باستخدام الريموت، كما يدعم التحكم عبر تطبيق الهاتف المحمول لمزيد من سهولة الاستخدام. الرمز الداخلي للمنتج: HT-911-G23-APP-BK.
نجف معلق أسود - HT-911-G23,HT-911-G23-A-APP-BK,,نجف,قطعة,قطعة,أسود,720,,4,نجف معلق بلون أسود، بتصميم عصري يناسب الصالات وغرف المعيشة والاستقبال، يدعم التحكم عن بُعد باستخدام الريموت، كما يدعم التحكم عبر تطبيق الهاتف المحمول لمزيد من سهولة الاستخدام. الرمز الداخلي للمنتج: HT-911-G23-A-APP-BK.
نجف معلق ذهبي - HT-911-G23,HT-911-G23-A-APP-FGD,,نجف,قطعة,قطعة,ذهبي,845,,4,نجف معلق بلون ذهبي، بتصميم عصري يناسب الصالات وغرف المعيشة والاستقبال، يدعم التحكم عن بُعد باستخدام الريموت، كما يدعم التحكم عبر تطبيق الهاتف المحمول لمزيد من سهولة الاستخدام. الرمز الداخلي للمنتج: HT-911-G23-A-APP-FGD.
نجف معلق ذهبي - HT-912-G20,HT-912-G20-APP-FGD,,نجف,قطعة,قطعة,ذهبي,870,975,4,نجف معلق بلون ذهبي، بتصميم عصري يناسب الصالات وغرف المعيشة والاستقبال، يدعم التحكم عن بُعد باستخدام الريموت، كما يدعم التحكم عبر تطبيق الهاتف المحمول لمزيد من سهولة الاستخدام. الرمز الداخلي للمنتج: HT-912-G20-APP-FGD.
نجف معلق أسود - HT-914-G23,HT-914-G23-APP-BK,,نجف,قطعة,قطعة,أسود,695,,4,نجف معلق بلون أسود، بتصميم عصري يناسب الصالات وغرف المعيشة والاستقبال، يدعم التحكم عن بُعد باستخدام الريموت، كما يدعم التحكم عبر تطبيق الهاتف المحمول لمزيد من سهولة الاستخدام. الرمز الداخلي للمنتج: HT-914-G23-APP-BK.
نجف معلق أسود - HT-915,HT-915-G18-A-APP-BK,,نجف,قطعة,قطعة,أسود,650,750,4,نجف معلق بلون أسود، بتصميم عصري يناسب الصالات وغرف المعيشة والاستقبال، يدعم التحكم عن بُعد باستخدام الريموت، كما يدعم التحكم عبر تطبيق الهاتف المحمول لمزيد من سهولة الاستخدام. الرمز الداخلي للمنتج: HT-915-G18-A-APP-BK.
نجف معلق ذهبي - HT-915,HT-915-G18-Z034-APP-FGD,,نجف,قطعة,قطعة,ذهبي,,850,4,نجف معلق بلون ذهبي، بتصميم عصري يناسب الصالات وغرف المعيشة والاستقبال، يدعم التحكم عن بُعد باستخدام الريموت، كما يدعم التحكم عبر تطبيق الهاتف المحمول لمزيد من سهولة الاستخدام. الرمز الداخلي للمنتج: HT-915-G18-Z034-APP-FGD.
نجف معلق ذهبي - HT-915,HT-915-G23-A-APP-FGD,,نجف,قطعة,قطعة,ذهبي,755,850,4,نجف معلق بلون ذهبي، بتصميم عصري يناسب الصالات وغرف المعيشة والاستقبال، يدعم التحكم عن بُعد باستخدام الريموت، كما يدعم التحكم عبر تطبيق الهاتف المحمول لمزيد من سهولة الاستخدام. الرمز الداخلي للمنتج: HT-915-G23-A-APP-FGD.
نجف معلق أسود - HT-915,HT-915-G23-A-APP-BK,,نجف,قطعة,قطعة,أسود,650,,4,نجف معلق بلون أسود، بتصميم عصري يناسب الصالات وغرف المعيشة والاستقبال، يدعم التحكم عن بُعد باستخدام الريموت، كما يدعم التحكم عبر تطبيق الهاتف المحمول لمزيد من سهولة الاستخدام. الرمز الداخلي للمنتج: HT-915-G23-A-APP-BK.
نجف معلق ذهبي - HT-916-G40,HT-916-G40-APP-FGD,,نجف,قطعة,قطعة,ذهبي,975,1075,4,نجف معلق بلون ذهبي، بتصميم عصري يناسب الصالات وغرف المعيشة والاستقبال، يدعم التحكم عن بُعد باستخدام الريموت، كما يدعم التحكم عبر تطبيق الهاتف المحمول لمزيد من سهولة الاستخدام. الرمز الداخلي للمنتج: HT-916-G40-APP-FGD.
نجف معلق ذهبي - HT-916-G40,HT-916-G40-A-APP-FGD,,نجف,قطعة,قطعة,ذهبي,950,1075,4,نجف معلق بلون ذهبي، بتصميم عصري يناسب الصالات وغرف المعيشة والاستقبال، يدعم التحكم عن بُعد باستخدام الريموت، كما يدعم التحكم عبر تطبيق الهاتف المحمول لمزيد من سهولة الاستخدام. الرمز الداخلي للمنتج: HT-916-G40-A-APP-FGD.
نجف معلق أسود - HT-916-G40,HT-916-G40-APP-BK,,نجف,قطعة,قطعة,أسود,790,975,4,نجف معلق بلون أسود، بتصميم عصري يناسب الصالات وغرف المعيشة والاستقبال، يدعم التحكم عن بُعد باستخدام الريموت، كما يدعم التحكم عبر تطبيق الهاتف المحمول لمزيد من سهولة الاستخدام. الرمز الداخلي للمنتج: HT-916-G40-APP-BK.
نجف معلق شمبانيا - HT-916-G40,HT-916-G40-APP-CPG,,نجف,قطعة,قطعة,شمبانيا,835,975,4,نجف معلق بلون شمبانيا، بتصميم عصري يناسب الصالات وغرف المعيشة والاستقبال، يدعم التحكم عن بُعد باستخدام الريموت، كما يدعم التحكم عبر تطبيق الهاتف المحمول لمزيد من سهولة الاستخدام. الرمز الداخلي للمنتج: HT-916-G40-APP-CPG.
نجف معلق أسود - HT-918-G23,HT-918-G23-APP-BK,,نجف,قطعة,قطعة,أسود,805,,4,نجف معلق بلون أسود، بتصميم عصري يناسب الصالات وغرف المعيشة والاستقبال، يدعم التحكم عن بُعد باستخدام الريموت، كما يدعم التحكم عبر تطبيق الهاتف المحمول لمزيد من سهولة الاستخدام. الرمز الداخلي للمنتج: HT-918-G23-APP-BK.
نجف معلق ذهبي - HT-918-G23,HT-918-G23-APP-FGD,,نجف,قطعة,قطعة,ذهبي,935,1050,4,نجف معلق بلون ذهبي، بتصميم عصري يناسب الصالات وغرف المعيشة والاستقبال، يدعم التحكم عن بُعد باستخدام الريموت، كما يدعم التحكم عبر تطبيق الهاتف المحمول لمزيد من سهولة الاستخدام. الرمز الداخلي للمنتج: HT-918-G23-APP-FGD.
نجف معلق ذهبي - HT-918-G23,HT-918-G23-A-APP-FGD,,نجف,قطعة,قطعة,ذهبي,910,1050,4,نجف معلق بلون ذهبي، بتصميم عصري يناسب الصالات وغرف المعيشة والاستقبال، يدعم التحكم عن بُعد باستخدام الريموت، كما يدعم التحكم عبر تطبيق الهاتف المحمول لمزيد من سهولة الاستخدام. الرمز الداخلي للمنتج: HT-918-G23-A-APP-FGD.
نجف معلق ذهبي - HT-920-C29,HT-920-C29-FGD,,نجف,قطعة,قطعة,ذهبي,570,800,4,نجف معلق بلون ذهبي، بتصميم عصري يناسب الصالات وغرف المعيشة والاستقبال. الرمز الداخلي للمنتج: HT-920-C29-FGD.
نجف معلق أسود - HT-921-C15,HT-921-C15-BK,,نجف,قطعة,قطعة,أسود,430,625,4,نجف معلق بلون أسود، بتصميم عصري يناسب الصالات وغرف المعيشة والاستقبال، يدعم التحكم عن بُعد باستخدام الريموت، كما يدعم التحكم عبر تطبيق الهاتف المحمول لمزيد من سهولة الاستخدام. الرمز الداخلي للمنتج: HT-921-C15-BK.
نجف معلق أسود - HT-921-C15,HT-921-C15-A-BK,,نجف,قطعة,قطعة,أسود,405,,4,نجف معلق بلون أسود، بتصميم عصري يناسب الصالات وغرف المعيشة والاستقبال. الرمز الداخلي للمنتج: HT-921-C15-A-BK.
نجف معلق ذهبي - HT-921-C15,HT-921-C15-A-FGD,,نجف,قطعة,قطعة,ذهبي,500,,4,نجف معلق بلون ذهبي، بتصميم عصري يناسب الصالات وغرف المعيشة والاستقبال. الرمز الداخلي للمنتج: HT-921-C15-A-FGD.
نجف معلق شمبانيا - HT-921-C15,HT-921-C15-A-CPG,,نجف,قطعة,قطعة,شمبانيا,450,,4,نجف معلق بلون شمبانيا، بتصميم عصري يناسب الصالات وغرف المعيشة والاستقبال. الرمز الداخلي للمنتج: HT-921-C15-A-CPG.
نجف معلق أسود - HT-922-C8,HT-922-C8-BK,,نجف,قطعة,قطعة,أسود,420,625,4,نجف معلق بلون أسود، بتصميم عصري يناسب الصالات وغرف المعيشة والاستقبال، يدعم التحكم عن بُعد باستخدام الريموت، كما يدعم التحكم عبر تطبيق الهاتف المحمول لمزيد من سهولة الاستخدام. الرمز الداخلي للمنتج: HT-922-C8-BK.
نجف معلق أسود - HT-922-C8,HT-922-C8-A-BK,,نجف,قطعة,قطعة,أسود,395,,4,نجف معلق بلون أسود، بتصميم عصري يناسب الصالات وغرف المعيشة والاستقبال. الرمز الداخلي للمنتج: HT-922-C8-A-BK.
نجف معلق ذهبي - HT-922-C8,HT-922-C8-A-FGD,,نجف,قطعة,قطعة,ذهبي,500,,4,نجف معلق بلون ذهبي، بتصميم عصري يناسب الصالات وغرف المعيشة والاستقبال. الرمز الداخلي للمنتج: HT-922-C8-A-FGD.
نجف معلق أسود - HT-923-C10,HT-923-C10-BK,,نجف,قطعة,قطعة,أسود,420,625,4,نجف معلق بلون أسود، بتصميم عصري يناسب الصالات وغرف المعيشة والاستقبال. الرمز الداخلي للمنتج: HT-923-C10-BK.
نجف معلق أسود - HT-923-C10,HT-923-C10-A-BK,,نجف,قطعة,قطعة,أسود,395,,4,نجف معلق بلون أسود، بتصميم عصري يناسب الصالات وغرف المعيشة والاستقبال. الرمز الداخلي للمنتج: HT-923-C10-A-BK.
نجف معلق ذهبي - HT-923-C10,HT-923-C10-A-FGD,,نجف,قطعة,قطعة,ذهبي,500,,4,نجف معلق بلون ذهبي، بتصميم عصري يناسب الصالات وغرف المعيشة والاستقبال. الرمز الداخلي للمنتج: HT-923-C10-A-FGD.
نجف معلق أسود - HT-924,HT-924-A-APP-BK,,نجف,قطعة,قطعة,أسود,860,975,4,نجف معلق بلون أسود، بتصميم عصري يناسب الصالات وغرف المعيشة والاستقبال، يدعم التحكم عن بُعد باستخدام الريموت، كما يدعم التحكم عبر تطبيق الهاتف المحمول لمزيد من سهولة الاستخدام. الرمز الداخلي للمنتج: HT-924-A-APP-BK.
نجف معلق أسود - HT-925,HT-925-APP-BK,,نجف,قطعة,قطعة,أسود,1005,1350,4,نجف معلق بلون أسود، بتصميم عصري يناسب الصالات وغرف المعيشة والاستقبال، يدعم التحكم عن بُعد باستخدام الريموت، كما يدعم التحكم عبر تطبيق الهاتف المحمول لمزيد من سهولة الاستخدام. الرمز الداخلي للمنتج: HT-925-APP-BK.
نجف معلق أبيض - HT-925,HT-925-APP-WH,,نجف,قطعة,قطعة,أبيض,1005,1350,4,نجف معلق بلون أبيض، بتصميم عصري يناسب الصالات وغرف المعيشة والاستقبال، يدعم التحكم عن بُعد باستخدام الريموت، كما يدعم التحكم عبر تطبيق الهاتف المحمول لمزيد من سهولة الاستخدام. الرمز الداخلي للمنتج: HT-925-APP-WH.
نجف معلق ذهبي - HT-925,HT-925-APP-FGD,,نجف,قطعة,قطعة,ذهبي,1350,1450,4,نجف معلق بلون ذهبي، بتصميم عصري يناسب الصالات وغرف المعيشة والاستقبال، يدعم التحكم عن بُعد باستخدام الريموت، كما يدعم التحكم عبر تطبيق الهاتف المحمول لمزيد من سهولة الاستخدام. الرمز الداخلي للمنتج: HT-925-APP-FGD.
نجف معلق أسود - HT-926,HT-926-G23-APP-BK,,نجف,قطعة,قطعة,أسود,885,1000,4,نجف معلق بلون أسود، بتصميم عصري يناسب الصالات وغرف المعيشة والاستقبال، يدعم التحكم عن بُعد باستخدام الريموت، كما يدعم التحكم عبر تطبيق الهاتف المحمول لمزيد من سهولة الاستخدام. الرمز الداخلي للمنتج: HT-926-G23-APP-BK.
نجف معلق أسود - HT-927,HT-927-APP-Z028-BK,,نجف,قطعة,قطعة,أسود,,950,4,نجف معلق بلون أسود، بتصميم عصري يناسب الصالات وغرف المعيشة والاستقبال، يدعم التحكم عن بُعد باستخدام الريموت، كما يدعم التحكم عبر تطبيق الهاتف المحمول لمزيد من سهولة الاستخدام. الرمز الداخلي للمنتج: HT-927-APP-Z028-BK.
نجف معلق أبيض - HT-927,HT-927-APP-Z028-WH,,نجف,قطعة,قطعة,أبيض,790,1000,4,نجف معلق بلون أبيض، بتصميم عصري يناسب الصالات وغرف المعيشة والاستقبال، يدعم التحكم عن بُعد باستخدام الريموت، كما يدعم التحكم عبر تطبيق الهاتف المحمول لمزيد من سهولة الاستخدام. الرمز الداخلي للمنتج: HT-927-APP-Z028-WH.
نجف معلق أسود - HT-927,HT-927-APP-Z048-BK,,نجف,قطعة,قطعة,أسود,,,4,نجف معلق بلون أسود، بتصميم عصري يناسب الصالات وغرف المعيشة والاستقبال، يدعم التحكم عن بُعد باستخدام الريموت، كما يدعم التحكم عبر تطبيق الهاتف المحمول لمزيد من سهولة الاستخدام. الرمز الداخلي للمنتج: HT-927-APP-Z048-BK.
نجف معلق شمبانيا - HT-927,HT-927-APP-Z012-CPG,,نجف,قطعة,قطعة,شمبانيا,995,950,4,نجف معلق بلون شمبانيا، بتصميم عصري يناسب الصالات وغرف المعيشة والاستقبال، يدعم التحكم عن بُعد باستخدام الريموت، كما يدعم التحكم عبر تطبيق الهاتف المحمول لمزيد من سهولة الاستخدام. الرمز الداخلي للمنتج: HT-927-APP-Z012-CPG.
نجف معلق ذهبي - HT-927,HT-927-APP-Z012-FGD,,نجف,قطعة,قطعة,ذهبي,1115,1225,4,نجف معلق بلون ذهبي، بتصميم عصري يناسب الصالات وغرف المعيشة والاستقبال، يدعم التحكم عن بُعد باستخدام الريموت، كما يدعم التحكم عبر تطبيق الهاتف المحمول لمزيد من سهولة الاستخدام. الرمز الداخلي للمنتج: HT-927-APP-Z012-FGD.
نجف معلق أسود - HT-927,HT-927-APP-T28-BK,,نجف,قطعة,قطعة,أسود,,,4,نجف معلق بلون أسود، بتصميم عصري يناسب الصالات وغرف المعيشة والاستقبال، يدعم التحكم عن بُعد باستخدام الريموت، كما يدعم التحكم عبر تطبيق الهاتف المحمول لمزيد من سهولة الاستخدام. الرمز الداخلي للمنتج: HT-927-APP-T28-BK.
نجف معلق ذهبي - HT-930,HT-930-APP-Z019-FGD,,نجف,قطعة,قطعة,ذهبي,1080,1225,4,نجف معلق بلون ذهبي، بتصميم عصري يناسب الصالات وغرف المعيشة والاستقبال، يدعم التحكم عن بُعد باستخدام الريموت، كما يدعم التحكم عبر تطبيق الهاتف المحمول لمزيد من سهولة الاستخدام. الرمز الداخلي للمنتج: HT-930-APP-Z019-FGD.
نجف معلق أسود - HT-931,HT-931-APP-Z-020-BK,,نجف,قطعة,قطعة,أسود,975,1075,4,نجف معلق بلون أسود، بتصميم عصري يناسب الصالات وغرف المعيشة والاستقبال، يدعم التحكم عن بُعد باستخدام الريموت، كما يدعم التحكم عبر تطبيق الهاتف المحمول لمزيد من سهولة الاستخدام. الرمز الداخلي للمنتج: HT-931-APP-Z-020-BK.
نجف معلق ذهبي - HT-931,HT-931-APP-Z020-FGD,,نجف,قطعة,قطعة,ذهبي,,1275,4,نجف معلق بلون ذهبي، بتصميم عصري يناسب الصالات وغرف المعيشة والاستقبال، يدعم التحكم عن بُعد باستخدام الريموت، كما يدعم التحكم عبر تطبيق الهاتف المحمول لمزيد من سهولة الاستخدام. الرمز الداخلي للمنتج: HT-931-APP-Z020-FGD.
نجف معلق ذهبي - HT-931,HT-931-APP-Z012-FGD,,نجف,قطعة,قطعة,ذهبي,1165,1275,4,نجف معلق بلون ذهبي، بتصميم عصري يناسب الصالات وغرف المعيشة والاستقبال، يدعم التحكم عن بُعد باستخدام الريموت، كما يدعم التحكم عبر تطبيق الهاتف المحمول لمزيد من سهولة الاستخدام. الرمز الداخلي للمنتج: HT-931-APP-Z012-FGD.
نجف معلق أسود - HT-931,HT-931-APP-Z021-BK,,نجف,قطعة,قطعة,أسود,975,,4,نجف معلق بلون أسود، بتصميم عصري يناسب الصالات وغرف المعيشة والاستقبال، يدعم التحكم عن بُعد باستخدام الريموت، كما يدعم التحكم عبر تطبيق الهاتف المحمول لمزيد من سهولة الاستخدام. الرمز الداخلي للمنتج: HT-931-APP-Z021-BK.
نجف معلق أبيض - HT-931,HT-931-APP-Z021-WH,,نجف,قطعة,قطعة,أبيض,975,,4,نجف معلق بلون أبيض، بتصميم عصري يناسب الصالات وغرف المعيشة والاستقبال، يدعم التحكم عن بُعد باستخدام الريموت، كما يدعم التحكم عبر تطبيق الهاتف المحمول لمزيد من سهولة الاستخدام. الرمز الداخلي للمنتج: HT-931-APP-Z021-WH.
نجف معلق ذهبي - HT-931,HT-931-APP-Z021-FGD,,نجف,قطعة,قطعة,ذهبي,1165,1275,4,نجف معلق بلون ذهبي، بتصميم عصري يناسب الصالات وغرف المعيشة والاستقبال، يدعم التحكم عن بُعد باستخدام الريموت، كما يدعم التحكم عبر تطبيق الهاتف المحمول لمزيد من سهولة الاستخدام. الرمز الداخلي للمنتج: HT-931-APP-Z021-FGD.
نجف معلق ذهبي - HT-931,HT-931-APP-Z019-FGD,,نجف,قطعة,قطعة,ذهبي,,1275,4,نجف معلق بلون ذهبي، بتصميم عصري يناسب الصالات وغرف المعيشة والاستقبال، يدعم التحكم عن بُعد باستخدام الريموت، كما يدعم التحكم عبر تطبيق الهاتف المحمول لمزيد من سهولة الاستخدام. الرمز الداخلي للمنتج: HT-931-APP-Z019-FGD.
نجف معلق ذهبي - HT-933,HT-933-APP-FGD,,نجف,قطعة,قطعة,ذهبي,2150,2350,4,نجف معلق بلون ذهبي، بتصميم عصري يناسب الصالات وغرف المعيشة والاستقبال، يدعم التحكم عن بُعد باستخدام الريموت، كما يدعم التحكم عبر تطبيق الهاتف المحمول لمزيد من سهولة الاستخدام. الرمز الداخلي للمنتج: HT-933-APP-FGD.
نجف معلق أسود - HT-936,HT-936-G40-APP-BK,,نجف,قطعة,قطعة,أسود,610,,4,نجف معلق بلون أسود، بتصميم عصري يناسب الصالات وغرف المعيشة والاستقبال، يدعم التحكم عن بُعد باستخدام الريموت، كما يدعم التحكم عبر تطبيق الهاتف المحمول لمزيد من سهولة الاستخدام. الرمز الداخلي للمنتج: HT-936-G40-APP-BK.
نجف معلق ذهبي - HT-939,HT-939-FGD,,نجف,قطعة,قطعة,ذهبي,690,900,4,نجف معلق بلون ذهبي، بتصميم عصري يناسب الصالات وغرف المعيشة والاستقبال. الرمز الداخلي للمنتج: HT-939-FGD.
نجف معلق ذهبي - HT-939,HT-939-A-FGD,,نجف,قطعة,قطعة,ذهبي,665,,4,نجف معلق بلون ذهبي، بتصميم عصري يناسب الصالات وغرف المعيشة والاستقبال. الرمز الداخلي للمنتج: HT-939-A-FGD.
نجف معلق أسود - HT-940-G23,HT-940-G23-Z009-APP-BK,,نجف,قطعة,قطعة,أسود,750,,4,نجف معلق بلون أسود، بتصميم عصري يناسب الصالات وغرف المعيشة والاستقبال، يدعم التحكم عن بُعد باستخدام الريموت، كما يدعم التحكم عبر تطبيق الهاتف المحمول لمزيد من سهولة الاستخدام. الرمز الداخلي للمنتج: HT-940-G23-Z009-APP-BK.
نجف معلق أسود - HT-940-G23,HT-940-G23-Z055-APP-BK,,نجف,قطعة,قطعة,أسود,750,850,4,نجف معلق بلون أسود، بتصميم عصري يناسب الصالات وغرف المعيشة والاستقبال، يدعم التحكم عن بُعد باستخدام الريموت، كما يدعم التحكم عبر تطبيق الهاتف المحمول لمزيد من سهولة الاستخدام. الرمز الداخلي للمنتج: HT-940-G23-Z055-APP-BK.
نجف معلق أسود - HT-941,HT-941-APP-Z015-BK,,نجف,قطعة,قطعة,أسود,750,,4,نجف معلق بلون أسود، بتصميم عصري يناسب الصالات وغرف المعيشة والاستقبال، يدعم التحكم عن بُعد باستخدام الريموت، كما يدعم التحكم عبر تطبيق الهاتف المحمول لمزيد من سهولة الاستخدام. الرمز الداخلي للمنتج: HT-941-APP-Z015-BK.
نجف معلق أسود - HT-942,HT-942-APP-Z013-BK,,نجف,قطعة,قطعة,أسود,765,950,4,نجف معلق بلون أسود، بتصميم عصري يناسب الصالات وغرف المعيشة والاستقبال، يدعم التحكم عن بُعد باستخدام الريموت، كما يدعم التحكم عبر تطبيق الهاتف المحمول لمزيد من سهولة الاستخدام. الرمز الداخلي للمنتج: HT-942-APP-Z013-BK.
نجف معلق - HT-942,HT-942-APP-Z013-CF,,نجف,قطعة,قطعة,,765,,4,نجف معلق، بتصميم عصري يناسب الصالات وغرف المعيشة والاستقبال، يدعم التحكم عن بُعد باستخدام الريموت، كما يدعم التحكم عبر تطبيق الهاتف المحمول لمزيد من سهولة الاستخدام. الرمز الداخلي للمنتج: HT-942-APP-Z013-CF.
نجف معلق شمبانيا - HT-942,HT-942-APP-Z013-CPG,,نجف,قطعة,قطعة,شمبانيا,800,,4,نجف معلق بلون شمبانيا، بتصميم عصري يناسب الصالات وغرف المعيشة والاستقبال، يدعم التحكم عن بُعد باستخدام الريموت، كما يدعم التحكم عبر تطبيق الهاتف المحمول لمزيد من سهولة الاستخدام. الرمز الداخلي للمنتج: HT-942-APP-Z013-CPG.
نجف معلق أبيض - HT-942,HT-942-APP-Z013-WH,,نجف,قطعة,قطعة,أبيض,765,,4,نجف معلق بلون أبيض، بتصميم عصري يناسب الصالات وغرف المعيشة والاستقبال، يدعم التحكم عن بُعد باستخدام الريموت، كما يدعم التحكم عبر تطبيق الهاتف المحمول لمزيد من سهولة الاستخدام. الرمز الداخلي للمنتج: HT-942-APP-Z013-WH.
نجف معلق أسود - HT-942,HT-942-APP-Z015-BK,,نجف,قطعة,قطعة,أسود,720,,4,نجف معلق بلون أسود، بتصميم عصري يناسب الصالات وغرف المعيشة والاستقبال، يدعم التحكم عن بُعد باستخدام الريموت، كما يدعم التحكم عبر تطبيق الهاتف المحمول لمزيد من سهولة الاستخدام. الرمز الداخلي للمنتج: HT-942-APP-Z015-BK.
نجف معلق شمبانيا - HT-946,HT-946-APP-CPG,,نجف,قطعة,قطعة,شمبانيا,810,950,4,نجف معلق بلون شمبانيا، بتصميم عصري يناسب الصالات وغرف المعيشة والاستقبال، يدعم التحكم عن بُعد باستخدام الريموت، كما يدعم التحكم عبر تطبيق الهاتف المحمول لمزيد من سهولة الاستخدام. الرمز الداخلي للمنتج: HT-946-APP-CPG.
نجف معلق ذهبي - HT-947,HT-947-APP-FGD,,نجف,قطعة,قطعة,ذهبي,1205,1300,4,نجف معلق بلون ذهبي، بتصميم عصري يناسب الصالات وغرف المعيشة والاستقبال، يدعم التحكم عن بُعد باستخدام الريموت، كما يدعم التحكم عبر تطبيق الهاتف المحمول لمزيد من سهولة الاستخدام. الرمز الداخلي للمنتج: HT-947-APP-FGD.
نجف معلق ذهبي - HT-947,HT-947-A-APP-FGD,,نجف,قطعة,قطعة,ذهبي,1180,1300,4,نجف معلق بلون ذهبي، بتصميم عصري يناسب الصالات وغرف المعيشة والاستقبال، يدعم التحكم عن بُعد باستخدام الريموت، كما يدعم التحكم عبر تطبيق الهاتف المحمول لمزيد من سهولة الاستخدام. الرمز الداخلي للمنتج: HT-947-A-APP-FGD.
نجف معلق أسود - HT-947,HT-947-A-APP-BK,,نجف,قطعة,قطعة,أسود,950,1050,4,نجف معلق بلون أسود، بتصميم عصري يناسب الصالات وغرف المعيشة والاستقبال، يدعم التحكم عن بُعد باستخدام الريموت، كما يدعم التحكم عبر تطبيق الهاتف المحمول لمزيد من سهولة الاستخدام. الرمز الداخلي للمنتج: HT-947-A-APP-BK.
نجف معلق شمبانيا - HT-947,HT-947-A-APP-CPG,,نجف,قطعة,قطعة,شمبانيا,1020,1200,4,نجف معلق بلون شمبانيا، بتصميم عصري يناسب الصالات وغرف المعيشة والاستقبال، يدعم التحكم عن بُعد باستخدام الريموت، كما يدعم التحكم عبر تطبيق الهاتف المحمول لمزيد من سهولة الاستخدام. الرمز الداخلي للمنتج: HT-947-A-APP-CPG.
نجف معلق ذهبي - HT-949-G40,HT-949-G40-APP-FGD,,نجف,قطعة,قطعة,ذهبي,650,,4,نجف معلق بلون ذهبي، بتصميم عصري يناسب الصالات وغرف المعيشة والاستقبال، يدعم التحكم عن بُعد باستخدام الريموت، كما يدعم التحكم عبر تطبيق الهاتف المحمول لمزيد من سهولة الاستخدام. الرمز الداخلي للمنتج: HT-949-G40-APP-FGD.
نجف معلق شمبانيا - HT-952,HT-952-A-APP-CPG,,نجف,قطعة,قطعة,شمبانيا,900,1000,4,نجف معلق بلون شمبانيا، بتصميم عصري يناسب الصالات وغرف المعيشة والاستقبال، يدعم التحكم عن بُعد باستخدام الريموت، كما يدعم التحكم عبر تطبيق الهاتف المحمول لمزيد من سهولة الاستخدام. الرمز الداخلي للمنتج: HT-952-A-APP-CPG.
نجف معلق أسود - HT-952,HT-952-A-APP-BK,,نجف,قطعة,قطعة,أسود,850,950,4,نجف معلق بلون أسود، بتصميم عصري يناسب الصالات وغرف المعيشة والاستقبال، يدعم التحكم عن بُعد باستخدام الريموت، كما يدعم التحكم عبر تطبيق الهاتف المحمول لمزيد من سهولة الاستخدام. الرمز الداخلي للمنتج: HT-952-A-APP-BK.
نجف معلق ذهبي - HT-952,HT-952-A-APP-FGD,,نجف,قطعة,قطعة,ذهبي,1030,1150,4,نجف معلق بلون ذهبي، بتصميم عصري يناسب الصالات وغرف المعيشة والاستقبال، يدعم التحكم عن بُعد باستخدام الريموت، كما يدعم التحكم عبر تطبيق الهاتف المحمول لمزيد من سهولة الاستخدام. الرمز الداخلي للمنتج: HT-952-A-APP-FGD.
نجف معلق شمبانيا - HT-954,HT-954-A-APP-CPG,,نجف,قطعة,قطعة,شمبانيا,920,1050,4,نجف معلق بلون شمبانيا، بتصميم عصري يناسب الصالات وغرف المعيشة والاستقبال، يدعم التحكم عن بُعد باستخدام الريموت، كما يدعم التحكم عبر تطبيق الهاتف المحمول لمزيد من سهولة الاستخدام. الرمز الداخلي للمنتج: HT-954-A-APP-CPG.
نجف معلق ذهبي - HT-954,HT-954-A-APP-FGD,,نجف,قطعة,قطعة,ذهبي,1005,1100,4,نجف معلق بلون ذهبي، بتصميم عصري يناسب الصالات وغرف المعيشة والاستقبال، يدعم التحكم عن بُعد باستخدام الريموت، كما يدعم التحكم عبر تطبيق الهاتف المحمول لمزيد من سهولة الاستخدام. الرمز الداخلي للمنتج: HT-954-A-APP-FGD.
نجف معلق أسود - HT-954,HT-954-A-APP-BK,,نجف,قطعة,قطعة,أسود,850,950,4,نجف معلق بلون أسود، بتصميم عصري يناسب الصالات وغرف المعيشة والاستقبال، يدعم التحكم عن بُعد باستخدام الريموت، كما يدعم التحكم عبر تطبيق الهاتف المحمول لمزيد من سهولة الاستخدام. الرمز الداخلي للمنتج: HT-954-A-APP-BK.
نجف معلق أسود - HT-955,HT-955-A-APP-BK,,نجف,قطعة,قطعة,أسود,825,950,4,نجف معلق بلون أسود، بتصميم عصري يناسب الصالات وغرف المعيشة والاستقبال، يدعم التحكم عن بُعد باستخدام الريموت، كما يدعم التحكم عبر تطبيق الهاتف المحمول لمزيد من سهولة الاستخدام. الرمز الداخلي للمنتج: HT-955-A-APP-BK.
نجف معلق ذهبي - HT-955,HT-955-A-APP-FGD,,نجف,قطعة,قطعة,ذهبي,1005,1125,4,نجف معلق بلون ذهبي، بتصميم عصري يناسب الصالات وغرف المعيشة والاستقبال، يدعم التحكم عن بُعد باستخدام الريموت، كما يدعم التحكم عبر تطبيق الهاتف المحمول لمزيد من سهولة الاستخدام. الرمز الداخلي للمنتج: HT-955-A-APP-FGD.
نجف معلق شمبانيا - HT-955,HT-955-APP-CPG,,نجف,قطعة,قطعة,شمبانيا,900,,4,نجف معلق بلون شمبانيا، بتصميم عصري يناسب الصالات وغرف المعيشة والاستقبال، يدعم التحكم عن بُعد باستخدام الريموت، كما يدعم التحكم عبر تطبيق الهاتف المحمول لمزيد من سهولة الاستخدام. الرمز الداخلي للمنتج: HT-955-APP-CPG.
نجف معلق أسود - HT-955,HT-955-APP-BK,,نجف,قطعة,قطعة,أسود,850,,4,نجف معلق بلون أسود، بتصميم عصري يناسب الصالات وغرف المعيشة والاستقبال، يدعم التحكم عن بُعد باستخدام الريموت، كما يدعم التحكم عبر تطبيق الهاتف المحمول لمزيد من سهولة الاستخدام. الرمز الداخلي للمنتج: HT-955-APP-BK.
نجف معلق ذهبي - HT-955,HT-955-APP-FGD,,نجف,قطعة,قطعة,ذهبي,1030,1150,4,نجف معلق بلون ذهبي، بتصميم عصري يناسب الصالات وغرف المعيشة والاستقبال، يدعم التحكم عن بُعد باستخدام الريموت، كما يدعم التحكم عبر تطبيق الهاتف المحمول لمزيد من سهولة الاستخدام. الرمز الداخلي للمنتج: HT-955-APP-FGD.
نجف معلق أسود - HT-956,HT-956-APP-BK,,نجف,قطعة,قطعة,أسود,1155,1250,4,نجف معلق بلون أسود، بتصميم عصري يناسب الصالات وغرف المعيشة والاستقبال، يدعم التحكم عن بُعد باستخدام الريموت، كما يدعم التحكم عبر تطبيق الهاتف المحمول لمزيد من سهولة الاستخدام. الرمز الداخلي للمنتج: HT-956-APP-BK.
نجف معلق أسود - HT-960,HT-960-APP-BK,,نجف,قطعة,قطعة,أسود,1005,1275,4,نجف معلق بلون أسود، بتصميم عصري يناسب الصالات وغرف المعيشة والاستقبال، يدعم التحكم عن بُعد باستخدام الريموت، كما يدعم التحكم عبر تطبيق الهاتف المحمول لمزيد من سهولة الاستخدام. الرمز الداخلي للمنتج: HT-960-APP-BK.
نجف معلق شمبانيا - HT-960,HT-960-APP-CPG,,نجف,قطعة,قطعة,شمبانيا,1100,1275,4,نجف معلق بلون شمبانيا، بتصميم عصري يناسب الصالات وغرف المعيشة والاستقبال، يدعم التحكم عن بُعد باستخدام الريموت، كما يدعم التحكم عبر تطبيق الهاتف المحمول لمزيد من سهولة الاستخدام. الرمز الداخلي للمنتج: HT-960-APP-CPG.
نجف معلق ذهبي - HT-960,HT-960-APP-FGD,,نجف,قطعة,قطعة,ذهبي,1280,1375,4,نجف معلق بلون ذهبي، بتصميم عصري يناسب الصالات وغرف المعيشة والاستقبال، يدعم التحكم عن بُعد باستخدام الريموت، كما يدعم التحكم عبر تطبيق الهاتف المحمول لمزيد من سهولة الاستخدام. الرمز الداخلي للمنتج: HT-960-APP-FGD.
نجف معلق ذهبي - HT-963,HT-963-APP-FGD,,نجف,قطعة,قطعة,ذهبي,910,,4,نجف معلق بلون ذهبي، بتصميم عصري يناسب الصالات وغرف المعيشة والاستقبال، يدعم التحكم عن بُعد باستخدام الريموت، كما يدعم التحكم عبر تطبيق الهاتف المحمول لمزيد من سهولة الاستخدام. الرمز الداخلي للمنتج: HT-963-APP-FGD.
نجف معلق شمبانيا - HT-963,HT-963-APP-CPG,,نجف,قطعة,قطعة,شمبانيا,790,925,4,نجف معلق بلون شمبانيا، بتصميم عصري يناسب الصالات وغرف المعيشة والاستقبال، يدعم التحكم عن بُعد باستخدام الريموت، كما يدعم التحكم عبر تطبيق الهاتف المحمول لمزيد من سهولة الاستخدام. الرمز الداخلي للمنتج: HT-963-APP-CPG.
نجف معلق أسود - HT-963,HT-963-APP-BK,,نجف,قطعة,قطعة,أسود,750,,4,نجف معلق بلون أسود، بتصميم عصري يناسب الصالات وغرف المعيشة والاستقبال، يدعم التحكم عن بُعد باستخدام الريموت، كما يدعم التحكم عبر تطبيق الهاتف المحمول لمزيد من سهولة الاستخدام. الرمز الداخلي للمنتج: HT-963-APP-BK.
نجف معلق أسود - HT-968,HT-968-APP-BK,,نجف,قطعة,قطعة,أسود,790,,4,نجف معلق بلون أسود، بتصميم عصري يناسب الصالات وغرف المعيشة والاستقبال، يدعم التحكم عن بُعد باستخدام الريموت، كما يدعم التحكم عبر تطبيق الهاتف المحمول لمزيد من سهولة الاستخدام. الرمز الداخلي للمنتج: HT-968-APP-BK.
نجف معلق أسود - HT-969,HT-969-APP-BK,,نجف,قطعة,قطعة,أسود,810,975,4,نجف معلق بلون أسود، بتصميم عصري يناسب الصالات وغرف المعيشة والاستقبال، يدعم التحكم عن بُعد باستخدام الريموت، كما يدعم التحكم عبر تطبيق الهاتف المحمول لمزيد من سهولة الاستخدام. الرمز الداخلي للمنتج: HT-969-APP-BK.
نجف معلق أسود - HT-971,HT-971-APP-BK,,نجف,قطعة,قطعة,أسود,790,,4,نجف معلق بلون أسود، بتصميم عصري يناسب الصالات وغرف المعيشة والاستقبال، يدعم التحكم عن بُعد باستخدام الريموت، كما يدعم التحكم عبر تطبيق الهاتف المحمول لمزيد من سهولة الاستخدام. الرمز الداخلي للمنتج: HT-971-APP-BK.
نجف معلق شمبانيا - HT-972,HT-972-A-APP-CPG,,نجف,قطعة,قطعة,شمبانيا,1240,1350,4,نجف معلق بلون شمبانيا، بتصميم عصري يناسب الصالات وغرف المعيشة والاستقبال، يدعم التحكم عن بُعد باستخدام الريموت، كما يدعم التحكم عبر تطبيق الهاتف المحمول لمزيد من سهولة الاستخدام. الرمز الداخلي للمنتج: HT-972-A-APP-CPG.
نجف معلق أسود - HT-974,HT-974-A-APP-BK,,نجف,قطعة,قطعة,أسود,1455,1600,4,نجف معلق بلون أسود، بتصميم عصري يناسب الصالات وغرف المعيشة والاستقبال، يدعم التحكم عن بُعد باستخدام الريموت، كما يدعم التحكم عبر تطبيق الهاتف المحمول لمزيد من سهولة الاستخدام. الرمز الداخلي للمنتج: HT-974-A-APP-BK.
نجف معلق أسود - HT-975,HT-975-APP-BK,,نجف,قطعة,قطعة,أسود,1290,1400,4,نجف معلق بلون أسود، بتصميم عصري يناسب الصالات وغرف المعيشة والاستقبال، يدعم التحكم عن بُعد باستخدام الريموت، كما يدعم التحكم عبر تطبيق الهاتف المحمول لمزيد من سهولة الاستخدام. الرمز الداخلي للمنتج: HT-975-APP-BK.
نجف معلق أسود - HT-980,HT-980-APP-BK,,نجف,قطعة,قطعة,أسود,1180,1350,4,نجف معلق بلون أسود، بتصميم عصري يناسب الصالات وغرف المعيشة والاستقبال، يدعم التحكم عن بُعد باستخدام الريموت، كما يدعم التحكم عبر تطبيق الهاتف المحمول لمزيد من سهولة الاستخدام. الرمز الداخلي للمنتج: HT-980-APP-BK.
نجف معلق شمبانيا - HT-980,HT-980-APP-CPG,,نجف,قطعة,قطعة,شمبانيا,1260,1450,4,نجف معلق بلون شمبانيا، بتصميم عصري يناسب الصالات وغرف المعيشة والاستقبال، يدعم التحكم عن بُعد باستخدام الريموت، كما يدعم التحكم عبر تطبيق الهاتف المحمول لمزيد من سهولة الاستخدام. الرمز الداخلي للمنتج: HT-980-APP-CPG.
نجف معلق ذهبي - HT-980,HT-980-APP-FGD,,نجف,قطعة,قطعة,ذهبي,1390,1550,4,نجف معلق بلون ذهبي، بتصميم عصري يناسب الصالات وغرف المعيشة والاستقبال، يدعم التحكم عن بُعد باستخدام الريموت، كما يدعم التحكم عبر تطبيق الهاتف المحمول لمزيد من سهولة الاستخدام. الرمز الداخلي للمنتج: HT-980-APP-FGD.
نجف معلق أسود - HT-981,HT-981-APP-Z052-BK,,نجف,قطعة,قطعة,أسود,930,1050,4,نجف معلق بلون أسود، بتصميم عصري يناسب الصالات وغرف المعيشة والاستقبال، يدعم التحكم عن بُعد باستخدام الريموت، كما يدعم التحكم عبر تطبيق الهاتف المحمول لمزيد من سهولة الاستخدام. الرمز الداخلي للمنتج: HT-981-APP-Z052-BK.
نجف معلق أسود - HT-981,HT-981-APP-EZ022-BK,,نجف,قطعة,قطعة,أسود,960,,4,نجف معلق بلون أسود، بتصميم عصري يناسب الصالات وغرف المعيشة والاستقبال، يدعم التحكم عن بُعد باستخدام الريموت، كما يدعم التحكم عبر تطبيق الهاتف المحمول لمزيد من سهولة الاستخدام. الرمز الداخلي للمنتج: HT-981-APP-EZ022-BK.
نجف معلق أسود - HT-981,HT-981-APP-DZ-7-BK,,نجف,قطعة,قطعة,أسود,960,,4,نجف معلق بلون أسود، بتصميم عصري يناسب الصالات وغرف المعيشة والاستقبال، يدعم التحكم عن بُعد باستخدام الريموت، كما يدعم التحكم عبر تطبيق الهاتف المحمول لمزيد من سهولة الاستخدام. الرمز الداخلي للمنتج: HT-981-APP-DZ-7-BK.
نجف معلق شمبانيا - HT-982,HT-982-APP-CPG,,نجف,قطعة,قطعة,شمبانيا,1060,1250,4,نجف معلق بلون شمبانيا، بتصميم عصري يناسب الصالات وغرف المعيشة والاستقبال، يدعم التحكم عن بُعد باستخدام الريموت، كما يدعم التحكم عبر تطبيق الهاتف المحمول لمزيد من سهولة الاستخدام. الرمز الداخلي للمنتج: HT-982-APP-CPG.
نجف معلق أسود - HT-982,HT-982-APP-BK,,نجف,قطعة,قطعة,أسود,1000,,4,نجف معلق بلون أسود، بتصميم عصري يناسب الصالات وغرف المعيشة والاستقبال، يدعم التحكم عن بُعد باستخدام الريموت، كما يدعم التحكم عبر تطبيق الهاتف المحمول لمزيد من سهولة الاستخدام. الرمز الداخلي للمنتج: HT-982-APP-BK.
نجف معلق شمبانيا - HT-983,HT-983-APP-CPG,,نجف,قطعة,قطعة,شمبانيا,790,,4,نجف معلق بلون شمبانيا، بتصميم عصري يناسب الصالات وغرف المعيشة والاستقبال، يدعم التحكم عن بُعد باستخدام الريموت، كما يدعم التحكم عبر تطبيق الهاتف المحمول لمزيد من سهولة الاستخدام. الرمز الداخلي للمنتج: HT-983-APP-CPG.
نجف معلق أسود - HT-983,HT-983-APP-BK,,نجف,قطعة,قطعة,أسود,750,850,4,نجف معلق بلون أسود، بتصميم عصري يناسب الصالات وغرف المعيشة والاستقبال، يدعم التحكم عن بُعد باستخدام الريموت، كما يدعم التحكم عبر تطبيق الهاتف المحمول لمزيد من سهولة الاستخدام. الرمز الداخلي للمنتج: HT-983-APP-BK.
نجف معلق أسود - HT-984,HT-984-APP-Z012-BK,,نجف,قطعة,قطعة,أسود,,,4,نجف معلق بلون أسود، بتصميم عصري يناسب الصالات وغرف المعيشة والاستقبال، يدعم التحكم عن بُعد باستخدام الريموت، كما يدعم التحكم عبر تطبيق الهاتف المحمول لمزيد من سهولة الاستخدام. الرمز الداخلي للمنتج: HT-984-APP-Z012-BK.
نجف معلق أسود - HT-984,HT-984-APP-YZ009-BK,,نجف,قطعة,قطعة,أسود,950,1100,4,نجف معلق بلون أسود، بتصميم عصري يناسب الصالات وغرف المعيشة والاستقبال، يدعم التحكم عن بُعد باستخدام الريموت، كما يدعم التحكم عبر تطبيق الهاتف المحمول لمزيد من سهولة الاستخدام. الرمز الداخلي للمنتج: HT-984-APP-YZ009-BK.
نجف معلق أسود - HT-988,HT-988-Z057-APP-BK,,نجف,قطعة,قطعة,أسود,940,,4,نجف معلق بلون أسود، بتصميم عصري يناسب الصالات وغرف المعيشة والاستقبال، يدعم التحكم عن بُعد باستخدام الريموت، كما يدعم التحكم عبر تطبيق الهاتف المحمول لمزيد من سهولة الاستخدام. الرمز الداخلي للمنتج: HT-988-Z057-APP-BK.
نجف معلق ذهبي - HT-988,HT-988-EZ037-APP-FGD,,نجف,قطعة,قطعة,ذهبي,1010,1250,4,نجف معلق بلون ذهبي، بتصميم عصري يناسب الصالات وغرف المعيشة والاستقبال، يدعم التحكم عن بُعد باستخدام الريموت، كما يدعم التحكم عبر تطبيق الهاتف المحمول لمزيد من سهولة الاستخدام. الرمز الداخلي للمنتج: HT-988-EZ037-APP-FGD.
نجف معلق أسود - HT-988,HT-988-T37-APP-BK,,نجف,قطعة,قطعة,أسود,910,,4,نجف معلق بلون أسود، بتصميم عصري يناسب الصالات وغرف المعيشة والاستقبال، يدعم التحكم عن بُعد باستخدام الريموت، كما يدعم التحكم عبر تطبيق الهاتف المحمول لمزيد من سهولة الاستخدام. الرمز الداخلي للمنتج: HT-988-T37-APP-BK.
نجف معلق ذهبي - HT-988,HT-988-T37-APP-FGD,,نجف,قطعة,قطعة,ذهبي,1010,1250,4,نجف معلق بلون ذهبي، بتصميم عصري يناسب الصالات وغرف المعيشة والاستقبال، يدعم التحكم عن بُعد باستخدام الريموت، كما يدعم التحكم عبر تطبيق الهاتف المحمول لمزيد من سهولة الاستخدام. الرمز الداخلي للمنتج: HT-988-T37-APP-FGD.
نجف معلق ذهبي - HT-993,HT-993-600-APP-FGD,,نجف,قطعة,قطعة,ذهبي,3980,4350,4,نجف معلق بلون ذهبي، بتصميم عصري يناسب الصالات وغرف المعيشة والاستقبال، يدعم التحكم عن بُعد باستخدام الريموت، كما يدعم التحكم عبر تطبيق الهاتف المحمول لمزيد من سهولة الاستخدام. الرمز الداخلي للمنتج: HT-993-600-APP-FGD.
نجف معلق ذهبي - HT-994,HT-994-400-APP-FGD,,نجف,قطعة,قطعة,ذهبي,2550,2850,4,نجف معلق بلون ذهبي، بتصميم عصري يناسب الصالات وغرف المعيشة والاستقبال، يدعم التحكم عن بُعد باستخدام الريموت، كما يدعم التحكم عبر تطبيق الهاتف المحمول لمزيد من سهولة الاستخدام. الرمز الداخلي للمنتج: HT-994-400-APP-FGD.
نجف معلق ذهبي - HT-995,HT-995-350-APP-FGD,,نجف,قطعة,قطعة,ذهبي,2180,2550,4,نجف معلق بلون ذهبي، بتصميم عصري يناسب الصالات وغرف المعيشة والاستقبال، يدعم التحكم عن بُعد باستخدام الريموت، كما يدعم التحكم عبر تطبيق الهاتف المحمول لمزيد من سهولة الاستخدام. الرمز الداخلي للمنتج: HT-995-350-APP-FGD.
نجف معلق ذهبي - HT-996,HT-996-Z043-APP-FGD,,نجف,قطعة,قطعة,ذهبي,1235,1450,4,نجف معلق بلون ذهبي، بتصميم عصري يناسب الصالات وغرف المعيشة والاستقبال، يدعم التحكم عن بُعد باستخدام الريموت، كما يدعم التحكم عبر تطبيق الهاتف المحمول لمزيد من سهولة الاستخدام. الرمز الداخلي للمنتج: HT-996-Z043-APP-FGD.
نجف معلق شمبانيا - HT-1001,HT-1001-APP-Z026-CPG,,نجف,قطعة,قطعة,شمبانيا,1230,1350,4,نجف معلق بلون شمبانيا، بتصميم عصري يناسب الصالات وغرف المعيشة والاستقبال، يدعم التحكم عن بُعد باستخدام الريموت، كما يدعم التحكم عبر تطبيق الهاتف المحمول لمزيد من سهولة الاستخدام. الرمز الداخلي للمنتج: HT-1001-APP-Z026-CPG.
نجف معلق أسود - HT-1003,HT-1003-APP-BK,,نجف,قطعة,قطعة,أسود,550,650,4,نجف معلق بلون أسود، بتصميم عصري يناسب الصالات وغرف المعيشة والاستقبال، يدعم التحكم عن بُعد باستخدام الريموت، كما يدعم التحكم عبر تطبيق الهاتف المحمول لمزيد من سهولة الاستخدام. الرمز الداخلي للمنتج: HT-1003-APP-BK.
نجف معلق ذهبي - HT-1003,HT-1003-APP-FGD,,نجف,قطعة,قطعة,ذهبي,625,750,4,نجف معلق بلون ذهبي، بتصميم عصري يناسب الصالات وغرف المعيشة والاستقبال، يدعم التحكم عن بُعد باستخدام الريموت، كما يدعم التحكم عبر تطبيق الهاتف المحمول لمزيد من سهولة الاستخدام. الرمز الداخلي للمنتج: HT-1003-APP-FGD.
نجف معلق أسود - HT-1005,HT-1005-Z057-APP-BK,,نجف,قطعة,قطعة,أسود,645,,4,نجف معلق بلون أسود، بتصميم عصري يناسب الصالات وغرف المعيشة والاستقبال، يدعم التحكم عن بُعد باستخدام الريموت، كما يدعم التحكم عبر تطبيق الهاتف المحمول لمزيد من سهولة الاستخدام. الرمز الداخلي للمنتج: HT-1005-Z057-APP-BK.
نجف معلق ذهبي - HT-1005,HT-1005-Z057-APP-FGD,,نجف,قطعة,قطعة,ذهبي,740,,4,نجف معلق بلون ذهبي، بتصميم عصري يناسب الصالات وغرف المعيشة والاستقبال، يدعم التحكم عن بُعد باستخدام الريموت، كما يدعم التحكم عبر تطبيق الهاتف المحمول لمزيد من سهولة الاستخدام. الرمز الداخلي للمنتج: HT-1005-Z057-APP-FGD.
نجف معلق ذهبي - HT-1007,HT-1007-APP-FGD,,نجف,قطعة,قطعة,ذهبي,600,750,4,نجف معلق بلون ذهبي، بتصميم عصري يناسب الصالات وغرف المعيشة والاستقبال، يدعم التحكم عن بُعد باستخدام الريموت، كما يدعم التحكم عبر تطبيق الهاتف المحمول لمزيد من سهولة الاستخدام. الرمز الداخلي للمنتج: HT-1007-APP-FGD.
نجف معلق أسود - HT-1007,HT-1007-APP-BK,,نجف,قطعة,قطعة,أسود,520,650,4,نجف معلق بلون أسود، بتصميم عصري يناسب الصالات وغرف المعيشة والاستقبال، يدعم التحكم عن بُعد باستخدام الريموت، كما يدعم التحكم عبر تطبيق الهاتف المحمول لمزيد من سهولة الاستخدام. الرمز الداخلي للمنتج: HT-1007-APP-BK.
نجف معلق ذهبي - HT-1008,HT-1008-APP-FGD,,نجف,قطعة,قطعة,ذهبي,715,,4,نجف معلق بلون ذهبي، بتصميم عصري يناسب الصالات وغرف المعيشة والاستقبال، يدعم التحكم عن بُعد باستخدام الريموت، كما يدعم التحكم عبر تطبيق الهاتف المحمول لمزيد من سهولة الاستخدام. الرمز الداخلي للمنتج: HT-1008-APP-FGD.
نجف معلق أسود - HT-1008,HT-1008-APP-BK,,نجف,قطعة,قطعة,أسود,600,700,4,نجف معلق بلون أسود، بتصميم عصري يناسب الصالات وغرف المعيشة والاستقبال، يدعم التحكم عن بُعد باستخدام الريموت، كما يدعم التحكم عبر تطبيق الهاتف المحمول لمزيد من سهولة الاستخدام. الرمز الداخلي للمنتج: HT-1008-APP-BK.
نجف معلق ذهبي - HT-1009,HT-1009-APP-FGD,,نجف,قطعة,قطعة,ذهبي,750,850,4,نجف معلق بلون ذهبي، بتصميم عصري يناسب الصالات وغرف المعيشة والاستقبال، يدعم التحكم عن بُعد باستخدام الريموت، كما يدعم التحكم عبر تطبيق الهاتف المحمول لمزيد من سهولة الاستخدام. الرمز الداخلي للمنتج: HT-1009-APP-FGD.
نجف معلق أسود - HT-1010,HT-1010-Z029-APP-BK,,نجف,قطعة,قطعة,أسود,540,650,4,نجف معلق بلون أسود، بتصميم عصري يناسب الصالات وغرف المعيشة والاستقبال، يدعم التحكم عن بُعد باستخدام الريموت، كما يدعم التحكم عبر تطبيق الهاتف المحمول لمزيد من سهولة الاستخدام. الرمز الداخلي للمنتج: HT-1010-Z029-APP-BK.
نجف معلق ذهبي - HT-1010,HT-1010-Z029-APP-FGD,,نجف,قطعة,قطعة,ذهبي,605,750,4,نجف معلق بلون ذهبي، بتصميم عصري يناسب الصالات وغرف المعيشة والاستقبال، يدعم التحكم عن بُعد باستخدام الريموت، كما يدعم التحكم عبر تطبيق الهاتف المحمول لمزيد من سهولة الاستخدام. الرمز الداخلي للمنتج: HT-1010-Z029-APP-FGD.
نجف معلق ذهبي - HT-1011,HT-1011-Z029-APP-FGD,,نجف,قطعة,قطعة,ذهبي,655,775,4,نجف معلق بلون ذهبي، بتصميم عصري يناسب الصالات وغرف المعيشة والاستقبال، يدعم التحكم عن بُعد باستخدام الريموت، كما يدعم التحكم عبر تطبيق الهاتف المحمول لمزيد من سهولة الاستخدام. الرمز الداخلي للمنتج: HT-1011-Z029-APP-FGD.
نجف معلق أسود - HT-1011,HT-1011-Z029-APP-BK,,نجف,قطعة,قطعة,أسود,570,675,4,نجف معلق بلون أسود، بتصميم عصري يناسب الصالات وغرف المعيشة والاستقبال، يدعم التحكم عن بُعد باستخدام الريموت، كما يدعم التحكم عبر تطبيق الهاتف المحمول لمزيد من سهولة الاستخدام. الرمز الداخلي للمنتج: HT-1011-Z029-APP-BK.
نجف معلق أسود - HT-1012,HT-1012-Z029-APP-BK,,نجف,قطعة,قطعة,أسود,605,725,4,نجف معلق بلون أسود، بتصميم عصري يناسب الصالات وغرف المعيشة والاستقبال، يدعم التحكم عن بُعد باستخدام الريموت، كما يدعم التحكم عبر تطبيق الهاتف المحمول لمزيد من سهولة الاستخدام. الرمز الداخلي للمنتج: HT-1012-Z029-APP-BK.
نجف معلق ذهبي - HT-1012,HT-1012-Z029-APP-FGD,,نجف,قطعة,قطعة,ذهبي,715,850,4,نجف معلق بلون ذهبي، بتصميم عصري يناسب الصالات وغرف المعيشة والاستقبال، يدعم التحكم عن بُعد باستخدام الريموت، كما يدعم التحكم عبر تطبيق الهاتف المحمول لمزيد من سهولة الاستخدام. الرمز الداخلي للمنتج: HT-1012-Z029-APP-FGD.
نجف معلق أسود - HT-1013,HT-1013-Z036-APP-BK,,نجف,قطعة,قطعة,أسود,550,650,4,نجف معلق بلون أسود، بتصميم عصري يناسب الصالات وغرف المعيشة والاستقبال، يدعم التحكم عن بُعد باستخدام الريموت، كما يدعم التحكم عبر تطبيق الهاتف المحمول لمزيد من سهولة الاستخدام. الرمز الداخلي للمنتج: HT-1013-Z036-APP-BK.
نجف معلق ذهبي - HT-1013,HT-1013-Z036-APP-FGD,,نجف,قطعة,قطعة,ذهبي,635,750,4,نجف معلق بلون ذهبي، بتصميم عصري يناسب الصالات وغرف المعيشة والاستقبال، يدعم التحكم عن بُعد باستخدام الريموت، كما يدعم التحكم عبر تطبيق الهاتف المحمول لمزيد من سهولة الاستخدام. الرمز الداخلي للمنتج: HT-1013-Z036-APP-FGD.
نجف معلق ذهبي - HT-1015,HT-1015-Z036-APP-FGD,,نجف,قطعة,قطعة,ذهبي,780,850,4,نجف معلق بلون ذهبي، بتصميم عصري يناسب الصالات وغرف المعيشة والاستقبال، يدعم التحكم عن بُعد باستخدام الريموت، كما يدعم التحكم عبر تطبيق الهاتف المحمول لمزيد من سهولة الاستخدام. الرمز الداخلي للمنتج: HT-1015-Z036-APP-FGD.
نجف معلق أسود - HT-1015,HT-1015-Z036-APP-BK,,نجف,قطعة,قطعة,أسود,635,750,4,نجف معلق بلون أسود، بتصميم عصري يناسب الصالات وغرف المعيشة والاستقبال، يدعم التحكم عن بُعد باستخدام الريموت، كما يدعم التحكم عبر تطبيق الهاتف المحمول لمزيد من سهولة الاستخدام. الرمز الداخلي للمنتج: HT-1015-Z036-APP-BK.
نجف معلق أسود - HT-1016,HT-1016-APP-BK,,نجف,قطعة,قطعة,أسود,550,650,4,نجف معلق بلون أسود، بتصميم عصري يناسب الصالات وغرف المعيشة والاستقبال، يدعم التحكم عن بُعد باستخدام الريموت، كما يدعم التحكم عبر تطبيق الهاتف المحمول لمزيد من سهولة الاستخدام. الرمز الداخلي للمنتج: HT-1016-APP-BK.
نجف معلق ذهبي - HT-1016,HT-1016-APP-FGD,,نجف,قطعة,قطعة,ذهبي,625,750,4,نجف معلق بلون ذهبي، بتصميم عصري يناسب الصالات وغرف المعيشة والاستقبال، يدعم التحكم عن بُعد باستخدام الريموت، كما يدعم التحكم عبر تطبيق الهاتف المحمول لمزيد من سهولة الاستخدام. الرمز الداخلي للمنتج: HT-1016-APP-FGD.
نجف معلق ذهبي - HT-1017,HT-1017-APP-FGD,,نجف,قطعة,قطعة,ذهبي,980,1250,4,نجف معلق بلون ذهبي، بتصميم عصري يناسب الصالات وغرف المعيشة والاستقبال، يدعم التحكم عن بُعد باستخدام الريموت، كما يدعم التحكم عبر تطبيق الهاتف المحمول لمزيد من سهولة الاستخدام. الرمز الداخلي للمنتج: HT-1017-APP-FGD.
نجف معلق ذهبي - HT-1021,HT-1021-APP-FGD,,نجف,قطعة,قطعة,ذهبي,2980,3750,4,نجف معلق بلون ذهبي، بتصميم عصري يناسب الصالات وغرف المعيشة والاستقبال، يدعم التحكم عن بُعد باستخدام الريموت، كما يدعم التحكم عبر تطبيق الهاتف المحمول لمزيد من سهولة الاستخدام. الرمز الداخلي للمنتج: HT-1021-APP-FGD.
نجف معلق ذهبي - HT1022,HT1022-APP-FGD,,نجف,قطعة,قطعة,ذهبي,2195,2750,4,نجف معلق بلون ذهبي، بتصميم عصري يناسب الصالات وغرف المعيشة والاستقبال، يدعم التحكم عن بُعد باستخدام الريموت، كما يدعم التحكم عبر تطبيق الهاتف المحمول لمزيد من سهولة الاستخدام. الرمز الداخلي للمنتج: HT1022-APP-FGD.
نجف معلق ذهبي - HT1023,HT1023-80-APP-FGD,,نجف,قطعة,قطعة,ذهبي,3485,4100,4,نجف معلق بلون ذهبي، بتصميم عصري يناسب الصالات وغرف المعيشة والاستقبال، يدعم التحكم عن بُعد باستخدام الريموت، كما يدعم التحكم عبر تطبيق الهاتف المحمول لمزيد من سهولة الاستخدام. الرمز الداخلي للمنتج: HT1023-80-APP-FGD.
نجف معلق ذهبي - HT1026,HT1026-100-APP-FGD,,نجف,قطعة,قطعة,ذهبي,4350,,4,نجف معلق بلون ذهبي، بتصميم عصري يناسب الصالات وغرف المعيشة والاستقبال، يدعم التحكم عن بُعد باستخدام الريموت، كما يدعم التحكم عبر تطبيق الهاتف المحمول لمزيد من سهولة الاستخدام. الرمز الداخلي للمنتج: HT1026-100-APP-FGD.
نجف معلق أسود - HT-1027,HT-1027-A-APP-BK,,نجف,قطعة,قطعة,أسود,570,700,4,نجف معلق بلون أسود، بتصميم عصري يناسب الصالات وغرف المعيشة والاستقبال، يدعم التحكم عن بُعد باستخدام الريموت، كما يدعم التحكم عبر تطبيق الهاتف المحمول لمزيد من سهولة الاستخدام. الرمز الداخلي للمنتج: HT-1027-A-APP-BK.
نجف معلق ذهبي - HT-1027,HT-1027-A-APP-FGD,,نجف,قطعة,قطعة,ذهبي,655,800,4,نجف معلق بلون ذهبي، بتصميم عصري يناسب الصالات وغرف المعيشة والاستقبال، يدعم التحكم عن بُعد باستخدام الريموت، كما يدعم التحكم عبر تطبيق الهاتف المحمول لمزيد من سهولة الاستخدام. الرمز الداخلي للمنتج: HT-1027-A-APP-FGD.
نجف معلق ذهبي - HT-1035,HT-1035-APP-FGD,,نجف,قطعة,قطعة,ذهبي,1030,1150,4,نجف معلق بلون ذهبي، بتصميم عصري يناسب الصالات وغرف المعيشة والاستقبال، يدعم التحكم عن بُعد باستخدام الريموت، كما يدعم التحكم عبر تطبيق الهاتف المحمول لمزيد من سهولة الاستخدام. الرمز الداخلي للمنتج: HT-1035-APP-FGD.
نجف معلق ذهبي - HT-1036,HT-1036-APP-FGD,,نجف,قطعة,قطعة,ذهبي,1550,2050,4,نجف معلق بلون ذهبي، بتصميم عصري يناسب الصالات وغرف المعيشة والاستقبال، يدعم التحكم عن بُعد باستخدام الريموت، كما يدعم التحكم عبر تطبيق الهاتف المحمول لمزيد من سهولة الاستخدام. الرمز الداخلي للمنتج: HT-1036-APP-FGD.
نجف معلق ذهبي - HT-1037,HT-1037-APP-FGD,,نجف,قطعة,قطعة,ذهبي,3740,4250,4,نجف معلق بلون ذهبي، بتصميم عصري يناسب الصالات وغرف المعيشة والاستقبال، يدعم التحكم عن بُعد باستخدام الريموت، كما يدعم التحكم عبر تطبيق الهاتف المحمول لمزيد من سهولة الاستخدام. الرمز الداخلي للمنتج: HT-1037-APP-FGD.
نجف معلق ذهبي - HT-1038,HT-1038-Z042-APP-FGD,,نجف,قطعة,قطعة,ذهبي,935,1050,4,نجف معلق بلون ذهبي، بتصميم عصري يناسب الصالات وغرف المعيشة والاستقبال، يدعم التحكم عن بُعد باستخدام الريموت، كما يدعم التحكم عبر تطبيق الهاتف المحمول لمزيد من سهولة الاستخدام. الرمز الداخلي للمنتج: HT-1038-Z042-APP-FGD.
نجف معلق أسود - HT-1038,HT-1038-Z047-APP-BK,,نجف,قطعة,قطعة,أسود,850,,4,نجف معلق بلون أسود، بتصميم عصري يناسب الصالات وغرف المعيشة والاستقبال، يدعم التحكم عن بُعد باستخدام الريموت، كما يدعم التحكم عبر تطبيق الهاتف المحمول لمزيد من سهولة الاستخدام. الرمز الداخلي للمنتج: HT-1038-Z047-APP-BK.
نجف معلق ذهبي - HT-1046,HT-1046-APP-FGD,,نجف,قطعة,قطعة,ذهبي,5200,5750,4,نجف معلق بلون ذهبي، بتصميم عصري يناسب الصالات وغرف المعيشة والاستقبال، يدعم التحكم عن بُعد باستخدام الريموت، كما يدعم التحكم عبر تطبيق الهاتف المحمول لمزيد من سهولة الاستخدام. الرمز الداخلي للمنتج: HT-1046-APP-FGD.
نجف معلق أسود - HT-1069,HT-1069-Z047-APP-BK,,نجف,قطعة,قطعة,أسود,845,975,4,نجف معلق بلون أسود، بتصميم عصري يناسب الصالات وغرف المعيشة والاستقبال، يدعم التحكم عن بُعد باستخدام الريموت، كما يدعم التحكم عبر تطبيق الهاتف المحمول لمزيد من سهولة الاستخدام. الرمز الداخلي للمنتج: HT-1069-Z047-APP-BK.
نجف معلق ذهبي - RL-101,RL-101-FGD,,نجف,قطعة,قطعة,ذهبي,900,975,4,نجف معلق بلون ذهبي، بتصميم عصري يناسب الصالات وغرف المعيشة والاستقبال. الرمز الداخلي للمنتج: RL-101-FGD.
نجف معلق ذهبي - RL-113,RL-113-FGD,,نجف,قطعة,قطعة,ذهبي,1000,,4,نجف معلق بلون ذهبي، بتصميم عصري يناسب الصالات وغرف المعيشة والاستقبال. الرمز الداخلي للمنتج: RL-113-FGD.
نجف معلق ذهبي - RL-114,RL-114-APP-FGD,,نجف,قطعة,قطعة,ذهبي,1050,,4,نجف معلق بلون ذهبي، بتصميم عصري يناسب الصالات وغرف المعيشة والاستقبال، يدعم التحكم عن بُعد باستخدام الريموت، كما يدعم التحكم عبر تطبيق الهاتف المحمول لمزيد من سهولة الاستخدام. الرمز الداخلي للمنتج: RL-114-APP-FGD.
نجف معلق ذهبي - RL-204,RL-204-FGD,,نجف,قطعة,قطعة,ذهبي,1190,1250,4,نجف معلق بلون ذهبي، بتصميم عصري يناسب الصالات وغرف المعيشة والاستقبال. الرمز الداخلي للمنتج: RL-204-FGD.
نجف معلق - RL-204,RL-204-CF,,نجف,قطعة,قطعة,,1035,1150,4,نجف معلق، بتصميم عصري يناسب الصالات وغرف المعيشة والاستقبال. الرمز الداخلي للمنتج: RL-204-CF.
نجف معلق رمادي/فضي - RL-204,RL-204-GR,,نجف,قطعة,قطعة,رمادي/فضي,1035,1150,4,نجف معلق بلون رمادي/فضي، بتصميم عصري يناسب الصالات وغرف المعيشة والاستقبال. الرمز الداخلي للمنتج: RL-204-GR.
نجف معلق ذهبي - RL-213,RL-213-FGD,,نجف,قطعة,قطعة,ذهبي,1870,,4,نجف معلق بلون ذهبي، بتصميم عصري يناسب الصالات وغرف المعيشة والاستقبال. الرمز الداخلي للمنتج: RL-213-FGD.
نجف معلق ذهبي - RL-216,RL-216-GD,,نجف,قطعة,قطعة,ذهبي,935,1150,4,نجف معلق بلون ذهبي، بتصميم عصري يناسب الصالات وغرف المعيشة والاستقبال. الرمز الداخلي للمنتج: RL-216-GD.
نجف معلق رمادي/فضي - RL-216,RL-216-GR,,نجف,قطعة,قطعة,رمادي/فضي,805,1050,4,نجف معلق بلون رمادي/فضي، بتصميم عصري يناسب الصالات وغرف المعيشة والاستقبال. الرمز الداخلي للمنتج: RL-216-GR.
نجف معلق - RL-216,RL-216-CF,,نجف,قطعة,قطعة,,805,1050,4,نجف معلق، بتصميم عصري يناسب الصالات وغرف المعيشة والاستقبال. الرمز الداخلي للمنتج: RL-216-CF.
نجف معلق ذهبي - RL-603,RL-603-APP-FGD,,نجف,قطعة,قطعة,ذهبي,1020,1050,4,نجف معلق بلون ذهبي، بتصميم عصري يناسب الصالات وغرف المعيشة والاستقبال، يدعم التحكم عن بُعد باستخدام الريموت، كما يدعم التحكم عبر تطبيق الهاتف المحمول لمزيد من سهولة الاستخدام. الرمز الداخلي للمنتج: RL-603-APP-FGD.
نجف معلق أسود - RL-603,RL-603-APP-BK,,نجف,قطعة,قطعة,أسود,835,,4,نجف معلق بلون أسود، بتصميم عصري يناسب الصالات وغرف المعيشة والاستقبال، يدعم التحكم عن بُعد باستخدام الريموت، كما يدعم التحكم عبر تطبيق الهاتف المحمول لمزيد من سهولة الاستخدام. الرمز الداخلي للمنتج: RL-603-APP-BK.
نجف معلق ذهبي - RL-605,RL-605-APP-FGD,,نجف,قطعة,قطعة,ذهبي,1135,1350,4,نجف معلق بلون ذهبي، بتصميم عصري يناسب الصالات وغرف المعيشة والاستقبال، يدعم التحكم عن بُعد باستخدام الريموت، كما يدعم التحكم عبر تطبيق الهاتف المحمول لمزيد من سهولة الاستخدام. الرمز الداخلي للمنتج: RL-605-APP-FGD.
نجف معلق ذهبي - RL-605,RL-605-A-APP-FGD,,نجف,قطعة,قطعة,ذهبي,1110,,4,نجف معلق بلون ذهبي، بتصميم عصري يناسب الصالات وغرف المعيشة والاستقبال، يدعم التحكم عن بُعد باستخدام الريموت، كما يدعم التحكم عبر تطبيق الهاتف المحمول لمزيد من سهولة الاستخدام. الرمز الداخلي للمنتج: RL-605-A-APP-FGD.
نجف معلق ذهبي - RL-606,RL-606-APP-FGD,,نجف,قطعة,قطعة,ذهبي,1045,1250,4,نجف معلق بلون ذهبي، بتصميم عصري يناسب الصالات وغرف المعيشة والاستقبال، يدعم التحكم عن بُعد باستخدام الريموت، كما يدعم التحكم عبر تطبيق الهاتف المحمول لمزيد من سهولة الاستخدام. الرمز الداخلي للمنتج: RL-606-APP-FGD.
نجف معلق ذهبي - RL-607,RL-607-APP-FGD,,نجف,قطعة,قطعة,ذهبي,1335,1450,4,نجف معلق بلون ذهبي، بتصميم عصري يناسب الصالات وغرف المعيشة والاستقبال، يدعم التحكم عن بُعد باستخدام الريموت، كما يدعم التحكم عبر تطبيق الهاتف المحمول لمزيد من سهولة الاستخدام. الرمز الداخلي للمنتج: RL-607-APP-FGD.
نجف معلق ذهبي - RL-607-G13,RL-607-G13-APP-FGD,,نجف,قطعة,قطعة,ذهبي,,1500,4,نجف معلق بلون ذهبي، بتصميم عصري يناسب الصالات وغرف المعيشة والاستقبال، يدعم التحكم عن بُعد باستخدام الريموت، كما يدعم التحكم عبر تطبيق الهاتف المحمول لمزيد من سهولة الاستخدام. الرمز الداخلي للمنتج: RL-607-G13-APP-FGD.
نجف معلق ذهبي - RL-608,RL-608-APP-FGD,,نجف,قطعة,قطعة,ذهبي,1250,1375,4,نجف معلق بلون ذهبي، بتصميم عصري يناسب الصالات وغرف المعيشة والاستقبال، يدعم التحكم عن بُعد باستخدام الريموت، كما يدعم التحكم عبر تطبيق الهاتف المحمول لمزيد من سهولة الاستخدام. الرمز الداخلي للمنتج: RL-608-APP-FGD.
نجف معلق ذهبي - RL-608-G20,RL-608-G20-APP-FGD,,نجف,قطعة,قطعة,ذهبي,1250,1350,4,نجف معلق بلون ذهبي، بتصميم عصري يناسب الصالات وغرف المعيشة والاستقبال، يدعم التحكم عن بُعد باستخدام الريموت، كما يدعم التحكم عبر تطبيق الهاتف المحمول لمزيد من سهولة الاستخدام. الرمز الداخلي للمنتج: RL-608-G20-APP-FGD.
نجف معلق ذهبي - RL-610,RL-610-APP-FGD,,نجف,قطعة,قطعة,ذهبي,1365,1475,4,نجف معلق بلون ذهبي، بتصميم عصري يناسب الصالات وغرف المعيشة والاستقبال، يدعم التحكم عن بُعد باستخدام الريموت، كما يدعم التحكم عبر تطبيق الهاتف المحمول لمزيد من سهولة الاستخدام. الرمز الداخلي للمنتج: RL-610-APP-FGD.
نجف معلق ذهبي - RL-611,RL-611-APP-FGD,,نجف,قطعة,قطعة,ذهبي,1150,1250,4,نجف معلق بلون ذهبي، بتصميم عصري يناسب الصالات وغرف المعيشة والاستقبال، يدعم التحكم عن بُعد باستخدام الريموت، كما يدعم التحكم عبر تطبيق الهاتف المحمول لمزيد من سهولة الاستخدام. الرمز الداخلي للمنتج: RL-611-APP-FGD.
نجف معلق ذهبي - RL-612-G13,RL-612-G13-APP-FGD,,نجف,قطعة,قطعة,ذهبي,1510,1650,4,نجف معلق بلون ذهبي، بتصميم عصري يناسب الصالات وغرف المعيشة والاستقبال، يدعم التحكم عن بُعد باستخدام الريموت، كما يدعم التحكم عبر تطبيق الهاتف المحمول لمزيد من سهولة الاستخدام. الرمز الداخلي للمنتج: RL-612-G13-APP-FGD.
نجف معلق - RL-617,RL-617-APP-CF,,نجف,قطعة,قطعة,,905,1050,4,نجف معلق، بتصميم عصري يناسب الصالات وغرف المعيشة والاستقبال، يدعم التحكم عن بُعد باستخدام الريموت، كما يدعم التحكم عبر تطبيق الهاتف المحمول لمزيد من سهولة الاستخدام. الرمز الداخلي للمنتج: RL-617-APP-CF.
نجف معلق رمادي/فضي - RL-617,RL-617-APP-GR,,نجف,قطعة,قطعة,رمادي/فضي,905,1050,4,نجف معلق بلون رمادي/فضي، بتصميم عصري يناسب الصالات وغرف المعيشة والاستقبال، يدعم التحكم عن بُعد باستخدام الريموت، كما يدعم التحكم عبر تطبيق الهاتف المحمول لمزيد من سهولة الاستخدام. الرمز الداخلي للمنتج: RL-617-APP-GR.
نجف معلق ذهبي - RL-617,RL-617-APP-FGD,,نجف,قطعة,قطعة,ذهبي,950,1050,4,نجف معلق بلون ذهبي، بتصميم عصري يناسب الصالات وغرف المعيشة والاستقبال، يدعم التحكم عن بُعد باستخدام الريموت، كما يدعم التحكم عبر تطبيق الهاتف المحمول لمزيد من سهولة الاستخدام. الرمز الداخلي للمنتج: RL-617-APP-FGD.
نجف معلق أسود - RL-617,RL-617-APP-BK,,نجف,قطعة,قطعة,أسود,905,1050,4,نجف معلق بلون أسود، بتصميم عصري يناسب الصالات وغرف المعيشة والاستقبال، يدعم التحكم عن بُعد باستخدام الريموت، كما يدعم التحكم عبر تطبيق الهاتف المحمول لمزيد من سهولة الاستخدام. الرمز الداخلي للمنتج: RL-617-APP-BK.
نجف معلق رمادي/فضي - RL-617,RL-617-A-APP-GR,,نجف,قطعة,قطعة,رمادي/فضي,880,1050,4,نجف معلق بلون رمادي/فضي، بتصميم عصري يناسب الصالات وغرف المعيشة والاستقبال، يدعم التحكم عن بُعد باستخدام الريموت، كما يدعم التحكم عبر تطبيق الهاتف المحمول لمزيد من سهولة الاستخدام. الرمز الداخلي للمنتج: RL-617-A-APP-GR.
نجف معلق - RL-617,RL-617-A-APP-CF,,نجف,قطعة,قطعة,,880,1150,4,نجف معلق، بتصميم عصري يناسب الصالات وغرف المعيشة والاستقبال، يدعم التحكم عن بُعد باستخدام الريموت، كما يدعم التحكم عبر تطبيق الهاتف المحمول لمزيد من سهولة الاستخدام. الرمز الداخلي للمنتج: RL-617-A-APP-CF.
نجف معلق ذهبي - RL-617,RL-617-A-APP-FGD,,نجف,قطعة,قطعة,ذهبي,925,1050,4,نجف معلق بلون ذهبي، بتصميم عصري يناسب الصالات وغرف المعيشة والاستقبال، يدعم التحكم عن بُعد باستخدام الريموت، كما يدعم التحكم عبر تطبيق الهاتف المحمول لمزيد من سهولة الاستخدام. الرمز الداخلي للمنتج: RL-617-A-APP-FGD.
نجف معلق أسود - RL-617,RL-617-A-APP-BK,,نجف,قطعة,قطعة,أسود,880,1050,4,نجف معلق بلون أسود، بتصميم عصري يناسب الصالات وغرف المعيشة والاستقبال، يدعم التحكم عن بُعد باستخدام الريموت، كما يدعم التحكم عبر تطبيق الهاتف المحمول لمزيد من سهولة الاستخدام. الرمز الداخلي للمنتج: RL-617-A-APP-BK.
نجف معلق شمبانيا - RL-617,RL-617-A-APP-CPG,,نجف,قطعة,قطعة,شمبانيا,900,1050,4,نجف معلق بلون شمبانيا، بتصميم عصري يناسب الصالات وغرف المعيشة والاستقبال، يدعم التحكم عن بُعد باستخدام الريموت، كما يدعم التحكم عبر تطبيق الهاتف المحمول لمزيد من سهولة الاستخدام. الرمز الداخلي للمنتج: RL-617-A-APP-CPG.
نجف معلق أسود - RL-617-G13,RL-617-G13-A-APP-BK,,نجف,قطعة,قطعة,أسود,900,1050,4,نجف معلق بلون أسود، بتصميم عصري يناسب الصالات وغرف المعيشة والاستقبال، يدعم التحكم عن بُعد باستخدام الريموت، كما يدعم التحكم عبر تطبيق الهاتف المحمول لمزيد من سهولة الاستخدام. الرمز الداخلي للمنتج: RL-617-G13-A-APP-BK.
نجف معلق ذهبي - RL-618,RL-618-APP-FGD,,نجف,قطعة,قطعة,ذهبي,1165,1275,4,نجف معلق بلون ذهبي، بتصميم عصري يناسب الصالات وغرف المعيشة والاستقبال، يدعم التحكم عن بُعد باستخدام الريموت، كما يدعم التحكم عبر تطبيق الهاتف المحمول لمزيد من سهولة الاستخدام. الرمز الداخلي للمنتج: RL-618-APP-FGD.
نجف معلق ذهبي - RL-619,RL-619-APP-FGD,,نجف,قطعة,قطعة,ذهبي,885,1050,4,نجف معلق بلون ذهبي، بتصميم عصري يناسب الصالات وغرف المعيشة والاستقبال، يدعم التحكم عن بُعد باستخدام الريموت، كما يدعم التحكم عبر تطبيق الهاتف المحمول لمزيد من سهولة الاستخدام. الرمز الداخلي للمنتج: RL-619-APP-FGD.
نجف معلق ذهبي - RL-620,RL-620-APP-FGD,,نجف,قطعة,قطعة,ذهبي,1125,1250,4,نجف معلق بلون ذهبي، بتصميم عصري يناسب الصالات وغرف المعيشة والاستقبال، يدعم التحكم عن بُعد باستخدام الريموت، كما يدعم التحكم عبر تطبيق الهاتف المحمول لمزيد من سهولة الاستخدام. الرمز الداخلي للمنتج: RL-620-APP-FGD.
نجف معلق ذهبي - RL-621,RL-621-APP-FGD,,نجف,قطعة,قطعة,ذهبي,800,900,4,نجف معلق بلون ذهبي، بتصميم عصري يناسب الصالات وغرف المعيشة والاستقبال، يدعم التحكم عن بُعد باستخدام الريموت، كما يدعم التحكم عبر تطبيق الهاتف المحمول لمزيد من سهولة الاستخدام. الرمز الداخلي للمنتج: RL-621-APP-FGD.
نجف معلق ذهبي - RL-622,RL-622-APP-FGD,,نجف,قطعة,قطعة,ذهبي,870,1045,4,نجف معلق بلون ذهبي، بتصميم عصري يناسب الصالات وغرف المعيشة والاستقبال، يدعم التحكم عن بُعد باستخدام الريموت، كما يدعم التحكم عبر تطبيق الهاتف المحمول لمزيد من سهولة الاستخدام. الرمز الداخلي للمنتج: RL-622-APP-FGD.
نجف معلق ذهبي - RL-622-G18,RL-622-G18-APP-FGD,,نجف,قطعة,قطعة,ذهبي,935,,4,نجف معلق بلون ذهبي، بتصميم عصري يناسب الصالات وغرف المعيشة والاستقبال، يدعم التحكم عن بُعد باستخدام الريموت، كما يدعم التحكم عبر تطبيق الهاتف المحمول لمزيد من سهولة الاستخدام. الرمز الداخلي للمنتج: RL-622-G18-APP-FGD.
نجف معلق ذهبي - RL-622-G23,RL-622-G23-APP-FGD,,نجف,قطعة,قطعة,ذهبي,935,,4,نجف معلق بلون ذهبي، بتصميم عصري يناسب الصالات وغرف المعيشة والاستقبال، يدعم التحكم عن بُعد باستخدام الريموت، كما يدعم التحكم عبر تطبيق الهاتف المحمول لمزيد من سهولة الاستخدام. الرمز الداخلي للمنتج: RL-622-G23-APP-FGD.
نجف معلق ذهبي - RL-623,RL-623-APP-FGD,,نجف,قطعة,قطعة,ذهبي,990,,4,نجف معلق بلون ذهبي، بتصميم عصري يناسب الصالات وغرف المعيشة والاستقبال، يدعم التحكم عن بُعد باستخدام الريموت، كما يدعم التحكم عبر تطبيق الهاتف المحمول لمزيد من سهولة الاستخدام. الرمز الداخلي للمنتج: RL-623-APP-FGD.
نجف معلق ذهبي - RL-625,RL-625-FGD,,نجف,قطعة,قطعة,ذهبي,485,575,4,نجف معلق بلون ذهبي، بتصميم عصري يناسب الصالات وغرف المعيشة والاستقبال. الرمز الداخلي للمنتج: RL-625-FGD.
نجف معلق ذهبي - RL-626,RL-626-APP-FGD,,نجف,قطعة,قطعة,ذهبي,1055,1275,4,نجف معلق بلون ذهبي، بتصميم عصري يناسب الصالات وغرف المعيشة والاستقبال، يدعم التحكم عن بُعد باستخدام الريموت، كما يدعم التحكم عبر تطبيق الهاتف المحمول لمزيد من سهولة الاستخدام. الرمز الداخلي للمنتج: RL-626-APP-FGD.
نجف معلق ذهبي - RL-626-G13,RL-626-G13-APP-FGD,,نجف,قطعة,قطعة,ذهبي,1070,,4,نجف معلق بلون ذهبي، بتصميم عصري يناسب الصالات وغرف المعيشة والاستقبال، يدعم التحكم عن بُعد باستخدام الريموت، كما يدعم التحكم عبر تطبيق الهاتف المحمول لمزيد من سهولة الاستخدام. الرمز الداخلي للمنتج: RL-626-G13-APP-FGD.
نجف معلق ذهبي - RL-627,RL-627-APP-FGD,,نجف,قطعة,قطعة,ذهبي,1135,1375,4,نجف معلق بلون ذهبي، بتصميم عصري يناسب الصالات وغرف المعيشة والاستقبال، يدعم التحكم عن بُعد باستخدام الريموت، كما يدعم التحكم عبر تطبيق الهاتف المحمول لمزيد من سهولة الاستخدام. الرمز الداخلي للمنتج: RL-627-APP-FGD.
نجف معلق ذهبي - RL-627,RL-627-A-APP-FGD,,نجف,قطعة,قطعة,ذهبي,1110,1350,4,نجف معلق بلون ذهبي، بتصميم عصري يناسب الصالات وغرف المعيشة والاستقبال، يدعم التحكم عن بُعد باستخدام الريموت، كما يدعم التحكم عبر تطبيق الهاتف المحمول لمزيد من سهولة الاستخدام. الرمز الداخلي للمنتج: RL-627-A-APP-FGD.
نجف معلق ذهبي - RL-628,RL-628-APP-FGD,,نجف,قطعة,قطعة,ذهبي,1090,1275,4,نجف معلق بلون ذهبي، بتصميم عصري يناسب الصالات وغرف المعيشة والاستقبال، يدعم التحكم عن بُعد باستخدام الريموت، كما يدعم التحكم عبر تطبيق الهاتف المحمول لمزيد من سهولة الاستخدام. الرمز الداخلي للمنتج: RL-628-APP-FGD.
نجف معلق ذهبي - RL-628,RL-628-G13-APP-FGD,,نجف,قطعة,قطعة,ذهبي,1140,,4,نجف معلق بلون ذهبي، بتصميم عصري يناسب الصالات وغرف المعيشة والاستقبال، يدعم التحكم عن بُعد باستخدام الريموت، كما يدعم التحكم عبر تطبيق الهاتف المحمول لمزيد من سهولة الاستخدام. الرمز الداخلي للمنتج: RL-628-G13-APP-FGD.
نجف معلق ذهبي - RL-630,RL-630-APP-FGD,,نجف,قطعة,قطعة,ذهبي,950,1100,4,نجف معلق بلون ذهبي، بتصميم عصري يناسب الصالات وغرف المعيشة والاستقبال، يدعم التحكم عن بُعد باستخدام الريموت، كما يدعم التحكم عبر تطبيق الهاتف المحمول لمزيد من سهولة الاستخدام. الرمز الداخلي للمنتج: RL-630-APP-FGD.
نجف معلق ذهبي - RL-630,RL-630-AAPP-FGD,,نجف,قطعة,قطعة,ذهبي,925,1100,4,نجف معلق بلون ذهبي، بتصميم عصري يناسب الصالات وغرف المعيشة والاستقبال، يدعم التحكم عن بُعد باستخدام الريموت، كما يدعم التحكم عبر تطبيق الهاتف المحمول لمزيد من سهولة الاستخدام. الرمز الداخلي للمنتج: RL-630-AAPP-FGD.
نجف معلق أسود - RL-630,RL-630-AAPP-BK,,نجف,قطعة,قطعة,أسود,805,,4,نجف معلق بلون أسود، بتصميم عصري يناسب الصالات وغرف المعيشة والاستقبال، يدعم التحكم عن بُعد باستخدام الريموت، كما يدعم التحكم عبر تطبيق الهاتف المحمول لمزيد من سهولة الاستخدام. الرمز الداخلي للمنتج: RL-630-AAPP-BK.
نجف معلق ذهبي - RL-631,RL-631-APP-FGD,,نجف,قطعة,قطعة,ذهبي,1350,1485,4,نجف معلق بلون ذهبي، بتصميم عصري يناسب الصالات وغرف المعيشة والاستقبال، يدعم التحكم عن بُعد باستخدام الريموت، كما يدعم التحكم عبر تطبيق الهاتف المحمول لمزيد من سهولة الاستخدام. الرمز الداخلي للمنتج: RL-631-APP-FGD.
نجف معلق ذهبي - RL-631,RL-631-A-APP-FGD,,نجف,قطعة,قطعة,ذهبي,1325,1450,4,نجف معلق بلون ذهبي، بتصميم عصري يناسب الصالات وغرف المعيشة والاستقبال، يدعم التحكم عن بُعد باستخدام الريموت، كما يدعم التحكم عبر تطبيق الهاتف المحمول لمزيد من سهولة الاستخدام. الرمز الداخلي للمنتج: RL-631-A-APP-FGD.
نجف معلق ذهبي - RL-632-G23,RL-632-G23-APP-FGD,,نجف,قطعة,قطعة,ذهبي,1265,1375,4,نجف معلق بلون ذهبي، بتصميم عصري يناسب الصالات وغرف المعيشة والاستقبال، يدعم التحكم عن بُعد باستخدام الريموت، كما يدعم التحكم عبر تطبيق الهاتف المحمول لمزيد من سهولة الاستخدام. الرمز الداخلي للمنتج: RL-632-G23-APP-FGD.
نجف معلق أسود - RL-632-G23,RL-632-G23-APP-BK,,نجف,قطعة,قطعة,أسود,1040,1275,4,نجف معلق بلون أسود، بتصميم عصري يناسب الصالات وغرف المعيشة والاستقبال، يدعم التحكم عن بُعد باستخدام الريموت، كما يدعم التحكم عبر تطبيق الهاتف المحمول لمزيد من سهولة الاستخدام. الرمز الداخلي للمنتج: RL-632-G23-APP-BK.
نجف معلق أسود - RL-633,RL-633-APP-BK,,نجف,قطعة,قطعة,أسود,765,950,4,نجف معلق بلون أسود، بتصميم عصري يناسب الصالات وغرف المعيشة والاستقبال، يدعم التحكم عن بُعد باستخدام الريموت، كما يدعم التحكم عبر تطبيق الهاتف المحمول لمزيد من سهولة الاستخدام. الرمز الداخلي للمنتج: RL-633-APP-BK.
نجف معلق أسود - RL-633,RL-633-G16-APP-BK,,نجف,قطعة,قطعة,أسود,810,,4,نجف معلق بلون أسود، بتصميم عصري يناسب الصالات وغرف المعيشة والاستقبال، يدعم التحكم عن بُعد باستخدام الريموت، كما يدعم التحكم عبر تطبيق الهاتف المحمول لمزيد من سهولة الاستخدام. الرمز الداخلي للمنتج: RL-633-G16-APP-BK.
نجف معلق أسود - RL-633,RL-633-G23-APP-BK,,نجف,قطعة,قطعة,أسود,810,,4,نجف معلق بلون أسود، بتصميم عصري يناسب الصالات وغرف المعيشة والاستقبال، يدعم التحكم عن بُعد باستخدام الريموت، كما يدعم التحكم عبر تطبيق الهاتف المحمول لمزيد من سهولة الاستخدام. الرمز الداخلي للمنتج: RL-633-G23-APP-BK.
نجف معلق ذهبي - RL-634,RL-634-APP-FGD,,نجف,قطعة,قطعة,ذهبي,450,550,4,نجف معلق بلون ذهبي، بتصميم عصري يناسب الصالات وغرف المعيشة والاستقبال، يدعم التحكم عن بُعد باستخدام الريموت، كما يدعم التحكم عبر تطبيق الهاتف المحمول لمزيد من سهولة الاستخدام. الرمز الداخلي للمنتج: RL-634-APP-FGD.
نجف معلق أسود - RL-634,RL-634-APP-BK,,نجف,قطعة,قطعة,أسود,375,475,4,نجف معلق بلون أسود، بتصميم عصري يناسب الصالات وغرف المعيشة والاستقبال، يدعم التحكم عن بُعد باستخدام الريموت، كما يدعم التحكم عبر تطبيق الهاتف المحمول لمزيد من سهولة الاستخدام. الرمز الداخلي للمنتج: RL-634-APP-BK.
نجف معلق أسود - RL-636,RL-636-APP-BK,,نجف,قطعة,قطعة,أسود,775,950,4,نجف معلق بلون أسود، بتصميم عصري يناسب الصالات وغرف المعيشة والاستقبال، يدعم التحكم عن بُعد باستخدام الريموت، كما يدعم التحكم عبر تطبيق الهاتف المحمول لمزيد من سهولة الاستخدام. الرمز الداخلي للمنتج: RL-636-APP-BK.
نجف معلق شمبانيا - RL-636,RL-636-APP-CPG,,نجف,قطعة,قطعة,شمبانيا,830,975,4,نجف معلق بلون شمبانيا، بتصميم عصري يناسب الصالات وغرف المعيشة والاستقبال، يدعم التحكم عن بُعد باستخدام الريموت، كما يدعم التحكم عبر تطبيق الهاتف المحمول لمزيد من سهولة الاستخدام. الرمز الداخلي للمنتج: RL-636-APP-CPG.
نجف معلق ذهبي - RL-636,RL-636-APP-FGD,,نجف,قطعة,قطعة,ذهبي,955,1100,4,نجف معلق بلون ذهبي، بتصميم عصري يناسب الصالات وغرف المعيشة والاستقبال، يدعم التحكم عن بُعد باستخدام الريموت، كما يدعم التحكم عبر تطبيق الهاتف المحمول لمزيد من سهولة الاستخدام. الرمز الداخلي للمنتج: RL-636-APP-FGD.
نجف معلق أسود - RL-636-G23,RL-636-G23-APP-BK,,نجف,قطعة,قطعة,أسود,820,950,4,نجف معلق بلون أسود، بتصميم عصري يناسب الصالات وغرف المعيشة والاستقبال، يدعم التحكم عن بُعد باستخدام الريموت، كما يدعم التحكم عبر تطبيق الهاتف المحمول لمزيد من سهولة الاستخدام. الرمز الداخلي للمنتج: RL-636-G23-APP-BK.
نجف معلق ذهبي - RL-636-G23,RL-636-G23-APP-FGD,,نجف,قطعة,قطعة,ذهبي,990,1100,4,نجف معلق بلون ذهبي، بتصميم عصري يناسب الصالات وغرف المعيشة والاستقبال، يدعم التحكم عن بُعد باستخدام الريموت، كما يدعم التحكم عبر تطبيق الهاتف المحمول لمزيد من سهولة الاستخدام. الرمز الداخلي للمنتج: RL-636-G23-APP-FGD.
نجف معلق شمبانيا - RL-636-G23,RL-636-G23-APP-CPG,,نجف,قطعة,قطعة,شمبانيا,870,,4,نجف معلق بلون شمبانيا، بتصميم عصري يناسب الصالات وغرف المعيشة والاستقبال، يدعم التحكم عن بُعد باستخدام الريموت، كما يدعم التحكم عبر تطبيق الهاتف المحمول لمزيد من سهولة الاستخدام. الرمز الداخلي للمنتج: RL-636-G23-APP-CPG.
نجف معلق أسود - RL-639,RL-639-APP-BK,,نجف,قطعة,قطعة,أسود,850,975,4,نجف معلق بلون أسود، بتصميم عصري يناسب الصالات وغرف المعيشة والاستقبال، يدعم التحكم عن بُعد باستخدام الريموت، كما يدعم التحكم عبر تطبيق الهاتف المحمول لمزيد من سهولة الاستخدام. الرمز الداخلي للمنتج: RL-639-APP-BK.
نجف معلق أسود - RL-639,RL-639-A-APP-BK,,نجف,قطعة,قطعة,أسود,825,975,4,نجف معلق بلون أسود، بتصميم عصري يناسب الصالات وغرف المعيشة والاستقبال، يدعم التحكم عن بُعد باستخدام الريموت، كما يدعم التحكم عبر تطبيق الهاتف المحمول لمزيد من سهولة الاستخدام. الرمز الداخلي للمنتج: RL-639-A-APP-BK.
نجف معلق شمبانيا - RL-639,RL-639-A-APP-CPG,,نجف,قطعة,قطعة,شمبانيا,860,975,4,نجف معلق بلون شمبانيا، بتصميم عصري يناسب الصالات وغرف المعيشة والاستقبال، يدعم التحكم عن بُعد باستخدام الريموت، كما يدعم التحكم عبر تطبيق الهاتف المحمول لمزيد من سهولة الاستخدام. الرمز الداخلي للمنتج: RL-639-A-APP-CPG.
نجف معلق ذهبي - RL-639,RL-639-A-APP-FGD,,نجف,قطعة,قطعة,ذهبي,975,1075,4,نجف معلق بلون ذهبي، بتصميم عصري يناسب الصالات وغرف المعيشة والاستقبال، يدعم التحكم عن بُعد باستخدام الريموت، كما يدعم التحكم عبر تطبيق الهاتف المحمول لمزيد من سهولة الاستخدام. الرمز الداخلي للمنتج: RL-639-A-APP-FGD.
نجف معلق أسود - RL-642,RL-642-APP-BK,,نجف,قطعة,قطعة,أسود,685,775,4,نجف معلق بلون أسود، بتصميم عصري يناسب الصالات وغرف المعيشة والاستقبال، يدعم التحكم عن بُعد باستخدام الريموت، كما يدعم التحكم عبر تطبيق الهاتف المحمول لمزيد من سهولة الاستخدام. الرمز الداخلي للمنتج: RL-642-APP-BK.
نجف معلق ذهبي - RL-642,RL-642-APP-FGD,,نجف,قطعة,قطعة,ذهبي,835,975,4,نجف معلق بلون ذهبي، بتصميم عصري يناسب الصالات وغرف المعيشة والاستقبال، يدعم التحكم عن بُعد باستخدام الريموت، كما يدعم التحكم عبر تطبيق الهاتف المحمول لمزيد من سهولة الاستخدام. الرمز الداخلي للمنتج: RL-642-APP-FGD.
نجف معلق ذهبي - RL-644,RL-644-APP-FGD,,نجف,قطعة,قطعة,ذهبي,1395,1500,4,نجف معلق بلون ذهبي، بتصميم عصري يناسب الصالات وغرف المعيشة والاستقبال، يدعم التحكم عن بُعد باستخدام الريموت، كما يدعم التحكم عبر تطبيق الهاتف المحمول لمزيد من سهولة الاستخدام. الرمز الداخلي للمنتج: RL-644-APP-FGD.
نجف معلق أسود - RL-644,RL-644-APP-BK,,نجف,قطعة,قطعة,أسود,1155,1400,4,نجف معلق بلون أسود، بتصميم عصري يناسب الصالات وغرف المعيشة والاستقبال، يدعم التحكم عن بُعد باستخدام الريموت، كما يدعم التحكم عبر تطبيق الهاتف المحمول لمزيد من سهولة الاستخدام. الرمز الداخلي للمنتج: RL-644-APP-BK.
نجف معلق أسود - RL-646,RL-646-APP-BK,,نجف,قطعة,قطعة,أسود,800,1050,4,نجف معلق بلون أسود، بتصميم عصري يناسب الصالات وغرف المعيشة والاستقبال، يدعم التحكم عن بُعد باستخدام الريموت، كما يدعم التحكم عبر تطبيق الهاتف المحمول لمزيد من سهولة الاستخدام. الرمز الداخلي للمنتج: RL-646-APP-BK.
نجف معلق ذهبي - RL-646,RL-646-A-APP-FGD,,نجف,قطعة,قطعة,ذهبي,995,1150,4,نجف معلق بلون ذهبي، بتصميم عصري يناسب الصالات وغرف المعيشة والاستقبال، يدعم التحكم عن بُعد باستخدام الريموت، كما يدعم التحكم عبر تطبيق الهاتف المحمول لمزيد من سهولة الاستخدام. الرمز الداخلي للمنتج: RL-646-A-APP-FGD.
نجف معلق ذهبي - RL-646,RL-646-APP-FGD,,نجف,قطعة,قطعة,ذهبي,1020,,4,نجف معلق بلون ذهبي، بتصميم عصري يناسب الصالات وغرف المعيشة والاستقبال، يدعم التحكم عن بُعد باستخدام الريموت، كما يدعم التحكم عبر تطبيق الهاتف المحمول لمزيد من سهولة الاستخدام. الرمز الداخلي للمنتج: RL-646-APP-FGD.
نجف معلق شمبانيا - RL-646,RL-646-A-APP-CPG,,نجف,قطعة,قطعة,شمبانيا,895,,4,نجف معلق بلون شمبانيا، بتصميم عصري يناسب الصالات وغرف المعيشة والاستقبال، يدعم التحكم عن بُعد باستخدام الريموت، كما يدعم التحكم عبر تطبيق الهاتف المحمول لمزيد من سهولة الاستخدام. الرمز الداخلي للمنتج: RL-646-A-APP-CPG.
نجف معلق ذهبي - RL-647,RL-647-APP-FGD,,نجف,قطعة,قطعة,ذهبي,1000,1100,4,نجف معلق بلون ذهبي، بتصميم عصري يناسب الصالات وغرف المعيشة والاستقبال، يدعم التحكم عن بُعد باستخدام الريموت، كما يدعم التحكم عبر تطبيق الهاتف المحمول لمزيد من سهولة الاستخدام. الرمز الداخلي للمنتج: RL-647-APP-FGD.
نجف معلق ذهبي - RL-647-G18,RL-647-G18-APP-FGD,,نجف,قطعة,قطعة,ذهبي,970,1100,4,نجف معلق بلون ذهبي، بتصميم عصري يناسب الصالات وغرف المعيشة والاستقبال، يدعم التحكم عن بُعد باستخدام الريموت، كما يدعم التحكم عبر تطبيق الهاتف المحمول لمزيد من سهولة الاستخدام. الرمز الداخلي للمنتج: RL-647-G18-APP-FGD.
نجف معلق أسود - RL-647-G18,RL-647-G18-APP-BK,,نجف,قطعة,قطعة,أسود,825,,4,نجف معلق بلون أسود، بتصميم عصري يناسب الصالات وغرف المعيشة والاستقبال، يدعم التحكم عن بُعد باستخدام الريموت، كما يدعم التحكم عبر تطبيق الهاتف المحمول لمزيد من سهولة الاستخدام. الرمز الداخلي للمنتج: RL-647-G18-APP-BK.
نجف معلق ذهبي - RL-647-G23,RL-647-G23-APP-FGD,,نجف,قطعة,قطعة,ذهبي,970,,4,نجف معلق بلون ذهبي، بتصميم عصري يناسب الصالات وغرف المعيشة والاستقبال، يدعم التحكم عن بُعد باستخدام الريموت، كما يدعم التحكم عبر تطبيق الهاتف المحمول لمزيد من سهولة الاستخدام. الرمز الداخلي للمنتج: RL-647-G23-APP-FGD.
نجف معلق أسود - RL-649,RL-649-APP-BK,,نجف,قطعة,قطعة,أسود,795,1045,4,نجف معلق بلون أسود، بتصميم عصري يناسب الصالات وغرف المعيشة والاستقبال، يدعم التحكم عن بُعد باستخدام الريموت، كما يدعم التحكم عبر تطبيق الهاتف المحمول لمزيد من سهولة الاستخدام. الرمز الداخلي للمنتج: RL-649-APP-BK.
نجف معلق ذهبي - RL-649,RL-649-APP-FGD,,نجف,قطعة,قطعة,ذهبي,950,1075,4,نجف معلق بلون ذهبي، بتصميم عصري يناسب الصالات وغرف المعيشة والاستقبال، يدعم التحكم عن بُعد باستخدام الريموت، كما يدعم التحكم عبر تطبيق الهاتف المحمول لمزيد من سهولة الاستخدام. الرمز الداخلي للمنتج: RL-649-APP-FGD.
نجف معلق ذهبي - RL-649,RL-649-A-APP-FGD,,نجف,قطعة,قطعة,ذهبي,925,1100,4,نجف معلق بلون ذهبي، بتصميم عصري يناسب الصالات وغرف المعيشة والاستقبال، يدعم التحكم عن بُعد باستخدام الريموت، كما يدعم التحكم عبر تطبيق الهاتف المحمول لمزيد من سهولة الاستخدام. الرمز الداخلي للمنتج: RL-649-A-APP-FGD.
نجف معلق أسود - RL-649,RL-649-A-APP-BK,,نجف,قطعة,قطعة,أسود,770,,4,نجف معلق بلون أسود، بتصميم عصري يناسب الصالات وغرف المعيشة والاستقبال، يدعم التحكم عن بُعد باستخدام الريموت، كما يدعم التحكم عبر تطبيق الهاتف المحمول لمزيد من سهولة الاستخدام. الرمز الداخلي للمنتج: RL-649-A-APP-BK.
نجف معلق ذهبي - RL-650-G18,RL-650-G18-APP-FGD,,نجف,قطعة,قطعة,ذهبي,1000,1100,4,نجف معلق بلون ذهبي، بتصميم عصري يناسب الصالات وغرف المعيشة والاستقبال، يدعم التحكم عن بُعد باستخدام الريموت، كما يدعم التحكم عبر تطبيق الهاتف المحمول لمزيد من سهولة الاستخدام. الرمز الداخلي للمنتج: RL-650-G18-APP-FGD.
نجف معلق ذهبي - RL-650-G23,RL-650-G23-APP-FGD,,نجف,قطعة,قطعة,ذهبي,1000,1100,4,نجف معلق بلون ذهبي، بتصميم عصري يناسب الصالات وغرف المعيشة والاستقبال، يدعم التحكم عن بُعد باستخدام الريموت، كما يدعم التحكم عبر تطبيق الهاتف المحمول لمزيد من سهولة الاستخدام. الرمز الداخلي للمنتج: RL-650-G23-APP-FGD.
نجف معلق ذهبي - RL-651,RL-651-APP-FGD,,نجف,قطعة,قطعة,ذهبي,735,,4,نجف معلق بلون ذهبي، بتصميم عصري يناسب الصالات وغرف المعيشة والاستقبال، يدعم التحكم عن بُعد باستخدام الريموت، كما يدعم التحكم عبر تطبيق الهاتف المحمول لمزيد من سهولة الاستخدام. الرمز الداخلي للمنتج: RL-651-APP-FGD.
نجف معلق ذهبي - RL-652,RL-652-FGD,,نجف,قطعة,قطعة,ذهبي,400,525,4,نجف معلق بلون ذهبي، بتصميم عصري يناسب الصالات وغرف المعيشة والاستقبال. الرمز الداخلي للمنتج: RL-652-FGD.
نجف معلق أسود - RL-653,RL-653-APP-BK,,نجف,قطعة,قطعة,أسود,830,950,4,نجف معلق بلون أسود، بتصميم عصري يناسب الصالات وغرف المعيشة والاستقبال، يدعم التحكم عن بُعد باستخدام الريموت، كما يدعم التحكم عبر تطبيق الهاتف المحمول لمزيد من سهولة الاستخدام. الرمز الداخلي للمنتج: RL-653-APP-BK.
نجف معلق ذهبي - RL-653,RL-653-APP-FGD,,نجف,قطعة,قطعة,ذهبي,980,1100,4,نجف معلق بلون ذهبي، بتصميم عصري يناسب الصالات وغرف المعيشة والاستقبال، يدعم التحكم عن بُعد باستخدام الريموت، كما يدعم التحكم عبر تطبيق الهاتف المحمول لمزيد من سهولة الاستخدام. الرمز الداخلي للمنتج: RL-653-APP-FGD.
نجف معلق شمبانيا - RL-653,RL-653-APP-CPG,,نجف,قطعة,قطعة,شمبانيا,875,1000,4,نجف معلق بلون شمبانيا، بتصميم عصري يناسب الصالات وغرف المعيشة والاستقبال، يدعم التحكم عن بُعد باستخدام الريموت، كما يدعم التحكم عبر تطبيق الهاتف المحمول لمزيد من سهولة الاستخدام. الرمز الداخلي للمنتج: RL-653-APP-CPG.
نجف معلق رمادي/فضي - RL-653,RL-653-APP-GR,,نجف,قطعة,قطعة,رمادي/فضي,830,950,4,نجف معلق بلون رمادي/فضي، بتصميم عصري يناسب الصالات وغرف المعيشة والاستقبال، يدعم التحكم عن بُعد باستخدام الريموت، كما يدعم التحكم عبر تطبيق الهاتف المحمول لمزيد من سهولة الاستخدام. الرمز الداخلي للمنتج: RL-653-APP-GR.
نجف معلق ذهبي - RL-653,RL-653-A-APP-FGD,,نجف,قطعة,قطعة,ذهبي,955,1100,4,نجف معلق بلون ذهبي، بتصميم عصري يناسب الصالات وغرف المعيشة والاستقبال، يدعم التحكم عن بُعد باستخدام الريموت، كما يدعم التحكم عبر تطبيق الهاتف المحمول لمزيد من سهولة الاستخدام. الرمز الداخلي للمنتج: RL-653-A-APP-FGD.
نجف معلق - RL-653,RL-653-A-APP-CF,,نجف,قطعة,قطعة,,805,,4,نجف معلق، بتصميم عصري يناسب الصالات وغرف المعيشة والاستقبال، يدعم التحكم عن بُعد باستخدام الريموت، كما يدعم التحكم عبر تطبيق الهاتف المحمول لمزيد من سهولة الاستخدام. الرمز الداخلي للمنتج: RL-653-A-APP-CF.
نجف معلق أسود - RL-653,RL-653-A-APP-BK,,نجف,قطعة,قطعة,أسود,805,950,4,نجف معلق بلون أسود، بتصميم عصري يناسب الصالات وغرف المعيشة والاستقبال، يدعم التحكم عن بُعد باستخدام الريموت، كما يدعم التحكم عبر تطبيق الهاتف المحمول لمزيد من سهولة الاستخدام. الرمز الداخلي للمنتج: RL-653-A-APP-BK.
نجف معلق رمادي/فضي - RL-653,RL-653-A-APP-GR,,نجف,قطعة,قطعة,رمادي/فضي,805,,4,نجف معلق بلون رمادي/فضي، بتصميم عصري يناسب الصالات وغرف المعيشة والاستقبال، يدعم التحكم عن بُعد باستخدام الريموت، كما يدعم التحكم عبر تطبيق الهاتف المحمول لمزيد من سهولة الاستخدام. الرمز الداخلي للمنتج: RL-653-A-APP-GR.
نجف معلق شمبانيا - RL-653,RL-653-A-APP-CPG,,نجف,قطعة,قطعة,شمبانيا,850,,4,نجف معلق بلون شمبانيا، بتصميم عصري يناسب الصالات وغرف المعيشة والاستقبال، يدعم التحكم عن بُعد باستخدام الريموت، كما يدعم التحكم عبر تطبيق الهاتف المحمول لمزيد من سهولة الاستخدام. الرمز الداخلي للمنتج: RL-653-A-APP-CPG.
نجف معلق ذهبي - RL-656,RL-656-APP-FGD,,نجف,قطعة,قطعة,ذهبي,720,875,4,نجف معلق بلون ذهبي، بتصميم عصري يناسب الصالات وغرف المعيشة والاستقبال، يدعم التحكم عن بُعد باستخدام الريموت، كما يدعم التحكم عبر تطبيق الهاتف المحمول لمزيد من سهولة الاستخدام. الرمز الداخلي للمنتج: RL-656-APP-FGD.
نجف معلق ذهبي - RL-656,RL-656-A-APP-FGD,,نجف,قطعة,قطعة,ذهبي,695,,4,نجف معلق بلون ذهبي، بتصميم عصري يناسب الصالات وغرف المعيشة والاستقبال، يدعم التحكم عن بُعد باستخدام الريموت، كما يدعم التحكم عبر تطبيق الهاتف المحمول لمزيد من سهولة الاستخدام. الرمز الداخلي للمنتج: RL-656-A-APP-FGD.
نجف معلق ذهبي - RL-656-G40,RL-656-G40-APP-FGD,,نجف,قطعة,قطعة,ذهبي,760,,4,نجف معلق بلون ذهبي، بتصميم عصري يناسب الصالات وغرف المعيشة والاستقبال، يدعم التحكم عن بُعد باستخدام الريموت، كما يدعم التحكم عبر تطبيق الهاتف المحمول لمزيد من سهولة الاستخدام. الرمز الداخلي للمنتج: RL-656-G40-APP-FGD.
نجف معلق ذهبي - RL-656-G40,RL-656-G40-A-APP-FGD,,نجف,قطعة,قطعة,ذهبي,735,,4,نجف معلق بلون ذهبي، بتصميم عصري يناسب الصالات وغرف المعيشة والاستقبال، يدعم التحكم عن بُعد باستخدام الريموت، كما يدعم التحكم عبر تطبيق الهاتف المحمول لمزيد من سهولة الاستخدام. الرمز الداخلي للمنتج: RL-656-G40-A-APP-FGD.
نجف معلق ذهبي - RL-659-C10,RL-659-C10-APP-FGD,,نجف,قطعة,قطعة,ذهبي,910,1050,4,نجف معلق بلون ذهبي، بتصميم عصري يناسب الصالات وغرف المعيشة والاستقبال، يدعم التحكم عن بُعد باستخدام الريموت، كما يدعم التحكم عبر تطبيق الهاتف المحمول لمزيد من سهولة الاستخدام. الرمز الداخلي للمنتج: RL-659-C10-APP-FGD.
نجف معلق ذهبي - RL-660,RL-660-APP-FGD,,نجف,قطعة,قطعة,ذهبي,1135,1250,4,نجف معلق بلون ذهبي، بتصميم عصري يناسب الصالات وغرف المعيشة والاستقبال، يدعم التحكم عن بُعد باستخدام الريموت، كما يدعم التحكم عبر تطبيق الهاتف المحمول لمزيد من سهولة الاستخدام. الرمز الداخلي للمنتج: RL-660-APP-FGD.
نجف معلق ذهبي - RL-661,RL-661-APP-FGD,,نجف,قطعة,قطعة,ذهبي,1230,1375,4,نجف معلق بلون ذهبي، بتصميم عصري يناسب الصالات وغرف المعيشة والاستقبال، يدعم التحكم عن بُعد باستخدام الريموت، كما يدعم التحكم عبر تطبيق الهاتف المحمول لمزيد من سهولة الاستخدام. الرمز الداخلي للمنتج: RL-661-APP-FGD.
نجف معلق ذهبي - RL-661-C10,RL-661-C10-A-APP-FGD,,نجف,قطعة,قطعة,ذهبي,1205,1375,4,نجف معلق بلون ذهبي، بتصميم عصري يناسب الصالات وغرف المعيشة والاستقبال، يدعم التحكم عن بُعد باستخدام الريموت، كما يدعم التحكم عبر تطبيق الهاتف المحمول لمزيد من سهولة الاستخدام. الرمز الداخلي للمنتج: RL-661-C10-A-APP-FGD.
نجف معلق ذهبي - RL-662,RL-662-APP-FGD,,نجف,قطعة,قطعة,ذهبي,1240,1375,4,نجف معلق بلون ذهبي، بتصميم عصري يناسب الصالات وغرف المعيشة والاستقبال، يدعم التحكم عن بُعد باستخدام الريموت، كما يدعم التحكم عبر تطبيق الهاتف المحمول لمزيد من سهولة الاستخدام. الرمز الداخلي للمنتج: RL-662-APP-FGD.
نجف معلق أسود - RL-666,RL-666-A-APP-BK,,نجف,قطعة,قطعة,أسود,,1375,4,نجف معلق بلون أسود، بتصميم عصري يناسب الصالات وغرف المعيشة والاستقبال، يدعم التحكم عن بُعد باستخدام الريموت، كما يدعم التحكم عبر تطبيق الهاتف المحمول لمزيد من سهولة الاستخدام. الرمز الداخلي للمنتج: RL-666-A-APP-BK.
نجف معلق ذهبي - RL-666,RL-666-A-APP-FGD,,نجف,قطعة,قطعة,ذهبي,,1425,4,نجف معلق بلون ذهبي، بتصميم عصري يناسب الصالات وغرف المعيشة والاستقبال، يدعم التحكم عن بُعد باستخدام الريموت، كما يدعم التحكم عبر تطبيق الهاتف المحمول لمزيد من سهولة الاستخدام. الرمز الداخلي للمنتج: RL-666-A-APP-FGD.
نجف معلق رمادي/فضي - RL-666,RL-666-A-APP-GR,,نجف,قطعة,قطعة,رمادي/فضي,,,4,نجف معلق بلون رمادي/فضي، بتصميم عصري يناسب الصالات وغرف المعيشة والاستقبال، يدعم التحكم عن بُعد باستخدام الريموت، كما يدعم التحكم عبر تطبيق الهاتف المحمول لمزيد من سهولة الاستخدام. الرمز الداخلي للمنتج: RL-666-A-APP-GR.
نجف معلق أسود - RL-666-G23,RL-666-G23-A-APP-BK,,نجف,قطعة,قطعة,أسود,1120,1375,4,نجف معلق بلون أسود، بتصميم عصري يناسب الصالات وغرف المعيشة والاستقبال، يدعم التحكم عن بُعد باستخدام الريموت، كما يدعم التحكم عبر تطبيق الهاتف المحمول لمزيد من سهولة الاستخدام. الرمز الداخلي للمنتج: RL-666-G23-A-APP-BK.
نجف معلق ذهبي - RL-666-G23,RL-666-G23-A-APP-FGD,,نجف,قطعة,قطعة,ذهبي,1315,1425,4,نجف معلق بلون ذهبي، بتصميم عصري يناسب الصالات وغرف المعيشة والاستقبال، يدعم التحكم عن بُعد باستخدام الريموت، كما يدعم التحكم عبر تطبيق الهاتف المحمول لمزيد من سهولة الاستخدام. الرمز الداخلي للمنتج: RL-666-G23-A-APP-FGD.
نجف معلق ذهبي - RL-666-G23,RL-666-G23-APP-FGD,,نجف,قطعة,قطعة,ذهبي,1350,1425,4,نجف معلق بلون ذهبي، بتصميم عصري يناسب الصالات وغرف المعيشة والاستقبال، يدعم التحكم عن بُعد باستخدام الريموت، كما يدعم التحكم عبر تطبيق الهاتف المحمول لمزيد من سهولة الاستخدام. الرمز الداخلي للمنتج: RL-666-G23-APP-FGD.
نجف معلق ذهبي - RL-667,RL-667-A-APP-FGD,,نجف,قطعة,قطعة,ذهبي,1170,1275,4,نجف معلق بلون ذهبي، بتصميم عصري يناسب الصالات وغرف المعيشة والاستقبال، يدعم التحكم عن بُعد باستخدام الريموت، كما يدعم التحكم عبر تطبيق الهاتف المحمول لمزيد من سهولة الاستخدام. الرمز الداخلي للمنتج: RL-667-A-APP-FGD.
نجف معلق ذهبي - RL-667,RL-667-G13-A-APP-FGD,,نجف,قطعة,قطعة,ذهبي,1235,,4,نجف معلق بلون ذهبي، بتصميم عصري يناسب الصالات وغرف المعيشة والاستقبال، يدعم التحكم عن بُعد باستخدام الريموت، كما يدعم التحكم عبر تطبيق الهاتف المحمول لمزيد من سهولة الاستخدام. الرمز الداخلي للمنتج: RL-667-G13-A-APP-FGD.
نجف معلق ذهبي - RL-670,RL-670-APP-FGD,,نجف,قطعة,قطعة,ذهبي,1460,1575,4,نجف معلق بلون ذهبي، بتصميم عصري يناسب الصالات وغرف المعيشة والاستقبال، يدعم التحكم عن بُعد باستخدام الريموت، كما يدعم التحكم عبر تطبيق الهاتف المحمول لمزيد من سهولة الاستخدام. الرمز الداخلي للمنتج: RL-670-APP-FGD.
نجف معلق ذهبي - RL-671,RL-671-APP-FGD,,نجف,قطعة,قطعة,ذهبي,870,975,4,نجف معلق بلون ذهبي، بتصميم عصري يناسب الصالات وغرف المعيشة والاستقبال، يدعم التحكم عن بُعد باستخدام الريموت، كما يدعم التحكم عبر تطبيق الهاتف المحمول لمزيد من سهولة الاستخدام. الرمز الداخلي للمنتج: RL-671-APP-FGD.
نجف معلق ذهبي - RL-672,RL-672-APP-FGD,,نجف,قطعة,قطعة,ذهبي,1085,1250,4,نجف معلق بلون ذهبي، بتصميم عصري يناسب الصالات وغرف المعيشة والاستقبال، يدعم التحكم عن بُعد باستخدام الريموت، كما يدعم التحكم عبر تطبيق الهاتف المحمول لمزيد من سهولة الاستخدام. الرمز الداخلي للمنتج: RL-672-APP-FGD.
نجف معلق أسود - RL-676,RL-676-APP-BK,,نجف,قطعة,قطعة,أسود,700,950,4,نجف معلق بلون أسود، بتصميم عصري يناسب الصالات وغرف المعيشة والاستقبال، يدعم التحكم عن بُعد باستخدام الريموت، كما يدعم التحكم عبر تطبيق الهاتف المحمول لمزيد من سهولة الاستخدام. الرمز الداخلي للمنتج: RL-676-APP-BK.
نجف معلق ذهبي - RL-676,RL-676-APP-FGD,,نجف,قطعة,قطعة,ذهبي,895,,4,نجف معلق بلون ذهبي، بتصميم عصري يناسب الصالات وغرف المعيشة والاستقبال، يدعم التحكم عن بُعد باستخدام الريموت، كما يدعم التحكم عبر تطبيق الهاتف المحمول لمزيد من سهولة الاستخدام. الرمز الداخلي للمنتج: RL-676-APP-FGD.
نجف معلق ذهبي - RL-676,RL-676-A-APP-FGD,,نجف,قطعة,قطعة,ذهبي,870,,4,نجف معلق بلون ذهبي، بتصميم عصري يناسب الصالات وغرف المعيشة والاستقبال، يدعم التحكم عن بُعد باستخدام الريموت، كما يدعم التحكم عبر تطبيق الهاتف المحمول لمزيد من سهولة الاستخدام. الرمز الداخلي للمنتج: RL-676-A-APP-FGD.
نجف معلق أسود - RL-676,RL-676-A-APP-BK,,نجف,قطعة,قطعة,أسود,675,,4,نجف معلق بلون أسود، بتصميم عصري يناسب الصالات وغرف المعيشة والاستقبال، يدعم التحكم عن بُعد باستخدام الريموت، كما يدعم التحكم عبر تطبيق الهاتف المحمول لمزيد من سهولة الاستخدام. الرمز الداخلي للمنتج: RL-676-A-APP-BK.
نجف معلق أسود - RL-677,RL-677-APP-BK,,نجف,قطعة,قطعة,أسود,810,925,4,نجف معلق بلون أسود، بتصميم عصري يناسب الصالات وغرف المعيشة والاستقبال، يدعم التحكم عن بُعد باستخدام الريموت، كما يدعم التحكم عبر تطبيق الهاتف المحمول لمزيد من سهولة الاستخدام. الرمز الداخلي للمنتج: RL-677-APP-BK.
نجف معلق ذهبي - RL-683,RL-683-A-APP-FGD,,نجف,قطعة,قطعة,ذهبي,1155,,4,نجف معلق بلون ذهبي، بتصميم عصري يناسب الصالات وغرف المعيشة والاستقبال، يدعم التحكم عن بُعد باستخدام الريموت، كما يدعم التحكم عبر تطبيق الهاتف المحمول لمزيد من سهولة الاستخدام. الرمز الداخلي للمنتج: RL-683-A-APP-FGD.
نجف معلق أسود - RL-683,RL-683-A-APP-BK,,نجف,قطعة,قطعة,أسود,1010,1175,4,نجف معلق بلون أسود، بتصميم عصري يناسب الصالات وغرف المعيشة والاستقبال، يدعم التحكم عن بُعد باستخدام الريموت، كما يدعم التحكم عبر تطبيق الهاتف المحمول لمزيد من سهولة الاستخدام. الرمز الداخلي للمنتج: RL-683-A-APP-BK.
نجف معلق أسود - RL-685,RL-685-A-APP-BK,,نجف,قطعة,قطعة,أسود,1015,1150,4,نجف معلق بلون أسود، بتصميم عصري يناسب الصالات وغرف المعيشة والاستقبال، يدعم التحكم عن بُعد باستخدام الريموت، كما يدعم التحكم عبر تطبيق الهاتف المحمول لمزيد من سهولة الاستخدام. الرمز الداخلي للمنتج: RL-685-A-APP-BK.
نجف معلق أسود - RL-700,RL-700-Z005-C42-APP-BK,,نجف,قطعة,قطعة,أسود,1215,1450,4,نجف معلق بلون أسود، بتصميم عصري يناسب الصالات وغرف المعيشة والاستقبال، يدعم التحكم عن بُعد باستخدام الريموت، كما يدعم التحكم عبر تطبيق الهاتف المحمول لمزيد من سهولة الاستخدام. الرمز الداخلي للمنتج: RL-700-Z005-C42-APP-BK.
نجف معلق أسود - RL-700,RL-700-Z042-APP-BK,,نجف,قطعة,قطعة,أسود,1215,,4,نجف معلق بلون أسود، بتصميم عصري يناسب الصالات وغرف المعيشة والاستقبال، يدعم التحكم عن بُعد باستخدام الريموت، كما يدعم التحكم عبر تطبيق الهاتف المحمول لمزيد من سهولة الاستخدام. الرمز الداخلي للمنتج: RL-700-Z042-APP-BK.
نجف معلق أسود - RL-700,RL-700-EZ023-C42-APP-BK,,نجف,قطعة,قطعة,أسود,1215,1450,4,نجف معلق بلون أسود، بتصميم عصري يناسب الصالات وغرف المعيشة والاستقبال، يدعم التحكم عن بُعد باستخدام الريموت، كما يدعم التحكم عبر تطبيق الهاتف المحمول لمزيد من سهولة الاستخدام. الرمز الداخلي للمنتج: RL-700-EZ023-C42-APP-BK.
نجف معلق أسود - RL-702,RL-702-EZ003-APP-BK,,نجف,قطعة,قطعة,أسود,980,,4,نجف معلق بلون أسود، بتصميم عصري يناسب الصالات وغرف المعيشة والاستقبال، يدعم التحكم عن بُعد باستخدام الريموت، كما يدعم التحكم عبر تطبيق الهاتف المحمول لمزيد من سهولة الاستخدام. الرمز الداخلي للمنتج: RL-702-EZ003-APP-BK.
نجف معلق ذهبي - RL-703,RL-703-APP-XZ003-FGD,,نجف,قطعة,قطعة,ذهبي,1230,1350,4,نجف معلق بلون ذهبي، بتصميم عصري يناسب الصالات وغرف المعيشة والاستقبال، يدعم التحكم عن بُعد باستخدام الريموت، كما يدعم التحكم عبر تطبيق الهاتف المحمول لمزيد من سهولة الاستخدام. الرمز الداخلي للمنتج: RL-703-APP-XZ003-FGD.
نجف معلق ذهبي - RL-705,RL-705-APP-FGD,,نجف,قطعة,قطعة,ذهبي,580,,4,نجف معلق بلون ذهبي، بتصميم عصري يناسب الصالات وغرف المعيشة والاستقبال، يدعم التحكم عن بُعد باستخدام الريموت، كما يدعم التحكم عبر تطبيق الهاتف المحمول لمزيد من سهولة الاستخدام. الرمز الداخلي للمنتج: RL-705-APP-FGD.
نجف معلق ذهبي - RL-708,RL-708-APP-FGD,,نجف,قطعة,قطعة,ذهبي,1330,1550,4,نجف معلق بلون ذهبي، بتصميم عصري يناسب الصالات وغرف المعيشة والاستقبال، يدعم التحكم عن بُعد باستخدام الريموت، كما يدعم التحكم عبر تطبيق الهاتف المحمول لمزيد من سهولة الاستخدام. الرمز الداخلي للمنتج: RL-708-APP-FGD.
نجف معلق ذهبي - RL-709,RL-709-APP-FGD,,نجف,قطعة,قطعة,ذهبي,1415,1650,4,نجف معلق بلون ذهبي، بتصميم عصري يناسب الصالات وغرف المعيشة والاستقبال، يدعم التحكم عن بُعد باستخدام الريموت، كما يدعم التحكم عبر تطبيق الهاتف المحمول لمزيد من سهولة الاستخدام. الرمز الداخلي للمنتج: RL-709-APP-FGD.
نجف معلق ذهبي - RL-711,RL-711-APP-FGD,,نجف,قطعة,قطعة,ذهبي,1820,2100,4,نجف معلق بلون ذهبي، بتصميم عصري يناسب الصالات وغرف المعيشة والاستقبال، يدعم التحكم عن بُعد باستخدام الريموت، كما يدعم التحكم عبر تطبيق الهاتف المحمول لمزيد من سهولة الاستخدام. الرمز الداخلي للمنتج: RL-711-APP-FGD.
نجف معلق أسود وذهبي - RLF-720,RLF-720-BK+GD,,نجف,قطعة,قطعة,أسود وذهبي,1720,1950,4,نجف معلق بلون أسود وذهبي، بتصميم عصري يناسب الصالات وغرف المعيشة والاستقبال. الرمز الداخلي للمنتج: RLF-720-BK+GD.
نجف معلق أسود وذهبي - RLF-721,RLF-721-BK+GD,,نجف,قطعة,قطعة,أسود وذهبي,2370,2550,4,نجف معلق بلون أسود وذهبي، بتصميم عصري يناسب الصالات وغرف المعيشة والاستقبال. الرمز الداخلي للمنتج: RLF-721-BK+GD.
نجف معلق أسود وذهبي - RL-727,RL-727-APP-BK+FGD,,نجف,قطعة,قطعة,أسود وذهبي,1040,1150,4,نجف معلق بلون أسود وذهبي، بتصميم عصري يناسب الصالات وغرف المعيشة والاستقبال، يدعم التحكم عن بُعد باستخدام الريموت، كما يدعم التحكم عبر تطبيق الهاتف المحمول لمزيد من سهولة الاستخدام. الرمز الداخلي للمنتج: RL-727-APP-BK+FGD.
نجف معلق أبيض - RL-727,RL-727-APP-WH+FGD,,نجف,قطعة,قطعة,أبيض,1040,1150,4,نجف معلق بلون أبيض، بتصميم عصري يناسب الصالات وغرف المعيشة والاستقبال، يدعم التحكم عن بُعد باستخدام الريموت، كما يدعم التحكم عبر تطبيق الهاتف المحمول لمزيد من سهولة الاستخدام. الرمز الداخلي للمنتج: RL-727-APP-WH+FGD.
نجف معلق أسود - RL-729,RL-729-Z032-APP-BK,,نجف,قطعة,قطعة,أسود,900,1000,4,نجف معلق بلون أسود، بتصميم عصري يناسب الصالات وغرف المعيشة والاستقبال، يدعم التحكم عن بُعد باستخدام الريموت، كما يدعم التحكم عبر تطبيق الهاتف المحمول لمزيد من سهولة الاستخدام. الرمز الداخلي للمنتج: RL-729-Z032-APP-BK.
نجف معلق ذهبي - RL-729,RL-729-Z032-APP-FGD,,نجف,قطعة,قطعة,ذهبي,1040,1225,4,نجف معلق بلون ذهبي، بتصميم عصري يناسب الصالات وغرف المعيشة والاستقبال، يدعم التحكم عن بُعد باستخدام الريموت، كما يدعم التحكم عبر تطبيق الهاتف المحمول لمزيد من سهولة الاستخدام. الرمز الداخلي للمنتج: RL-729-Z032-APP-FGD.
نجف معلق شمبانيا - RL-729,RL-729-Z032-APP-CPG,,نجف,قطعة,قطعة,شمبانيا,960,,4,نجف معلق بلون شمبانيا، بتصميم عصري يناسب الصالات وغرف المعيشة والاستقبال، يدعم التحكم عن بُعد باستخدام الريموت، كما يدعم التحكم عبر تطبيق الهاتف المحمول لمزيد من سهولة الاستخدام. الرمز الداخلي للمنتج: RL-729-Z032-APP-CPG.
نجف معلق أسود - RL-729,RL-729-Z038-APP-BK,,نجف,قطعة,قطعة,أسود,900,,4,نجف معلق بلون أسود، بتصميم عصري يناسب الصالات وغرف المعيشة والاستقبال، يدعم التحكم عن بُعد باستخدام الريموت، كما يدعم التحكم عبر تطبيق الهاتف المحمول لمزيد من سهولة الاستخدام. الرمز الداخلي للمنتج: RL-729-Z038-APP-BK.
نجف معلق أسود - RL-729-B,RL-729-B-APP-BK,,نجف,قطعة,قطعة,أسود,900,,4,نجف معلق بلون أسود، بتصميم عصري يناسب الصالات وغرف المعيشة والاستقبال، يدعم التحكم عن بُعد باستخدام الريموت، كما يدعم التحكم عبر تطبيق الهاتف المحمول لمزيد من سهولة الاستخدام. الرمز الداخلي للمنتج: RL-729-B-APP-BK.
نجف معلق ذهبي - RL-729-B,RL-729-B-APP-FGD,,نجف,قطعة,قطعة,ذهبي,104,,4,نجف معلق بلون ذهبي، بتصميم عصري يناسب الصالات وغرف المعيشة والاستقبال، يدعم التحكم عن بُعد باستخدام الريموت، كما يدعم التحكم عبر تطبيق الهاتف المحمول لمزيد من سهولة الاستخدام. الرمز الداخلي للمنتج: RL-729-B-APP-FGD.
نجف معلق ذهبي - RL-739,RL-739-APP-FGD,,نجف,قطعة,قطعة,ذهبي,1200,1750,4,نجف معلق بلون ذهبي، بتصميم عصري يناسب الصالات وغرف المعيشة والاستقبال، يدعم التحكم عن بُعد باستخدام الريموت، كما يدعم التحكم عبر تطبيق الهاتف المحمول لمزيد من سهولة الاستخدام. الرمز الداخلي للمنتج: RL-739-APP-FGD.
نجف معلق رمادي/فضي - RL-2301,RL-2301-GR,,نجف,قطعة,قطعة,رمادي/فضي,860,1050,4,نجف معلق بلون رمادي/فضي، بتصميم عصري يناسب الصالات وغرف المعيشة والاستقبال. الرمز الداخلي للمنتج: RL-2301-GR.
نجف معلق ذهبي - RL-2302,RL-2302-FGD,,نجف,قطعة,قطعة,ذهبي,720,875,4,نجف معلق بلون ذهبي، بتصميم عصري يناسب الصالات وغرف المعيشة والاستقبال. الرمز الداخلي للمنتج: RL-2302-FGD.
نجف معلق ذهبي - RL-2303,RL-2303-FGD,,نجف,قطعة,قطعة,ذهبي,1030,,4,نجف معلق بلون ذهبي، بتصميم عصري يناسب الصالات وغرف المعيشة والاستقبال. الرمز الداخلي للمنتج: RL-2303-FGD.
نجف معلق - RL-2305,RL-2305-CF,,نجف,قطعة,قطعة,,1205,,4,نجف معلق، بتصميم عصري يناسب الصالات وغرف المعيشة والاستقبال. الرمز الداخلي للمنتج: RL-2305-CF.
نجف معلق - RL-2306,RL-2306-CF,,نجف,قطعة,قطعة,,1030,1150,4,نجف معلق، بتصميم عصري يناسب الصالات وغرف المعيشة والاستقبال. الرمز الداخلي للمنتج: RL-2306-CF.
نجف معلق ذهبي - RL-2307,RL-2307-FGD,,نجف,قطعة,قطعة,ذهبي,1095,1275,4,نجف معلق بلون ذهبي، بتصميم عصري يناسب الصالات وغرف المعيشة والاستقبال. الرمز الداخلي للمنتج: RL-2307-FGD.
نجف معلق - RL-2308,RL-2308-CF,,نجف,قطعة,قطعة,,930,1100,4,نجف معلق، بتصميم عصري يناسب الصالات وغرف المعيشة والاستقبال. الرمز الداخلي للمنتج: RL-2308-CF.
نجف معلق رمادي/فضي - RL-2309,RL-2309-GR,,نجف,قطعة,قطعة,رمادي/فضي,1060,1275,4,نجف معلق بلون رمادي/فضي، بتصميم عصري يناسب الصالات وغرف المعيشة والاستقبال. الرمز الداخلي للمنتج: RL-2309-GR.
نجف معلق - RL-2310,RL-2310-CF,,نجف,قطعة,قطعة,,875,1050,4,نجف معلق، بتصميم عصري يناسب الصالات وغرف المعيشة والاستقبال. الرمز الداخلي للمنتج: RL-2310-CF.
نجف معلق ذهبي - RL-2311,RL-2311-FGD,,نجف,قطعة,قطعة,ذهبي,875,1050,4,نجف معلق بلون ذهبي، بتصميم عصري يناسب الصالات وغرف المعيشة والاستقبال. الرمز الداخلي للمنتج: RL-2311-FGD.
نجف معلق ذهبي - RL-2312,RL-2312-APP-FGD,,نجف,قطعة,قطعة,ذهبي,875,1050,4,نجف معلق بلون ذهبي، بتصميم عصري يناسب الصالات وغرف المعيشة والاستقبال، يدعم التحكم عن بُعد باستخدام الريموت، كما يدعم التحكم عبر تطبيق الهاتف المحمول لمزيد من سهولة الاستخدام. الرمز الداخلي للمنتج: RL-2312-APP-FGD.
نجف معلق أسود - RL-5069-G13,RL-5069-G13-APP-BK,,نجف,قطعة,قطعة,أسود,1330,1450,4,نجف معلق بلون أسود، بتصميم عصري يناسب الصالات وغرف المعيشة والاستقبال، يدعم التحكم عن بُعد باستخدام الريموت، كما يدعم التحكم عبر تطبيق الهاتف المحمول لمزيد من سهولة الاستخدام. الرمز الداخلي للمنتج: RL-5069-G13-APP-BK.
نجف معلق ذهبي - RL-8031,RL-8031-GD,,نجف,قطعة,قطعة,ذهبي,1250,1350,4,نجف معلق بلون ذهبي، بتصميم عصري يناسب الصالات وغرف المعيشة والاستقبال. الرمز الداخلي للمنتج: RL-8031-GD.
نجف معلق ذهبي - RL-8036,RL-8036-GD,,نجف,قطعة,قطعة,ذهبي,1380,1500,4,نجف معلق بلون ذهبي، بتصميم عصري يناسب الصالات وغرف المعيشة والاستقبال. الرمز الداخلي للمنتج: RL-8036-GD.
نجف معلق ذهبي - RL-8037,RL-8037-GD,,نجف,قطعة,قطعة,ذهبي,1470,1575,4,نجف معلق بلون ذهبي، بتصميم عصري يناسب الصالات وغرف المعيشة والاستقبال. الرمز الداخلي للمنتج: RL-8037-GD.
نجف معلق ذهبي - RL-2001,RL-2001-APP-FGD,,نجف,قطعة,قطعة,ذهبي,915,,4,نجف معلق بلون ذهبي، بتصميم عصري يناسب الصالات وغرف المعيشة والاستقبال، يدعم التحكم عن بُعد باستخدام الريموت، كما يدعم التحكم عبر تطبيق الهاتف المحمول لمزيد من سهولة الاستخدام. الرمز الداخلي للمنتج: RL-2001-APP-FGD.
نجف معلق ذهبي - RL-2001,RL-2001-FGD,,نجف,قطعة,قطعة,ذهبي,865,975,4,نجف معلق بلون ذهبي، بتصميم عصري يناسب الصالات وغرف المعيشة والاستقبال. الرمز الداخلي للمنتج: RL-2001-FGD.
نجف معلق ذهبي - RLA-12002,RLA-12002-APP-FGD,,نجف,قطعة,قطعة,ذهبي,640,,4,نجف معلق بلون ذهبي، بتصميم عصري يناسب الصالات وغرف المعيشة والاستقبال، يدعم التحكم عن بُعد باستخدام الريموت، كما يدعم التحكم عبر تطبيق الهاتف المحمول لمزيد من سهولة الاستخدام. الرمز الداخلي للمنتج: RLA-12002-APP-FGD.
نجف معلق ذهبي - RLA-12003,RLA-12003-APP-FGD,,نجف,قطعة,قطعة,ذهبي,835,,4,نجف معلق بلون ذهبي، بتصميم عصري يناسب الصالات وغرف المعيشة والاستقبال، يدعم التحكم عن بُعد باستخدام الريموت، كما يدعم التحكم عبر تطبيق الهاتف المحمول لمزيد من سهولة الاستخدام. الرمز الداخلي للمنتج: RLA-12003-APP-FGD.
نجف معلق ذهبي - RLA-12004,RLA-12004-APP-FGD,,نجف,قطعة,قطعة,ذهبي,790,,4,نجف معلق بلون ذهبي، بتصميم عصري يناسب الصالات وغرف المعيشة والاستقبال، يدعم التحكم عن بُعد باستخدام الريموت، كما يدعم التحكم عبر تطبيق الهاتف المحمول لمزيد من سهولة الاستخدام. الرمز الداخلي للمنتج: RLA-12004-APP-FGD.
نجف معلق ذهبي - RL-12007,RL-12007-APP-FGD,,نجف,قطعة,قطعة,ذهبي,1150,,4,نجف معلق بلون ذهبي، بتصميم عصري يناسب الصالات وغرف المعيشة والاستقبال، يدعم التحكم عن بُعد باستخدام الريموت، كما يدعم التحكم عبر تطبيق الهاتف المحمول لمزيد من سهولة الاستخدام. الرمز الداخلي للمنتج: RL-12007-APP-FGD.
نجف معلق ذهبي - RL-12008,RL-12008-APP-FGD,,نجف,قطعة,قطعة,ذهبي,1050,1150,4,نجف معلق بلون ذهبي، بتصميم عصري يناسب الصالات وغرف المعيشة والاستقبال، يدعم التحكم عن بُعد باستخدام الريموت، كما يدعم التحكم عبر تطبيق الهاتف المحمول لمزيد من سهولة الاستخدام. الرمز الداخلي للمنتج: RL-12008-APP-FGD.
نجف معلق ذهبي - RL-12010,RL-12010-APP-FGD,,نجف,قطعة,قطعة,ذهبي,1050,1150,4,نجف معلق بلون ذهبي، بتصميم عصري يناسب الصالات وغرف المعيشة والاستقبال، يدعم التحكم عن بُعد باستخدام الريموت، كما يدعم التحكم عبر تطبيق الهاتف المحمول لمزيد من سهولة الاستخدام. الرمز الداخلي للمنتج: RL-12010-APP-FGD.
نجف معلق ذهبي - RL-12011,RL-12011-APP-FGD,,نجف,قطعة,قطعة,ذهبي,1015,1150,4,نجف معلق بلون ذهبي، بتصميم عصري يناسب الصالات وغرف المعيشة والاستقبال، يدعم التحكم عن بُعد باستخدام الريموت، كما يدعم التحكم عبر تطبيق الهاتف المحمول لمزيد من سهولة الاستخدام. الرمز الداخلي للمنتج: RL-12011-APP-FGD.
نجف معلق ذهبي - RLA-12013,RLA-12013-APP-FGD,,نجف,قطعة,قطعة,ذهبي,1090,1200,4,نجف معلق بلون ذهبي، بتصميم عصري يناسب الصالات وغرف المعيشة والاستقبال، يدعم التحكم عن بُعد باستخدام الريموت، كما يدعم التحكم عبر تطبيق الهاتف المحمول لمزيد من سهولة الاستخدام. الرمز الداخلي للمنتج: RLA-12013-APP-FGD.
نجف معلق ذهبي - RL-12014,RL-12014-APP-FGD,,نجف,قطعة,قطعة,ذهبي,995,1100,4,نجف معلق بلون ذهبي، بتصميم عصري يناسب الصالات وغرف المعيشة والاستقبال، يدعم التحكم عن بُعد باستخدام الريموت، كما يدعم التحكم عبر تطبيق الهاتف المحمول لمزيد من سهولة الاستخدام. الرمز الداخلي للمنتج: RL-12014-APP-FGD.
نجف معلق - RL-12016,RL-12016-APP-CHG,,نجف,قطعة,قطعة,,1280,1400,4,نجف معلق، بتصميم عصري يناسب الصالات وغرف المعيشة والاستقبال، يدعم التحكم عن بُعد باستخدام الريموت، كما يدعم التحكم عبر تطبيق الهاتف المحمول لمزيد من سهولة الاستخدام. الرمز الداخلي للمنتج: RL-12016-APP-CHG.
نجف معلق أبيض - RL-12019,RL-12019-APP-WH,,نجف,قطعة,قطعة,أبيض,1255,,4,نجف معلق بلون أبيض، بتصميم عصري يناسب الصالات وغرف المعيشة والاستقبال، يدعم التحكم عن بُعد باستخدام الريموت، كما يدعم التحكم عبر تطبيق الهاتف المحمول لمزيد من سهولة الاستخدام. الرمز الداخلي للمنتج: RL-12019-APP-WH.
نجف معلق - RL-12020,RL-12020-APP-CHG,,نجف,قطعة,قطعة,,1435,1550,4,نجف معلق، بتصميم عصري يناسب الصالات وغرف المعيشة والاستقبال، يدعم التحكم عن بُعد باستخدام الريموت، كما يدعم التحكم عبر تطبيق الهاتف المحمول لمزيد من سهولة الاستخدام. الرمز الداخلي للمنتج: RL-12020-APP-CHG.
نجف معلق أبيض - RL-12022,RL-12022-APP-WH,,نجف,قطعة,قطعة,أبيض,1170,1275,4,نجف معلق بلون أبيض، بتصميم عصري يناسب الصالات وغرف المعيشة والاستقبال، يدعم التحكم عن بُعد باستخدام الريموت، كما يدعم التحكم عبر تطبيق الهاتف المحمول لمزيد من سهولة الاستخدام. الرمز الداخلي للمنتج: RL-12022-APP-WH.
نجف معلق ذهبي - RL-12023,RL-12023-APP-FGD,,نجف,قطعة,قطعة,ذهبي,930,1050,4,نجف معلق بلون ذهبي، بتصميم عصري يناسب الصالات وغرف المعيشة والاستقبال، يدعم التحكم عن بُعد باستخدام الريموت، كما يدعم التحكم عبر تطبيق الهاتف المحمول لمزيد من سهولة الاستخدام. الرمز الداخلي للمنتج: RL-12023-APP-FGD.
نجف معلق ذهبي - RL-12025,RL-12025-APP-FGD,,نجف,قطعة,قطعة,ذهبي,1120,1325,4,نجف معلق بلون ذهبي، بتصميم عصري يناسب الصالات وغرف المعيشة والاستقبال، يدعم التحكم عن بُعد باستخدام الريموت، كما يدعم التحكم عبر تطبيق الهاتف المحمول لمزيد من سهولة الاستخدام. الرمز الداخلي للمنتج: RL-12025-APP-FGD.
نجف معلق ذهبي - RLA-12026,RLA-12026-APP-FGD,,نجف,قطعة,قطعة,ذهبي,1035,,4,نجف معلق بلون ذهبي، بتصميم عصري يناسب الصالات وغرف المعيشة والاستقبال، يدعم التحكم عن بُعد باستخدام الريموت، كما يدعم التحكم عبر تطبيق الهاتف المحمول لمزيد من سهولة الاستخدام. الرمز الداخلي للمنتج: RLA-12026-APP-FGD.
نجف معلق ذهبي - RL-12028,RL-12028-APP-FGD,,نجف,قطعة,قطعة,ذهبي,1200,,4,نجف معلق بلون ذهبي، بتصميم عصري يناسب الصالات وغرف المعيشة والاستقبال، يدعم التحكم عن بُعد باستخدام الريموت، كما يدعم التحكم عبر تطبيق الهاتف المحمول لمزيد من سهولة الاستخدام. الرمز الداخلي للمنتج: RL-12028-APP-FGD.
نجف معلق ذهبي - RL-12029,RL-12029-APP-FGD,,نجف,قطعة,قطعة,ذهبي,1065,,4,نجف معلق بلون ذهبي، بتصميم عصري يناسب الصالات وغرف المعيشة والاستقبال، يدعم التحكم عن بُعد باستخدام الريموت، كما يدعم التحكم عبر تطبيق الهاتف المحمول لمزيد من سهولة الاستخدام. الرمز الداخلي للمنتج: RL-12029-APP-FGD.
نجف معلق ذهبي - RLA-12031,RLA-12031-APP-FGD,,نجف,قطعة,قطعة,ذهبي,885,,4,نجف معلق بلون ذهبي، بتصميم عصري يناسب الصالات وغرف المعيشة والاستقبال، يدعم التحكم عن بُعد باستخدام الريموت، كما يدعم التحكم عبر تطبيق الهاتف المحمول لمزيد من سهولة الاستخدام. الرمز الداخلي للمنتج: RLA-12031-APP-FGD.
نجف معلق ذهبي - RLA-12032,RLA-12032-APP-FGD,,نجف,قطعة,قطعة,ذهبي,1160,,4,نجف معلق بلون ذهبي، بتصميم عصري يناسب الصالات وغرف المعيشة والاستقبال، يدعم التحكم عن بُعد باستخدام الريموت، كما يدعم التحكم عبر تطبيق الهاتف المحمول لمزيد من سهولة الاستخدام. الرمز الداخلي للمنتج: RLA-12032-APP-FGD.
نجف معلق ذهبي - RL-12034,RL-12034-APP-FGD,,نجف,قطعة,قطعة,ذهبي,1070,,4,نجف معلق بلون ذهبي، بتصميم عصري يناسب الصالات وغرف المعيشة والاستقبال، يدعم التحكم عن بُعد باستخدام الريموت، كما يدعم التحكم عبر تطبيق الهاتف المحمول لمزيد من سهولة الاستخدام. الرمز الداخلي للمنتج: RL-12034-APP-FGD.
نجف معلق ذهبي - RL-12035,RL-12035-APP-FGD,,نجف,قطعة,قطعة,ذهبي,1135,,4,نجف معلق بلون ذهبي، بتصميم عصري يناسب الصالات وغرف المعيشة والاستقبال، يدعم التحكم عن بُعد باستخدام الريموت، كما يدعم التحكم عبر تطبيق الهاتف المحمول لمزيد من سهولة الاستخدام. الرمز الداخلي للمنتج: RL-12035-APP-FGD.
نجف معلق ذهبي - RLA-12037,RLA-12037-APP-FGD,,نجف,قطعة,قطعة,ذهبي,915,,4,نجف معلق بلون ذهبي، بتصميم عصري يناسب الصالات وغرف المعيشة والاستقبال، يدعم التحكم عن بُعد باستخدام الريموت، كما يدعم التحكم عبر تطبيق الهاتف المحمول لمزيد من سهولة الاستخدام. الرمز الداخلي للمنتج: RLA-12037-APP-FGD.
نجف معلق ذهبي - RLA-12038,RLA-12038-APP-FGD,,نجف,قطعة,قطعة,ذهبي,1160,,4,نجف معلق بلون ذهبي، بتصميم عصري يناسب الصالات وغرف المعيشة والاستقبال، يدعم التحكم عن بُعد باستخدام الريموت، كما يدعم التحكم عبر تطبيق الهاتف المحمول لمزيد من سهولة الاستخدام. الرمز الداخلي للمنتج: RLA-12038-APP-FGD.
نجف معلق أبيض - RL-12040,RL-12040-APP-WH,,نجف,قطعة,قطعة,أبيض,1235,1350,4,نجف معلق بلون أبيض، بتصميم عصري يناسب الصالات وغرف المعيشة والاستقبال، يدعم التحكم عن بُعد باستخدام الريموت، كما يدعم التحكم عبر تطبيق الهاتف المحمول لمزيد من سهولة الاستخدام. الرمز الداخلي للمنتج: RL-12040-APP-WH.
نجف معلق ذهبي - RLC- 1337,RLC-1337-GD,,نجف,قطعة,قطعة,ذهبي,1250,1350,4,نجف معلق بلون ذهبي، بتصميم عصري يناسب الصالات وغرف المعيشة والاستقبال. الرمز الداخلي للمنتج: RLC-1337-GD.
نجف معلق ذهبي - RLX-123,RLX-123-FGD,,نجف,قطعة,قطعة,ذهبي,1000,,4,نجف معلق بلون ذهبي، بتصميم عصري يناسب الصالات وغرف المعيشة والاستقبال. الرمز الداخلي للمنتج: RLX-123-FGD.
نجف معلق - RLX-123,RLX-123-APP-CHG,,نجف,قطعة,قطعة,,1000,,4,نجف معلق، بتصميم عصري يناسب الصالات وغرف المعيشة والاستقبال، يدعم التحكم عن بُعد باستخدام الريموت، كما يدعم التحكم عبر تطبيق الهاتف المحمول لمزيد من سهولة الاستخدام. الرمز الداخلي للمنتج: RLX-123-APP-CHG.
نجف معلق ذهبي - RLWX-129,RLWX-129-APP-FGD,,نجف,قطعة,قطعة,ذهبي,1000,1150,4,نجف معلق بلون ذهبي، بتصميم عصري يناسب الصالات وغرف المعيشة والاستقبال، يدعم التحكم عن بُعد باستخدام الريموت، كما يدعم التحكم عبر تطبيق الهاتف المحمول لمزيد من سهولة الاستخدام. الرمز الداخلي للمنتج: RLWX-129-APP-FGD.
نجف معلق أبيض - RLWX-211-G13,RLWX-211-G13-APP-WH,,نجف,قطعة,قطعة,أبيض,1160,,4,نجف معلق بلون أبيض، بتصميم عصري يناسب الصالات وغرف المعيشة والاستقبال، يدعم التحكم عن بُعد باستخدام الريموت، كما يدعم التحكم عبر تطبيق الهاتف المحمول لمزيد من سهولة الاستخدام. الرمز الداخلي للمنتج: RLWX-211-G13-APP-WH.
نجف معلق ذهبي - RLWX-211-G13,RLWX-211-G13-APP-FGD,,نجف,قطعة,قطعة,ذهبي,1265,,4,نجف معلق بلون ذهبي، بتصميم عصري يناسب الصالات وغرف المعيشة والاستقبال، يدعم التحكم عن بُعد باستخدام الريموت، كما يدعم التحكم عبر تطبيق الهاتف المحمول لمزيد من سهولة الاستخدام. الرمز الداخلي للمنتج: RLWX-211-G13-APP-FGD.
نجف معلق ذهبي - RLWX-301,RLWX-301-FGD,,نجف,قطعة,قطعة,ذهبي,1430,,4,نجف معلق بلون ذهبي، بتصميم عصري يناسب الصالات وغرف المعيشة والاستقبال. الرمز الداخلي للمنتج: RLWX-301-FGD.
نجف معلق ذهبي - RLWX-305,RLWX-305-FGD,,نجف,قطعة,قطعة,ذهبي,1400,,4,نجف معلق بلون ذهبي، بتصميم عصري يناسب الصالات وغرف المعيشة والاستقبال. الرمز الداخلي للمنتج: RLWX-305-FGD.
نجف معلق ذهبي - RLWX-308,RLWX-308-FGD,,نجف,قطعة,قطعة,ذهبي,1200,,4,نجف معلق بلون ذهبي، بتصميم عصري يناسب الصالات وغرف المعيشة والاستقبال. الرمز الداخلي للمنتج: RLWX-308-FGD.
نجف معلق ذهبي - RLWX-8005-B,RLWX-8005-B-FGD,,نجف,قطعة,قطعة,ذهبي,1000,,4,نجف معلق بلون ذهبي، بتصميم عصري يناسب الصالات وغرف المعيشة والاستقبال. الرمز الداخلي للمنتج: RLWX-8005-B-FGD.
نجف معلق ذهبي - RLWX-2244,RLWX-2244-FGD,,نجف,قطعة,قطعة,ذهبي,765,,4,نجف معلق بلون ذهبي، بتصميم عصري يناسب الصالات وغرف المعيشة والاستقبال. الرمز الداخلي للمنتج: RLWX-2244-FGD.
نجف معلق ذهبي - RLWX-2348,RLWX-2348-G23-FGD,,نجف,قطعة,قطعة,ذهبي,800,,4,نجف معلق بلون ذهبي، بتصميم عصري يناسب الصالات وغرف المعيشة والاستقبال. الرمز الداخلي للمنتج: RLWX-2348-G23-FGD.
لامبادير ذهبي - RLT-201,RLT-201-FGD,,لمبادير,قطعة,قطعة,ذهبي,520,600,4,لامبادير بلون ذهبي، بتصميم عصري يناسب الصالات وغرف المعيشة والاستقبال. الرمز الداخلي للمنتج: RLT-201-FGD.
لامبادير ذهبي - RLT-202,RLT-202-FGD,,لمبادير,قطعة,قطعة,ذهبي,430,525,4,لامبادير بلون ذهبي، بتصميم عصري يناسب الصالات وغرف المعيشة والاستقبال. الرمز الداخلي للمنتج: RLT-202-FGD.
لامبادير ذهبي - RLT-203,RLT-203-FGD,,لمبادير,قطعة,قطعة,ذهبي,395,500,4,لامبادير بلون ذهبي، بتصميم عصري يناسب الصالات وغرف المعيشة والاستقبال. الرمز الداخلي للمنتج: RLT-203-FGD.
لامبادير ذهبي - RLT-204,RLT-204-FGD,,لمبادير,قطعة,قطعة,ذهبي,430,525,4,لامبادير بلون ذهبي، بتصميم عصري يناسب الصالات وغرف المعيشة والاستقبال. الرمز الداخلي للمنتج: RLT-204-FGD.
لامبادير ذهبي - RLT-205,RLT-205-FGD,,لمبادير,قطعة,قطعة,ذهبي,385,500,4,لامبادير بلون ذهبي، بتصميم عصري يناسب الصالات وغرف المعيشة والاستقبال. الرمز الداخلي للمنتج: RLT-205-FGD.
لامبادير ذهبي - RLT-207,RLT-207-FGD,,لمبادير,قطعة,قطعة,ذهبي,420,525,4,لامبادير بلون ذهبي، بتصميم عصري يناسب الصالات وغرف المعيشة والاستقبال. الرمز الداخلي للمنتج: RLT-207-FGD.
لامبادير ذهبي - RLT-211,RLT-211-FGD,,لمبادير,قطعة,قطعة,ذهبي,385,475,4,لامبادير بلون ذهبي، بتصميم عصري يناسب الصالات وغرف المعيشة والاستقبال. الرمز الداخلي للمنتج: RLT-211-FGD.
لامبادير ذهبي - HTLC-01,HTLC-01-FGD,,لمبادير,قطعة,قطعة,ذهبي,480,575,4,لامبادير بلون ذهبي، بتصميم عصري يناسب الصالات وغرف المعيشة والاستقبال. الرمز الداخلي للمنتج: HTLC-01-FGD.
لامبادير ذهبي - HTLC-02,HTLC-02-FGD,,لمبادير,قطعة,قطعة,ذهبي,480,575,4,لامبادير بلون ذهبي، بتصميم عصري يناسب الصالات وغرف المعيشة والاستقبال. الرمز الداخلي للمنتج: HTLC-02-FGD.
أبليك حائط أسود - R-HLB-501,R-HLB-501-BK,,اباليك,قطعة,قطعة,أسود,445,525,4,أبليك حائط بلون أسود، بتصميم عصري يناسب الصالات وغرف المعيشة والاستقبال. الرمز الداخلي للمنتج: R-HLB-501-BK.
أبليك حائط أسود - R-HTB127,R-HTB127-BK,,اباليك,قطعة,قطعة,أسود,120,145,4,أبليك حائط بلون أسود، بتصميم عصري يناسب الصالات وغرف المعيشة والاستقبال. الرمز الداخلي للمنتج: R-HTB127-BK.
أبليك حائط أبيض - R-HTB127,R-HTB127-WH,,اباليك,قطعة,قطعة,أبيض,120,145,4,أبليك حائط بلون أبيض، بتصميم عصري يناسب الصالات وغرف المعيشة والاستقبال. الرمز الداخلي للمنتج: R-HTB127-WH.
أبليك حائط ذهبي - R-HTB127,R-HTB127-FGD,,اباليك,قطعة,قطعة,ذهبي,155,175,4,أبليك حائط بلون ذهبي، بتصميم عصري يناسب الصالات وغرف المعيشة والاستقبال. الرمز الداخلي للمنتج: R-HTB127-FGD.
أبليك حائط شمبانيا - R-HTB127,R-HTB127-CPG,,اباليك,قطعة,قطعة,شمبانيا,140,155,4,أبليك حائط بلون شمبانيا، بتصميم عصري يناسب الصالات وغرف المعيشة والاستقبال. الرمز الداخلي للمنتج: R-HTB127-CPG.
أبليك حائط ذهبي - R-HTB202,R-HTB202-FGD,,اباليك,قطعة,قطعة,ذهبي,195,,4,أبليك حائط بلون ذهبي، بتصميم عصري يناسب الصالات وغرف المعيشة والاستقبال. الرمز الداخلي للمنتج: R-HTB202-FGD.
أبليك حائط أسود - R-HTB202,R-HTB202-BK,,اباليك,قطعة,قطعة,أسود,155,,4,أبليك حائط بلون أسود، بتصميم عصري يناسب الصالات وغرف المعيشة والاستقبال. الرمز الداخلي للمنتج: R-HTB202-BK.
أبليك حائط شمبانيا - R-HTB202,R-HTB202-CPG,,اباليك,قطعة,قطعة,شمبانيا,170,,4,أبليك حائط بلون شمبانيا، بتصميم عصري يناسب الصالات وغرف المعيشة والاستقبال. الرمز الداخلي للمنتج: R-HTB202-CPG.
أبليك حائط أسود - R-HTB203,R-HTB203-BK,,اباليك,قطعة,قطعة,أسود,150,,4,أبليك حائط بلون أسود، بتصميم عصري يناسب الصالات وغرف المعيشة والاستقبال. الرمز الداخلي للمنتج: R-HTB203-BK.
أبليك حائط ذهبي - R-HTB203,R-HTB203-FGD,,اباليك,قطعة,قطعة,ذهبي,190,,4,أبليك حائط بلون ذهبي، بتصميم عصري يناسب الصالات وغرف المعيشة والاستقبال. الرمز الداخلي للمنتج: R-HTB203-FGD.
أبليك حائط شمبانيا - R-HTB203,R-HTB203-CPG,,اباليك,قطعة,قطعة,شمبانيا,160,,4,أبليك حائط بلون شمبانيا، بتصميم عصري يناسب الصالات وغرف المعيشة والاستقبال. الرمز الداخلي للمنتج: R-HTB203-CPG.
أبليك حائط أسود - R-HTB206,R-HTB206-BK,,اباليك,قطعة,قطعة,أسود,140,,4,أبليك حائط بلون أسود، بتصميم عصري يناسب الصالات وغرف المعيشة والاستقبال. الرمز الداخلي للمنتج: R-HTB206-BK.
أبليك حائط ذهبي - R-HTB206,R-HTB206-FGD,,اباليك,قطعة,قطعة,ذهبي,185,,4,أبليك حائط بلون ذهبي، بتصميم عصري يناسب الصالات وغرف المعيشة والاستقبال. الرمز الداخلي للمنتج: R-HTB206-FGD.
أبليك حائط أسود - R-HTB207,R-HTB207-BK,,اباليك,قطعة,قطعة,أسود,195,275,4,أبليك حائط بلون أسود، بتصميم عصري يناسب الصالات وغرف المعيشة والاستقبال. الرمز الداخلي للمنتج: R-HTB207-BK.
أبليك حائط أبيض - R-HTB207,R-HTB207-WH,,اباليك,قطعة,قطعة,أبيض,195,275,4,أبليك حائط بلون أبيض، بتصميم عصري يناسب الصالات وغرف المعيشة والاستقبال. الرمز الداخلي للمنتج: R-HTB207-WH.
أبليك حائط ذهبي - R-HTB207,R-HTB207-FGD,,اباليك,قطعة,قطعة,ذهبي,250,,4,أبليك حائط بلون ذهبي، بتصميم عصري يناسب الصالات وغرف المعيشة والاستقبال. الرمز الداخلي للمنتج: R-HTB207-FGD.
أبليك حائط أسود - R-HTB209,R-HTB209-BK,,اباليك,قطعة,قطعة,أسود,215,275,4,أبليك حائط بلون أسود، بتصميم عصري يناسب الصالات وغرف المعيشة والاستقبال. الرمز الداخلي للمنتج: R-HTB209-BK.
أبليك حائط أبيض - R-HTB209,R-HTB209-WH,,اباليك,قطعة,قطعة,أبيض,215,250,4,أبليك حائط بلون أبيض، بتصميم عصري يناسب الصالات وغرف المعيشة والاستقبال. الرمز الداخلي للمنتج: R-HTB209-WH.
أبليك حائط ذهبي - R-HTB209,R-HTB209-FGD,,اباليك,قطعة,قطعة,ذهبي,295,325,4,أبليك حائط بلون ذهبي، بتصميم عصري يناسب الصالات وغرف المعيشة والاستقبال. الرمز الداخلي للمنتج: R-HTB209-FGD.
أبليك حائط أسود - R-HTB210-A,R-HTB210-A-BK,,اباليك,قطعة,قطعة,أسود,120,1350,4,أبليك حائط بلون أسود، بتصميم عصري يناسب الصالات وغرف المعيشة والاستقبال. الرمز الداخلي للمنتج: R-HTB210-A-BK.
أبليك حائط أبيض - R-HTB210-A,R-HTB210-A-WH,,اباليك,قطعة,قطعة,أبيض,120,,4,أبليك حائط بلون أبيض، بتصميم عصري يناسب الصالات وغرف المعيشة والاستقبال. الرمز الداخلي للمنتج: R-HTB210-A-WH.
أبليك حائط شمبانيا - R-HTB210-A,R-HTB210-A-CPG,,اباليك,قطعة,قطعة,شمبانيا,140,,4,أبليك حائط بلون شمبانيا، بتصميم عصري يناسب الصالات وغرف المعيشة والاستقبال. الرمز الداخلي للمنتج: R-HTB210-A-CPG.
أبليك حائط أسود - R-HTB210-B,R-HTB210-B-BK,,اباليك,قطعة,قطعة,أسود,120,135,4,أبليك حائط بلون أسود، بتصميم عصري يناسب الصالات وغرف المعيشة والاستقبال. الرمز الداخلي للمنتج: R-HTB210-B-BK.
أبليك حائط ذهبي - R-HTB210-B,R-HTB210-B-FGD,,اباليك,قطعة,قطعة,ذهبي,155,175,4,أبليك حائط بلون ذهبي، بتصميم عصري يناسب الصالات وغرف المعيشة والاستقبال. الرمز الداخلي للمنتج: R-HTB210-B-FGD.
أبليك حائط شمبانيا - R-HTB210-B,R-HTB210-B-CPG,,اباليك,قطعة,قطعة,شمبانيا,140,,4,أبليك حائط بلون شمبانيا، بتصميم عصري يناسب الصالات وغرف المعيشة والاستقبال. الرمز الداخلي للمنتج: R-HTB210-B-CPG.
أبليك حائط ذهبي - R-HTB211,R-HTB211-FGD,,اباليك,قطعة,قطعة,ذهبي,155,,4,أبليك حائط بلون ذهبي، بتصميم عصري يناسب الصالات وغرف المعيشة والاستقبال. الرمز الداخلي للمنتج: R-HTB211-FGD.
أبليك حائط أسود - R-HTB211,R-HTB211-BK,,اباليك,قطعة,قطعة,أسود,130,,4,أبليك حائط بلون أسود، بتصميم عصري يناسب الصالات وغرف المعيشة والاستقبال. الرمز الداخلي للمنتج: R-HTB211-BK.
أبليك حائط أبيض - R-HTB211,R-HTB211-WH,,اباليك,قطعة,قطعة,أبيض,130,,4,أبليك حائط بلون أبيض، بتصميم عصري يناسب الصالات وغرف المعيشة والاستقبال. الرمز الداخلي للمنتج: R-HTB211-WH.
أبليك حائط أسود - R-HTB213,R-HTB213-BK,,اباليك,قطعة,قطعة,أسود,215,275,4,أبليك حائط بلون أسود، بتصميم عصري يناسب الصالات وغرف المعيشة والاستقبال. الرمز الداخلي للمنتج: R-HTB213-BK.
أبليك حائط ذهبي - R-HTB213,R-HTB213-FGD,,اباليك,قطعة,قطعة,ذهبي,255,325,4,أبليك حائط بلون ذهبي، بتصميم عصري يناسب الصالات وغرف المعيشة والاستقبال. الرمز الداخلي للمنتج: R-HTB213-FGD.
أبليك حائط شمبانيا - R-HTB213,R-HTB213-CPG,,اباليك,قطعة,قطعة,شمبانيا,230,275,4,أبليك حائط بلون شمبانيا، بتصميم عصري يناسب الصالات وغرف المعيشة والاستقبال. الرمز الداخلي للمنتج: R-HTB213-CPG.
أبليك حائط أسود - R-HTB212,R-HTB212-BK,,اباليك,قطعة,قطعة,أسود,220,,4,أبليك حائط بلون أسود، بتصميم عصري يناسب الصالات وغرف المعيشة والاستقبال. الرمز الداخلي للمنتج: R-HTB212-BK.
أبليك حائط أسود - R-HTB215,R-HTB215-BK,,اباليك,قطعة,قطعة,أسود,320,375,4,أبليك حائط بلون أسود، بتصميم عصري يناسب الصالات وغرف المعيشة والاستقبال. الرمز الداخلي للمنتج: R-HTB215-BK.
أبليك حائط ذهبي - R-HTB218,R-HTB218-FGD,,اباليك,قطعة,قطعة,ذهبي,320,,4,أبليك حائط بلون ذهبي، بتصميم عصري يناسب الصالات وغرف المعيشة والاستقبال. الرمز الداخلي للمنتج: R-HTB218-FGD.
أبليك حائط ذهبي - R-HTB219,R-HTB219-FGD,,اباليك,قطعة,قطعة,ذهبي,460,,4,أبليك حائط بلون ذهبي، بتصميم عصري يناسب الصالات وغرف المعيشة والاستقبال. الرمز الداخلي للمنتج: R-HTB219-FGD.
أبليك حائط ذهبي - R-HTB220,R-HTB220-FGD,,اباليك,قطعة,قطعة,ذهبي,350,,4,أبليك حائط بلون ذهبي، بتصميم عصري يناسب الصالات وغرف المعيشة والاستقبال. الرمز الداخلي للمنتج: R-HTB220-FGD.
أبليك حائط ذهبي - R-HTB221,R-HTB221-FGD,,اباليك,قطعة,قطعة,ذهبي,460,,4,أبليك حائط بلون ذهبي، بتصميم عصري يناسب الصالات وغرف المعيشة والاستقبال. الرمز الداخلي للمنتج: R-HTB221-FGD.
أبليك حائط أسود - R-HTB222,R-HTB222-BK,,اباليك,قطعة,قطعة,أسود,240,325,4,أبليك حائط بلون أسود، بتصميم عصري يناسب الصالات وغرف المعيشة والاستقبال. الرمز الداخلي للمنتج: R-HTB222-BK.
أبليك حائط ذهبي - R-HTB222,R-HTB222-FGD,,اباليك,قطعة,قطعة,ذهبي,280,375,4,أبليك حائط بلون ذهبي، بتصميم عصري يناسب الصالات وغرف المعيشة والاستقبال. الرمز الداخلي للمنتج: R-HTB222-FGD.
أبليك حائط ذهبي - R-HTB224,R-HTB224-FGD,,اباليك,قطعة,قطعة,ذهبي,355,,4,أبليك حائط بلون ذهبي، بتصميم عصري يناسب الصالات وغرف المعيشة والاستقبال. الرمز الداخلي للمنتج: R-HTB224-FGD.
نجف معلق ذهبي - X1224,X1224-550GD-APP,,نجف,قطعة,قطعة,ذهبي,,1350,4,نجف معلق بلون ذهبي، بتصميم عصري يناسب الصالات وغرف المعيشة والاستقبال، يدعم التحكم عن بُعد باستخدام الريموت، كما يدعم التحكم عبر تطبيق الهاتف المحمول لمزيد من سهولة الاستخدام. الرمز الداخلي للمنتج: X1224-550GD-APP.
نجف معلق ذهبي - X1225,X1225-550GD-APP,,نجف,قطعة,قطعة,ذهبي,,1350,4,نجف معلق بلون ذهبي، بتصميم عصري يناسب الصالات وغرف المعيشة والاستقبال، يدعم التحكم عن بُعد باستخدام الريموت، كما يدعم التحكم عبر تطبيق الهاتف المحمول لمزيد من سهولة الاستخدام. الرمز الداخلي للمنتج: X1225-550GD-APP.
نجف معلق ذهبي - X18063,X18063-450GD-APP,,نجف,قطعة,قطعة,ذهبي,,1075,4,نجف معلق بلون ذهبي، بتصميم عصري يناسب الصالات وغرف المعيشة والاستقبال، يدعم التحكم عن بُعد باستخدام الريموت، كما يدعم التحكم عبر تطبيق الهاتف المحمول لمزيد من سهولة الاستخدام. الرمز الداخلي للمنتج: X18063-450GD-APP.
نجف معلق ذهبي - X18076,X18076-450GD-APP,,نجف,قطعة,قطعة,ذهبي,,1075,4,نجف معلق بلون ذهبي، بتصميم عصري يناسب الصالات وغرف المعيشة والاستقبال، يدعم التحكم عن بُعد باستخدام الريموت، كما يدعم التحكم عبر تطبيق الهاتف المحمول لمزيد من سهولة الاستخدام. الرمز الداخلي للمنتج: X18076-450GD-APP.
نجف معلق ذهبي - X18079,X18079-450GD-APP,,نجف,قطعة,قطعة,ذهبي,,1075,4,نجف معلق بلون ذهبي، بتصميم عصري يناسب الصالات وغرف المعيشة والاستقبال، يدعم التحكم عن بُعد باستخدام الريموت، كما يدعم التحكم عبر تطبيق الهاتف المحمول لمزيد من سهولة الاستخدام. الرمز الداخلي للمنتج: X18079-450GD-APP.
نجف معلق ذهبي - X18087,X18087-450GD-APP,,نجف,قطعة,قطعة,ذهبي,,1075,4,نجف معلق بلون ذهبي، بتصميم عصري يناسب الصالات وغرف المعيشة والاستقبال، يدعم التحكم عن بُعد باستخدام الريموت، كما يدعم التحكم عبر تطبيق الهاتف المحمول لمزيد من سهولة الاستخدام. الرمز الداخلي للمنتج: X18087-450GD-APP.
نجف معلق ذهبي - X18090,X18090-450GD-APP,,نجف,قطعة,قطعة,ذهبي,,1075,4,نجف معلق بلون ذهبي، بتصميم عصري يناسب الصالات وغرف المعيشة والاستقبال، يدعم التحكم عن بُعد باستخدام الريموت، كما يدعم التحكم عبر تطبيق الهاتف المحمول لمزيد من سهولة الاستخدام. الرمز الداخلي للمنتج: X18090-450GD-APP.
نجف معلق ذهبي - X18102,X18102-550GD-APP,,نجف,قطعة,قطعة,ذهبي,,1285,4,نجف معلق بلون ذهبي، بتصميم عصري يناسب الصالات وغرف المعيشة والاستقبال، يدعم التحكم عن بُعد باستخدام الريموت، كما يدعم التحكم عبر تطبيق الهاتف المحمول لمزيد من سهولة الاستخدام. الرمز الداخلي للمنتج: X18102-550GD-APP.
نجف معلق ذهبي - X18103,X18103-550GD-APP,,نجف,قطعة,قطعة,ذهبي,,1285,4,نجف معلق بلون ذهبي، بتصميم عصري يناسب الصالات وغرف المعيشة والاستقبال، يدعم التحكم عن بُعد باستخدام الريموت، كما يدعم التحكم عبر تطبيق الهاتف المحمول لمزيد من سهولة الاستخدام. الرمز الداخلي للمنتج: X18103-550GD-APP.
نجف معلق ذهبي - X18104,X18104-550GD-APP,,نجف,قطعة,قطعة,ذهبي,,1285,4,نجف معلق بلون ذهبي، بتصميم عصري يناسب الصالات وغرف المعيشة والاستقبال، يدعم التحكم عن بُعد باستخدام الريموت، كما يدعم التحكم عبر تطبيق الهاتف المحمول لمزيد من سهولة الاستخدام. الرمز الداخلي للمنتج: X18104-550GD-APP.
نجف معلق ذهبي - X18106,X18106-550GD-APP,,نجف,قطعة,قطعة,ذهبي,,1285,4,نجف معلق بلون ذهبي، بتصميم عصري يناسب الصالات وغرف المعيشة والاستقبال، يدعم التحكم عن بُعد باستخدام الريموت، كما يدعم التحكم عبر تطبيق الهاتف المحمول لمزيد من سهولة الاستخدام. الرمز الداخلي للمنتج: X18106-550GD-APP.
نجف معلق ذهبي - X18107,X18107-550GD-APP,,نجف,قطعة,قطعة,ذهبي,,1285,4,نجف معلق بلون ذهبي، بتصميم عصري يناسب الصالات وغرف المعيشة والاستقبال، يدعم التحكم عن بُعد باستخدام الريموت، كما يدعم التحكم عبر تطبيق الهاتف المحمول لمزيد من سهولة الاستخدام. الرمز الداخلي للمنتج: X18107-550GD-APP.
نجف معلق ذهبي - X18109,X18109-550GD-APP,,نجف,قطعة,قطعة,ذهبي,,1285,4,نجف معلق بلون ذهبي، بتصميم عصري يناسب الصالات وغرف المعيشة والاستقبال، يدعم التحكم عن بُعد باستخدام الريموت، كما يدعم التحكم عبر تطبيق الهاتف المحمول لمزيد من سهولة الاستخدام. الرمز الداخلي للمنتج: X18109-550GD-APP.
نجف معلق ذهبي - X18112,X18112-550GD-APP,,نجف,قطعة,قطعة,ذهبي,,1285,4,نجف معلق بلون ذهبي، بتصميم عصري يناسب الصالات وغرف المعيشة والاستقبال، يدعم التحكم عن بُعد باستخدام الريموت، كما يدعم التحكم عبر تطبيق الهاتف المحمول لمزيد من سهولة الاستخدام. الرمز الداخلي للمنتج: X18112-550GD-APP.
نجف معلق ذهبي - X18113,X18113-450GD-APP,,نجف,قطعة,قطعة,ذهبي,,1175,4,نجف معلق بلون ذهبي، بتصميم عصري يناسب الصالات وغرف المعيشة والاستقبال، يدعم التحكم عن بُعد باستخدام الريموت، كما يدعم التحكم عبر تطبيق الهاتف المحمول لمزيد من سهولة الاستخدام. الرمز الداخلي للمنتج: X18113-450GD-APP.
نجف معلق ذهبي - X18114,X18114-550GD-APP,,نجف,قطعة,قطعة,ذهبي,,1175,4,نجف معلق بلون ذهبي، بتصميم عصري يناسب الصالات وغرف المعيشة والاستقبال، يدعم التحكم عن بُعد باستخدام الريموت، كما يدعم التحكم عبر تطبيق الهاتف المحمول لمزيد من سهولة الاستخدام. الرمز الداخلي للمنتج: X18114-550GD-APP.
نجف معلق ذهبي - X18115,X18115-550GD-APP,,نجف,قطعة,قطعة,ذهبي,,1350,4,نجف معلق بلون ذهبي، بتصميم عصري يناسب الصالات وغرف المعيشة والاستقبال، يدعم التحكم عن بُعد باستخدام الريموت، كما يدعم التحكم عبر تطبيق الهاتف المحمول لمزيد من سهولة الاستخدام. الرمز الداخلي للمنتج: X18115-550GD-APP.
نجف معلق ذهبي - X18116,X18116-450GD-APP,,نجف,قطعة,قطعة,ذهبي,,1175,4,نجف معلق بلون ذهبي، بتصميم عصري يناسب الصالات وغرف المعيشة والاستقبال، يدعم التحكم عن بُعد باستخدام الريموت، كما يدعم التحكم عبر تطبيق الهاتف المحمول لمزيد من سهولة الاستخدام. الرمز الداخلي للمنتج: X18116-450GD-APP.
نجف معلق ذهبي - X18117,X18117-550GD-APP,,نجف,قطعة,قطعة,ذهبي,,1350,4,نجف معلق بلون ذهبي، بتصميم عصري يناسب الصالات وغرف المعيشة والاستقبال، يدعم التحكم عن بُعد باستخدام الريموت، كما يدعم التحكم عبر تطبيق الهاتف المحمول لمزيد من سهولة الاستخدام. الرمز الداخلي للمنتج: X18117-550GD-APP.
نجف معلق ذهبي - X18118,X18118-550GD-APP,,نجف,قطعة,قطعة,ذهبي,,1350,4,نجف معلق بلون ذهبي، بتصميم عصري يناسب الصالات وغرف المعيشة والاستقبال، يدعم التحكم عن بُعد باستخدام الريموت، كما يدعم التحكم عبر تطبيق الهاتف المحمول لمزيد من سهولة الاستخدام. الرمز الداخلي للمنتج: X18118-550GD-APP.
نجف معلق ذهبي - X18119,X18119-550GD-APP,,نجف,قطعة,قطعة,ذهبي,,1285,4,نجف معلق بلون ذهبي، بتصميم عصري يناسب الصالات وغرف المعيشة والاستقبال، يدعم التحكم عن بُعد باستخدام الريموت، كما يدعم التحكم عبر تطبيق الهاتف المحمول لمزيد من سهولة الاستخدام. الرمز الداخلي للمنتج: X18119-550GD-APP.
نجف معلق ذهبي - X18120,X18120-550GD-APP,,نجف,قطعة,قطعة,ذهبي,,1285,4,نجف معلق بلون ذهبي، بتصميم عصري يناسب الصالات وغرف المعيشة والاستقبال، يدعم التحكم عن بُعد باستخدام الريموت، كما يدعم التحكم عبر تطبيق الهاتف المحمول لمزيد من سهولة الاستخدام. الرمز الداخلي للمنتج: X18120-550GD-APP.
نجف معلق ذهبي - X18121,X18121-550GD-APP,,نجف,قطعة,قطعة,ذهبي,,1350,4,نجف معلق بلون ذهبي، بتصميم عصري يناسب الصالات وغرف المعيشة والاستقبال، يدعم التحكم عن بُعد باستخدام الريموت، كما يدعم التحكم عبر تطبيق الهاتف المحمول لمزيد من سهولة الاستخدام. الرمز الداخلي للمنتج: X18121-550GD-APP.
نجف معلق ذهبي - X18122,X18122-550GD-APP,,نجف,قطعة,قطعة,ذهبي,,1175,4,نجف معلق بلون ذهبي، بتصميم عصري يناسب الصالات وغرف المعيشة والاستقبال، يدعم التحكم عن بُعد باستخدام الريموت، كما يدعم التحكم عبر تطبيق الهاتف المحمول لمزيد من سهولة الاستخدام. الرمز الداخلي للمنتج: X18122-550GD-APP.
نجف معلق ذهبي - X18123,X18123-450GD-APP,,نجف,قطعة,قطعة,ذهبي,,1175,4,نجف معلق بلون ذهبي، بتصميم عصري يناسب الصالات وغرف المعيشة والاستقبال، يدعم التحكم عن بُعد باستخدام الريموت، كما يدعم التحكم عبر تطبيق الهاتف المحمول لمزيد من سهولة الاستخدام. الرمز الداخلي للمنتج: X18123-450GD-APP.
نجف معلق ذهبي - X18124,X18124-450GD-APP,,نجف,قطعة,قطعة,ذهبي,,1175,4,نجف معلق بلون ذهبي، بتصميم عصري يناسب الصالات وغرف المعيشة والاستقبال، يدعم التحكم عن بُعد باستخدام الريموت، كما يدعم التحكم عبر تطبيق الهاتف المحمول لمزيد من سهولة الاستخدام. الرمز الداخلي للمنتج: X18124-450GD-APP.
نجف معلق ذهبي - X18125,X18125-550GD-APP,,نجف,قطعة,قطعة,ذهبي,,1350,4,نجف معلق بلون ذهبي، بتصميم عصري يناسب الصالات وغرف المعيشة والاستقبال، يدعم التحكم عن بُعد باستخدام الريموت، كما يدعم التحكم عبر تطبيق الهاتف المحمول لمزيد من سهولة الاستخدام. الرمز الداخلي للمنتج: X18125-550GD-APP.
نجف معلق ذهبي - X18126,X18126-450GD-APP,,نجف,قطعة,قطعة,ذهبي,,1175,4,نجف معلق بلون ذهبي، بتصميم عصري يناسب الصالات وغرف المعيشة والاستقبال، يدعم التحكم عن بُعد باستخدام الريموت، كما يدعم التحكم عبر تطبيق الهاتف المحمول لمزيد من سهولة الاستخدام. الرمز الداخلي للمنتج: X18126-450GD-APP.
نجف معلق ذهبي - X18127,X18127-450GD-APP,,نجف,قطعة,قطعة,ذهبي,,1175,4,نجف معلق بلون ذهبي، بتصميم عصري يناسب الصالات وغرف المعيشة والاستقبال، يدعم التحكم عن بُعد باستخدام الريموت، كما يدعم التحكم عبر تطبيق الهاتف المحمول لمزيد من سهولة الاستخدام. الرمز الداخلي للمنتج: X18127-450GD-APP.
نجف معلق ذهبي - X18128,X18128-550GD-APP,,نجف,قطعة,قطعة,ذهبي,,1350,4,نجف معلق بلون ذهبي، بتصميم عصري يناسب الصالات وغرف المعيشة والاستقبال، يدعم التحكم عن بُعد باستخدام الريموت، كما يدعم التحكم عبر تطبيق الهاتف المحمول لمزيد من سهولة الاستخدام. الرمز الداخلي للمنتج: X18128-550GD-APP.
نجف معلق ذهبي - X18129,X18129-550GD-APP,,نجف,قطعة,قطعة,ذهبي,,1350,4,نجف معلق بلون ذهبي، بتصميم عصري يناسب الصالات وغرف المعيشة والاستقبال، يدعم التحكم عن بُعد باستخدام الريموت، كما يدعم التحكم عبر تطبيق الهاتف المحمول لمزيد من سهولة الاستخدام. الرمز الداخلي للمنتج: X18129-550GD-APP.
نجف معلق ذهبي - X18130,X18130-450GD-APP,,نجف,قطعة,قطعة,ذهبي,,1175,4,نجف معلق بلون ذهبي، بتصميم عصري يناسب الصالات وغرف المعيشة والاستقبال، يدعم التحكم عن بُعد باستخدام الريموت، كما يدعم التحكم عبر تطبيق الهاتف المحمول لمزيد من سهولة الاستخدام. الرمز الداخلي للمنتج: X18130-450GD-APP.
نجف معلق ذهبي - X18131,X18131-550GD-APP,,نجف,قطعة,قطعة,ذهبي,,1350,4,نجف معلق بلون ذهبي، بتصميم عصري يناسب الصالات وغرف المعيشة والاستقبال، يدعم التحكم عن بُعد باستخدام الريموت، كما يدعم التحكم عبر تطبيق الهاتف المحمول لمزيد من سهولة الاستخدام. الرمز الداخلي للمنتج: X18131-550GD-APP.
نجف معلق ذهبي - X19953,X19953-550GD-APP,,نجف,قطعة,قطعة,ذهبي,,1285,4,نجف معلق بلون ذهبي، بتصميم عصري يناسب الصالات وغرف المعيشة والاستقبال، يدعم التحكم عن بُعد باستخدام الريموت، كما يدعم التحكم عبر تطبيق الهاتف المحمول لمزيد من سهولة الاستخدام. الرمز الداخلي للمنتج: X19953-550GD-APP.
نجف معلق ذهبي - X196137,X196137-550GD-APP,,نجف,قطعة,قطعة,ذهبي,,1350,4,نجف معلق بلون ذهبي، بتصميم عصري يناسب الصالات وغرف المعيشة والاستقبال، يدعم التحكم عن بُعد باستخدام الريموت، كما يدعم التحكم عبر تطبيق الهاتف المحمول لمزيد من سهولة الاستخدام. الرمز الداخلي للمنتج: X196137-550GD-APP.
إضاءة - R-87*,R-87*-1200-EPG,,,قطعة,قطعة,,,5575,4,إضاءة، بتصميم عصري يناسب الصالات وغرف المعيشة والاستقبال. الرمز الداخلي للمنتج: R-87*-1200-EPG.
إضاءة أبيض - R-1137,R-1137-WH,,,قطعة,قطعة,أبيض,,375,4,إضاءة بلون أبيض، بتصميم عصري يناسب الصالات وغرف المعيشة والاستقبال. الرمز الداخلي للمنتج: R-1137-WH.
إضاءة أبيض - R-1139,R-1139-WH,,,قطعة,قطعة,أبيض,,375,4,إضاءة بلون أبيض، بتصميم عصري يناسب الصالات وغرف المعيشة والاستقبال. الرمز الداخلي للمنتج: R-1139-WH.
إضاءة أبيض - R-1141,R-1141-WH,,,قطعة,قطعة,أبيض,,375,4,إضاءة بلون أبيض، بتصميم عصري يناسب الصالات وغرف المعيشة والاستقبال. الرمز الداخلي للمنتج: R-1141-WH.
إضاءة ذهبي - R-1155,R-1155-GD,,,قطعة,قطعة,ذهبي,,325,4,إضاءة بلون ذهبي، بتصميم عصري يناسب الصالات وغرف المعيشة والاستقبال. الرمز الداخلي للمنتج: R-1155-GD.
إضاءة ذهبي - R-1157,R-1157-GD,,,قطعة,قطعة,ذهبي,,325,4,إضاءة بلون ذهبي، بتصميم عصري يناسب الصالات وغرف المعيشة والاستقبال. الرمز الداخلي للمنتج: R-1157-GD.
إضاءة ذهبي - R-1168,R-1168-GD,,,قطعة,قطعة,ذهبي,,275,4,إضاءة بلون ذهبي، بتصميم عصري يناسب الصالات وغرف المعيشة والاستقبال. الرمز الداخلي للمنتج: R-1168-GD.
إضاءة أبيض - R-1179,R-1179-WH,,,قطعة,قطعة,أبيض,,575,4,إضاءة بلون أبيض، بتصميم عصري يناسب الصالات وغرف المعيشة والاستقبال. الرمز الداخلي للمنتج: R-1179-WH.
إضاءة أبيض - R-1181,R-1181-45-WH,,,قطعة,قطعة,أبيض,,575,4,إضاءة بلون أبيض، بتصميم عصري يناسب الصالات وغرف المعيشة والاستقبال. الرمز الداخلي للمنتج: R-1181-45-WH.
إضاءة - R-1182,R-1182-45-BU,,,قطعة,قطعة,,,575,4,إضاءة، بتصميم عصري يناسب الصالات وغرف المعيشة والاستقبال. الرمز الداخلي للمنتج: R-1182-45-BU.
إضاءة - R-1183,R-1183-45-PK,,,قطعة,قطعة,,,575,4,إضاءة، بتصميم عصري يناسب الصالات وغرف المعيشة والاستقبال. الرمز الداخلي للمنتج: R-1183-45-PK.
إضاءة ذهبي - R-1184,R-1184-45-GD,,,قطعة,قطعة,ذهبي,,575,4,إضاءة بلون ذهبي، بتصميم عصري يناسب الصالات وغرف المعيشة والاستقبال. الرمز الداخلي للمنتج: R-1184-45-GD.
إضاءة كروم/فضي - R-1185,R-1185-45-CH,,,قطعة,قطعة,كروم/فضي,,575,4,إضاءة بلون كروم/فضي، بتصميم عصري يناسب الصالات وغرف المعيشة والاستقبال. الرمز الداخلي للمنتج: R-1185-45-CH.
إضاءة أسود - R-1186,R-1186-45-BK,,,قطعة,قطعة,أسود,,575,4,إضاءة بلون أسود، بتصميم عصري يناسب الصالات وغرف المعيشة والاستقبال. الرمز الداخلي للمنتج: R-1186-45-BK.
إضاءة أبيض - R-1187,R-1187-60-WH,,,قطعة,قطعة,أبيض,,675,4,إضاءة بلون أبيض، بتصميم عصري يناسب الصالات وغرف المعيشة والاستقبال. الرمز الداخلي للمنتج: R-1187-60-WH.
إضاءة ذهبي - R-1190,R-1190-60-GD,,,قطعة,قطعة,ذهبي,,675,4,إضاءة بلون ذهبي، بتصميم عصري يناسب الصالات وغرف المعيشة والاستقبال. الرمز الداخلي للمنتج: R-1190-60-GD.
إضاءة أبيض - R-1193,R-1193-90-WH,,,قطعة,قطعة,أبيض,,875,4,إضاءة بلون أبيض، بتصميم عصري يناسب الصالات وغرف المعيشة والاستقبال. الرمز الداخلي للمنتج: R-1193-90-WH.
إضاءة أسود - R-1198,R-1198-BK,,,قطعة,قطعة,أسود,,950,4,إضاءة بلون أسود، بتصميم عصري يناسب الصالات وغرف المعيشة والاستقبال. الرمز الداخلي للمنتج: R-1198-BK.
إضاءة أبيض - R-1199,R-1199-65-WH,,,قطعة,قطعة,أبيض,,875,4,إضاءة بلون أبيض، بتصميم عصري يناسب الصالات وغرف المعيشة والاستقبال. الرمز الداخلي للمنتج: R-1199-65-WH.
إضاءة كروم/فضي - R-1203,R-1203-65-CH,,,قطعة,قطعة,كروم/فضي,,875,4,إضاءة بلون كروم/فضي، بتصميم عصري يناسب الصالات وغرف المعيشة والاستقبال. الرمز الداخلي للمنتج: R-1203-65-CH.
إضاءة ذهبي - R-1206,R-1206-GD,,,قطعة,قطعة,ذهبي,,500,4,إضاءة بلون ذهبي، بتصميم عصري يناسب الصالات وغرف المعيشة والاستقبال. الرمز الداخلي للمنتج: R-1206-GD.
إضاءة ذهبي - R-1208,R-1208-GD,,,قطعة,قطعة,ذهبي,,425,4,إضاءة بلون ذهبي، بتصميم عصري يناسب الصالات وغرف المعيشة والاستقبال. الرمز الداخلي للمنتج: R-1208-GD.
إضاءة ذهبي - R-1209,R-1209-GD,,,قطعة,قطعة,ذهبي,,425,4,إضاءة بلون ذهبي، بتصميم عصري يناسب الصالات وغرف المعيشة والاستقبال. الرمز الداخلي للمنتج: R-1209-GD.
إضاءة ذهبي - R-1212,R-1212-GD,,,قطعة,قطعة,ذهبي,,475,4,إضاءة بلون ذهبي، بتصميم عصري يناسب الصالات وغرف المعيشة والاستقبال. الرمز الداخلي للمنتج: R-1212-GD.
إضاءة ذهبي - R-1213,R-1213-GD,,,قطعة,قطعة,ذهبي,,500,4,إضاءة بلون ذهبي، بتصميم عصري يناسب الصالات وغرف المعيشة والاستقبال. الرمز الداخلي للمنتج: R-1213-GD.
إضاءة أبيض - R-1216,R-1216-WH,,,قطعة,قطعة,أبيض,,500,4,إضاءة بلون أبيض، بتصميم عصري يناسب الصالات وغرف المعيشة والاستقبال. الرمز الداخلي للمنتج: R-1216-WH.
إضاءة أسود - R-1217,R-1217-BK,,,قطعة,قطعة,أسود,,500,4,إضاءة بلون أسود، بتصميم عصري يناسب الصالات وغرف المعيشة والاستقبال. الرمز الداخلي للمنتج: R-1217-BK.
إضاءة ذهبي - R-1218,R-1218-GD,,,قطعة,قطعة,ذهبي,,550,4,إضاءة بلون ذهبي، بتصميم عصري يناسب الصالات وغرف المعيشة والاستقبال. الرمز الداخلي للمنتج: R-1218-GD.
إضاءة أسود وذهبي - R-1219,R-1219-BK+GD,,,قطعة,قطعة,أسود وذهبي,,475,4,إضاءة بلون أسود وذهبي، بتصميم عصري يناسب الصالات وغرف المعيشة والاستقبال. الرمز الداخلي للمنتج: R-1219-BK+GD.
إضاءة ذهبي - R-1220,R-1220-GD,,,قطعة,قطعة,ذهبي,,725,4,إضاءة بلون ذهبي، بتصميم عصري يناسب الصالات وغرف المعيشة والاستقبال. الرمز الداخلي للمنتج: R-1220-GD.
إضاءة ذهبي - R-1222,R-1222-GD,,,قطعة,قطعة,ذهبي,,725,4,إضاءة بلون ذهبي، بتصميم عصري يناسب الصالات وغرف المعيشة والاستقبال. الرمز الداخلي للمنتج: R-1222-GD.
إضاءة ذهبي - R-1224,R-1224-GD,,,قطعة,قطعة,ذهبي,,675,4,إضاءة بلون ذهبي، بتصميم عصري يناسب الصالات وغرف المعيشة والاستقبال. الرمز الداخلي للمنتج: R-1224-GD.
إضاءة ذهبي - R-1226,R-1226-GD,,,قطعة,قطعة,ذهبي,,675,4,إضاءة بلون ذهبي، بتصميم عصري يناسب الصالات وغرف المعيشة والاستقبال. الرمز الداخلي للمنتج: R-1226-GD.
إضاءة ذهبي - R-1228,R-1228-GD,,,قطعة,قطعة,ذهبي,,675,4,إضاءة بلون ذهبي، بتصميم عصري يناسب الصالات وغرف المعيشة والاستقبال. الرمز الداخلي للمنتج: R-1228-GD.
إضاءة أسود - R-1229,R-1229-BK,,,قطعة,قطعة,أسود,,575,4,إضاءة بلون أسود، بتصميم عصري يناسب الصالات وغرف المعيشة والاستقبال. الرمز الداخلي للمنتج: R-1229-BK.
إضاءة ذهبي - R-1230,R-1230-GD,,,قطعة,قطعة,ذهبي,,625,4,إضاءة بلون ذهبي، بتصميم عصري يناسب الصالات وغرف المعيشة والاستقبال. الرمز الداخلي للمنتج: R-1230-GD.
إضاءة ذهبي - R-1232,R-1232-GD,,,قطعة,قطعة,ذهبي,,600,4,إضاءة بلون ذهبي، بتصميم عصري يناسب الصالات وغرف المعيشة والاستقبال. الرمز الداخلي للمنتج: R-1232-GD.
إضاءة ذهبي - R-1234,R-1234-GD,,,قطعة,قطعة,ذهبي,,575,4,إضاءة بلون ذهبي، بتصميم عصري يناسب الصالات وغرف المعيشة والاستقبال. الرمز الداخلي للمنتج: R-1234-GD.
إضاءة ذهبي - R-1236,R-1236-GD,,,قطعة,قطعة,ذهبي,,575,4,إضاءة بلون ذهبي، بتصميم عصري يناسب الصالات وغرف المعيشة والاستقبال. الرمز الداخلي للمنتج: R-1236-GD.
إضاءة ذهبي - R-1238,R-1238-GD,,,قطعة,قطعة,ذهبي,,575,4,إضاءة بلون ذهبي، بتصميم عصري يناسب الصالات وغرف المعيشة والاستقبال. الرمز الداخلي للمنتج: R-1238-GD.
إضاءة ذهبي - R-1240,R-1240-GD,,,قطعة,قطعة,ذهبي,,600,4,إضاءة بلون ذهبي، بتصميم عصري يناسب الصالات وغرف المعيشة والاستقبال. الرمز الداخلي للمنتج: R-1240-GD.
إضاءة ذهبي - R-1242,R-1242-GD,,,قطعة,قطعة,ذهبي,,475,4,إضاءة بلون ذهبي، بتصميم عصري يناسب الصالات وغرف المعيشة والاستقبال. الرمز الداخلي للمنتج: R-1242-GD.
إضاءة ذهبي - R-1249,R-1249-GD,,,قطعة,قطعة,ذهبي,,475,4,إضاءة بلون ذهبي، بتصميم عصري يناسب الصالات وغرف المعيشة والاستقبال. الرمز الداخلي للمنتج: R-1249-GD.
إضاءة أسود - R-1250,R-1250-BK,,,قطعة,قطعة,أسود,,475,4,إضاءة بلون أسود، بتصميم عصري يناسب الصالات وغرف المعيشة والاستقبال. الرمز الداخلي للمنتج: R-1250-BK.
إضاءة ذهبي - R-1251,R-1251-GD,,,قطعة,قطعة,ذهبي,,475,4,إضاءة بلون ذهبي، بتصميم عصري يناسب الصالات وغرف المعيشة والاستقبال. الرمز الداخلي للمنتج: R-1251-GD.
إضاءة أسود - R-1252,R-1252-BK,,,قطعة,قطعة,أسود,,475,4,إضاءة بلون أسود، بتصميم عصري يناسب الصالات وغرف المعيشة والاستقبال. الرمز الداخلي للمنتج: R-1252-BK.
إضاءة أبيض - R-1256,R-1256-WH,,,قطعة,قطعة,أبيض,,375,4,إضاءة بلون أبيض، بتصميم عصري يناسب الصالات وغرف المعيشة والاستقبال. الرمز الداخلي للمنتج: R-1256-WH.
إضاءة أبيض - R-1258,R-1258-WH,,,قطعة,قطعة,أبيض,,375,4,إضاءة بلون أبيض، بتصميم عصري يناسب الصالات وغرف المعيشة والاستقبال. الرمز الداخلي للمنتج: R-1258-WH.
إضاءة أبيض - R-1259,R-1259-WH,,,قطعة,قطعة,أبيض,,375,4,إضاءة بلون أبيض، بتصميم عصري يناسب الصالات وغرف المعيشة والاستقبال. الرمز الداخلي للمنتج: R-1259-WH.
إضاءة ذهبي - R-1262,R-1262-GD,,,قطعة,قطعة,ذهبي,,625,4,إضاءة بلون ذهبي، بتصميم عصري يناسب الصالات وغرف المعيشة والاستقبال. الرمز الداخلي للمنتج: R-1262-GD.
إضاءة ذهبي - R-1265,R-1265-GD,,,قطعة,قطعة,ذهبي,,725,4,إضاءة بلون ذهبي، بتصميم عصري يناسب الصالات وغرف المعيشة والاستقبال. الرمز الداخلي للمنتج: R-1265-GD.
إضاءة ذهبي - R-1268,R-1268-GD,,,قطعة,قطعة,ذهبي,,600,4,إضاءة بلون ذهبي، بتصميم عصري يناسب الصالات وغرف المعيشة والاستقبال. الرمز الداخلي للمنتج: R-1268-GD.
إضاءة ذهبي - R-1271,R-1271-GD,,,قطعة,قطعة,ذهبي,,750,4,إضاءة بلون ذهبي، بتصميم عصري يناسب الصالات وغرف المعيشة والاستقبال. الرمز الداخلي للمنتج: R-1271-GD.
إضاءة رمادي/فضي - R-1274,R-1274-GR,,,قطعة,قطعة,رمادي/فضي,,750,4,إضاءة بلون رمادي/فضي، بتصميم عصري يناسب الصالات وغرف المعيشة والاستقبال. الرمز الداخلي للمنتج: R-1274-GR.
إضاءة ذهبي - R-1282,R-1282-GD,,,قطعة,قطعة,ذهبي,,750,4,إضاءة بلون ذهبي، بتصميم عصري يناسب الصالات وغرف المعيشة والاستقبال. الرمز الداخلي للمنتج: R-1282-GD.
إضاءة أسود وذهبي - R-1283,R-1283-BK+GD,,,قطعة,قطعة,أسود وذهبي,,750,4,إضاءة بلون أسود وذهبي، بتصميم عصري يناسب الصالات وغرف المعيشة والاستقبال. الرمز الداخلي للمنتج: R-1283-BK+GD.
إضاءة أسود - R-1284,R-1284-BK,,,قطعة,قطعة,أسود,,575,4,إضاءة بلون أسود، بتصميم عصري يناسب الصالات وغرف المعيشة والاستقبال. الرمز الداخلي للمنتج: R-1284-BK.
إضاءة ذهبي - R-1284,R-1284-GD,,,قطعة,قطعة,ذهبي,,575,4,إضاءة بلون ذهبي، بتصميم عصري يناسب الصالات وغرف المعيشة والاستقبال. الرمز الداخلي للمنتج: R-1284-GD.
إضاءة أسود - R-1285,R-1285-BK,,,قطعة,قطعة,أسود,,700,4,إضاءة بلون أسود، بتصميم عصري يناسب الصالات وغرف المعيشة والاستقبال. الرمز الداخلي للمنتج: R-1285-BK.
إضاءة أسود وذهبي - R-1286,R-1286-BK+GD,,,قطعة,قطعة,أسود وذهبي,,675,4,إضاءة بلون أسود وذهبي، بتصميم عصري يناسب الصالات وغرف المعيشة والاستقبال. الرمز الداخلي للمنتج: R-1286-BK+GD.
إضاءة - R-1287,R-1287-CF+GD,,,قطعة,قطعة,,,650,4,إضاءة، بتصميم عصري يناسب الصالات وغرف المعيشة والاستقبال. الرمز الداخلي للمنتج: R-1287-CF+GD.
إضاءة ذهبي - R-1289,R-1289-GD,,,قطعة,قطعة,ذهبي,,375,4,إضاءة بلون ذهبي، بتصميم عصري يناسب الصالات وغرف المعيشة والاستقبال. الرمز الداخلي للمنتج: R-1289-GD.
إضاءة ذهبي - R-1290,R-1290-GD,,,قطعة,قطعة,ذهبي,,400,4,إضاءة بلون ذهبي، بتصميم عصري يناسب الصالات وغرف المعيشة والاستقبال. الرمز الداخلي للمنتج: R-1290-GD.
إضاءة ذهبي - R-1298,R-1298-GD,,,قطعة,قطعة,ذهبي,,375,4,إضاءة بلون ذهبي، بتصميم عصري يناسب الصالات وغرف المعيشة والاستقبال. الرمز الداخلي للمنتج: R-1298-GD.
إضاءة ذهبي - R-1299,R-1299-GD,,,قطعة,قطعة,ذهبي,,375,4,إضاءة بلون ذهبي، بتصميم عصري يناسب الصالات وغرف المعيشة والاستقبال. الرمز الداخلي للمنتج: R-1299-GD.
إضاءة ذهبي - R-1300,R-1300-GD,,,قطعة,قطعة,ذهبي,,1375,4,إضاءة بلون ذهبي، بتصميم عصري يناسب الصالات وغرف المعيشة والاستقبال. الرمز الداخلي للمنتج: R-1300-GD.
إضاءة ذهبي - R-1301,R-1301-GD,,,قطعة,قطعة,ذهبي,,375,4,إضاءة بلون ذهبي، بتصميم عصري يناسب الصالات وغرف المعيشة والاستقبال. الرمز الداخلي للمنتج: R-1301-GD.
إضاءة ذهبي - R-1302,R-1302-GD,,,قطعة,قطعة,ذهبي,,375,4,إضاءة بلون ذهبي، بتصميم عصري يناسب الصالات وغرف المعيشة والاستقبال. الرمز الداخلي للمنتج: R-1302-GD.
إضاءة ذهبي - R-1303,R-1303-GD,,,قطعة,قطعة,ذهبي,,375,4,إضاءة بلون ذهبي، بتصميم عصري يناسب الصالات وغرف المعيشة والاستقبال. الرمز الداخلي للمنتج: R-1303-GD.
إضاءة ذهبي - R-1304,R-1304-GD,,,قطعة,قطعة,ذهبي,,375,4,إضاءة بلون ذهبي، بتصميم عصري يناسب الصالات وغرف المعيشة والاستقبال. الرمز الداخلي للمنتج: R-1304-GD.
إضاءة ذهبي - R-1305,R-1305-GD,,,قطعة,قطعة,ذهبي,,375,4,إضاءة بلون ذهبي، بتصميم عصري يناسب الصالات وغرف المعيشة والاستقبال. الرمز الداخلي للمنتج: R-1305-GD.
وحدة إضاءة ذهبي - R-7711,R-7711-800*300-GD-APP,,,قطعة,قطعة,ذهبي,,4550,4,وحدة إضاءة بلون ذهبي، بتصميم عصري يناسب الصالات وغرف المعيشة والاستقبال، يدعم التحكم عن بُعد باستخدام الريموت، كما يدعم التحكم عبر تطبيق الهاتف المحمول لمزيد من سهولة الاستخدام. الرمز الداخلي للمنتج: R-7711-800*300-GD-APP.
وحدة إضاءة كروم/فضي - R-7712,R-7712-900-CH-APP,,,قطعة,قطعة,كروم/فضي,,3950,4,وحدة إضاءة بلون كروم/فضي، بتصميم عصري يناسب الصالات وغرف المعيشة والاستقبال، يدعم التحكم عن بُعد باستخدام الريموت، كما يدعم التحكم عبر تطبيق الهاتف المحمول لمزيد من سهولة الاستخدام. الرمز الداخلي للمنتج: R-7712-900-CH-APP.
إضاءة ذهبي - R-A212,R-A212-FGD,,,قطعة,قطعة,ذهبي,,1350,4,إضاءة بلون ذهبي، بتصميم عصري يناسب الصالات وغرف المعيشة والاستقبال. الرمز الداخلي للمنتج: R-A212-FGD.
إضاءة ذهبي - R-A3054,R-A3054-GD,,,قطعة,قطعة,ذهبي,,778,4,إضاءة بلون ذهبي، بتصميم عصري يناسب الصالات وغرف المعيشة والاستقبال. الرمز الداخلي للمنتج: R-A3054-GD.
إضاءة ذهبي - R-A-1201,R-A-1201-FGD,,,قطعة,قطعة,ذهبي,,800,4,إضاءة بلون ذهبي، بتصميم عصري يناسب الصالات وغرف المعيشة والاستقبال. الرمز الداخلي للمنتج: R-A-1201-FGD.
إضاءة - R-A-1201,R-A-1201-CF,,,قطعة,قطعة,,,700,4,إضاءة، بتصميم عصري يناسب الصالات وغرف المعيشة والاستقبال. الرمز الداخلي للمنتج: R-A-1201-CF.
إضاءة رمادي/فضي - R-A-1201,R-A-1201-GR,,,قطعة,قطعة,رمادي/فضي,,700,4,إضاءة بلون رمادي/فضي، بتصميم عصري يناسب الصالات وغرف المعيشة والاستقبال. الرمز الداخلي للمنتج: R-A-1201-GR.
إضاءة ذهبي - R-EA6290,R-EA6290-GD,,,قطعة,قطعة,ذهبي,,1250,4,إضاءة بلون ذهبي، بتصميم عصري يناسب الصالات وغرف المعيشة والاستقبال. الرمز الداخلي للمنتج: R-EA6290-GD.
أبليك حائط ذهبي - R-HB202,R-HB202-FGD,,اباليك,قطعة,قطعة,ذهبي,,210,4,أبليك حائط بلون ذهبي، بتصميم عصري يناسب الصالات وغرف المعيشة والاستقبال. الرمز الداخلي للمنتج: R-HB202-FGD.
أبليك حائط كروم/فضي - R-HB202,R-HB202-CH,,اباليك,قطعة,قطعة,كروم/فضي,,210,4,أبليك حائط بلون كروم/فضي، بتصميم عصري يناسب الصالات وغرف المعيشة والاستقبال. الرمز الداخلي للمنتج: R-HB202-CH.
أبليك حائط أسود - R-HB202,R-HB202-BK,,اباليك,قطعة,قطعة,أسود,,175,4,أبليك حائط بلون أسود، بتصميم عصري يناسب الصالات وغرف المعيشة والاستقبال. الرمز الداخلي للمنتج: R-HB202-BK.
أبليك حائط أسود - R-HB203,R-HB203-BK,,اباليك,قطعة,قطعة,أسود,,175,4,أبليك حائط بلون أسود، بتصميم عصري يناسب الصالات وغرف المعيشة والاستقبال. الرمز الداخلي للمنتج: R-HB203-BK.
أبليك حائط ذهبي - R-HB203,R-HB203-FGD,,اباليك,قطعة,قطعة,ذهبي,,210,4,أبليك حائط بلون ذهبي، بتصميم عصري يناسب الصالات وغرف المعيشة والاستقبال. الرمز الداخلي للمنتج: R-HB203-FGD.
أبليك حائط أسود - R-HB206,R-HB206-BK,,اباليك,قطعة,قطعة,أسود,,155,4,أبليك حائط بلون أسود، بتصميم عصري يناسب الصالات وغرف المعيشة والاستقبال. الرمز الداخلي للمنتج: R-HB206-BK.
أبليك حائط أسود - R-HB207,R-HB207-BK,,اباليك,قطعة,قطعة,أسود,,250,4,أبليك حائط بلون أسود، بتصميم عصري يناسب الصالات وغرف المعيشة والاستقبال. الرمز الداخلي للمنتج: R-HB207-BK.
أبليك حائط ذهبي - R-HB207,R-HB207-FGD,,اباليك,قطعة,قطعة,ذهبي,,275,4,أبليك حائط بلون ذهبي، بتصميم عصري يناسب الصالات وغرف المعيشة والاستقبال. الرمز الداخلي للمنتج: R-HB207-FGD.
أبليك حائط أبيض - R-HB207,R-HB207-WH,,اباليك,قطعة,قطعة,أبيض,,250,4,أبليك حائط بلون أبيض، بتصميم عصري يناسب الصالات وغرف المعيشة والاستقبال. الرمز الداخلي للمنتج: R-HB207-WH.
أبليك حائط كروم/فضي - R-HB207,R-HB207-CH,,اباليك,قطعة,قطعة,كروم/فضي,,275,4,أبليك حائط بلون كروم/فضي، بتصميم عصري يناسب الصالات وغرف المعيشة والاستقبال. الرمز الداخلي للمنتج: R-HB207-CH.
أبليك حائط أبيض - R-HB209,R-HB209-WH,,اباليك,قطعة,قطعة,أبيض,,250,4,أبليك حائط بلون أبيض، بتصميم عصري يناسب الصالات وغرف المعيشة والاستقبال. الرمز الداخلي للمنتج: R-HB209-WH.
أبليك حائط أسود - R-HB209,R-HB209-BK,,اباليك,قطعة,قطعة,أسود,,250,4,أبليك حائط بلون أسود، بتصميم عصري يناسب الصالات وغرف المعيشة والاستقبال. الرمز الداخلي للمنتج: R-HB209-BK.
أبليك حائط ذهبي - R-HB209,R-HB209-FGD,,اباليك,قطعة,قطعة,ذهبي,,300,4,أبليك حائط بلون ذهبي، بتصميم عصري يناسب الصالات وغرف المعيشة والاستقبال. الرمز الداخلي للمنتج: R-HB209-FGD.
أبليك حائط أسود - R-HB210,R-HB210-BK-APP,,اباليك,قطعة,قطعة,أسود,,125,4,أبليك حائط بلون أسود، بتصميم عصري يناسب الصالات وغرف المعيشة والاستقبال، يدعم التحكم عن بُعد باستخدام الريموت، كما يدعم التحكم عبر تطبيق الهاتف المحمول لمزيد من سهولة الاستخدام. الرمز الداخلي للمنتج: R-HB210-BK-APP.
أبليك حائط أسود - R-HB210,R-HB210-BK,,اباليك,قطعة,قطعة,أسود,,135,4,أبليك حائط بلون أسود، بتصميم عصري يناسب الصالات وغرف المعيشة والاستقبال. الرمز الداخلي للمنتج: R-HB210-BK.
أبليك حائط أبيض - R-HB210,R-HB210-WH,,اباليك,قطعة,قطعة,أبيض,,135,4,أبليك حائط بلون أبيض، بتصميم عصري يناسب الصالات وغرف المعيشة والاستقبال. الرمز الداخلي للمنتج: R-HB210-WH.
أبليك حائط أسود - R-HB211,R-HB211-BK,,اباليك,قطعة,قطعة,أسود,,125,4,أبليك حائط بلون أسود، بتصميم عصري يناسب الصالات وغرف المعيشة والاستقبال. الرمز الداخلي للمنتج: R-HB211-BK.
أبليك حائط ذهبي - R-HB211,R-HB211-FGD,,اباليك,قطعة,قطعة,ذهبي,,155,4,أبليك حائط بلون ذهبي، بتصميم عصري يناسب الصالات وغرف المعيشة والاستقبال. الرمز الداخلي للمنتج: R-HB211-FGD.
أبليك حائط أبيض - R-HB211,R-HB211-WH,,اباليك,قطعة,قطعة,أبيض,,135,4,أبليك حائط بلون أبيض، بتصميم عصري يناسب الصالات وغرف المعيشة والاستقبال. الرمز الداخلي للمنتج: R-HB211-WH.
إضاءة ذهبي - R-HT1037,R-HT1037-APP-FGD,,,قطعة,قطعة,ذهبي,,4250,4,إضاءة بلون ذهبي، بتصميم عصري يناسب الصالات وغرف المعيشة والاستقبال، يدعم التحكم عن بُعد باستخدام الريموت، كما يدعم التحكم عبر تطبيق الهاتف المحمول لمزيد من سهولة الاستخدام. الرمز الداخلي للمنتج: R-HT1037-APP-FGD.
أبليك حائط أبيض - R-HTB210,R-HTB210-WH,,اباليك,قطعة,قطعة,أبيض,,135,4,أبليك حائط بلون أبيض، بتصميم عصري يناسب الصالات وغرف المعيشة والاستقبال. الرمز الداخلي للمنتج: R-HTB210-WH.
أبليك حائط أسود - R-HTB210,R-HTB210-BK,,اباليك,قطعة,قطعة,أسود,,145,4,أبليك حائط بلون أسود، بتصميم عصري يناسب الصالات وغرف المعيشة والاستقبال. الرمز الداخلي للمنتج: R-HTB210-BK.
أبليك حائط ذهبي - R-HTB215,R-HTB215-FGD,,اباليك,قطعة,قطعة,ذهبي,,525,4,أبليك حائط بلون ذهبي، بتصميم عصري يناسب الصالات وغرف المعيشة والاستقبال. الرمز الداخلي للمنتج: R-HTB215-FGD.
أبليك حائط ذهبي - R-HTB223,R-HTB223-FGD,,اباليك,قطعة,قطعة,ذهبي,,250,4,أبليك حائط بلون ذهبي، بتصميم عصري يناسب الصالات وغرف المعيشة والاستقبال. الرمز الداخلي للمنتج: R-HTB223-FGD.
أبليك حائط أسود - R-HTB223,R-HTB223-BK,,اباليك,قطعة,قطعة,أسود,,375,4,أبليك حائط بلون أسود، بتصميم عصري يناسب الصالات وغرف المعيشة والاستقبال. الرمز الداخلي للمنتج: R-HTB223-BK.
نجف معلق - R-U803,R-U803-800*300-CRD-APP,,نجف,قطعة,قطعة,,,1485,4,نجف معلق، بتصميم عصري يناسب الصالات وغرف المعيشة والاستقبال، يدعم التحكم عن بُعد باستخدام الريموت، كما يدعم التحكم عبر تطبيق الهاتف المحمول لمزيد من سهولة الاستخدام. الرمز الداخلي للمنتج: R-U803-800*300-CRD-APP.
نجف معلق - R-U807,R-U807-600-OEP-APP,,نجف,قطعة,قطعة,,,1650,4,نجف معلق، بتصميم عصري يناسب الصالات وغرف المعيشة والاستقبال، يدعم التحكم عن بُعد باستخدام الريموت، كما يدعم التحكم عبر تطبيق الهاتف المحمول لمزيد من سهولة الاستخدام. الرمز الداخلي للمنتج: R-U807-600-OEP-APP.
نجف معلق ذهبي - R-U808,R-U808-800*300-GD-APP,,نجف,قطعة,قطعة,ذهبي,,1750,4,نجف معلق بلون ذهبي، بتصميم عصري يناسب الصالات وغرف المعيشة والاستقبال، يدعم التحكم عن بُعد باستخدام الريموت، كما يدعم التحكم عبر تطبيق الهاتف المحمول لمزيد من سهولة الاستخدام. الرمز الداخلي للمنتج: R-U808-800*300-GD-APP.
نجف معلق ذهبي - R-U808,R-U808-600-GD-APP,,نجف,قطعة,قطعة,ذهبي,,1550,4,نجف معلق بلون ذهبي، بتصميم عصري يناسب الصالات وغرف المعيشة والاستقبال، يدعم التحكم عن بُعد باستخدام الريموت، كما يدعم التحكم عبر تطبيق الهاتف المحمول لمزيد من سهولة الاستخدام. الرمز الداخلي للمنتج: R-U808-600-GD-APP.
نجف معلق - R-U811,R-U811-800*300-OEB-APP,,نجف,قطعة,قطعة,,,1750,4,نجف معلق، بتصميم عصري يناسب الصالات وغرف المعيشة والاستقبال، يدعم التحكم عن بُعد باستخدام الريموت، كما يدعم التحكم عبر تطبيق الهاتف المحمول لمزيد من سهولة الاستخدام. الرمز الداخلي للمنتج: R-U811-800*300-OEB-APP.
نجف معلق - R-U821,R-U821-450-CRD-APP,,نجف,قطعة,قطعة,,,1705,4,نجف معلق، بتصميم عصري يناسب الصالات وغرف المعيشة والاستقبال، يدعم التحكم عن بُعد باستخدام الريموت، كما يدعم التحكم عبر تطبيق الهاتف المحمول لمزيد من سهولة الاستخدام. الرمز الداخلي للمنتج: R-U821-450-CRD-APP.
نجف معلق - R-U845,R-U845-600-CRD-APP,,نجف,قطعة,قطعة,,,1650,4,نجف معلق، بتصميم عصري يناسب الصالات وغرف المعيشة والاستقبال، يدعم التحكم عن بُعد باستخدام الريموت، كما يدعم التحكم عبر تطبيق الهاتف المحمول لمزيد من سهولة الاستخدام. الرمز الداخلي للمنتج: R-U845-600-CRD-APP.
نجف معلق ذهبي - R-U846,R-U846-600-GD-APP,,نجف,قطعة,قطعة,ذهبي,,1950,4,نجف معلق بلون ذهبي، بتصميم عصري يناسب الصالات وغرف المعيشة والاستقبال، يدعم التحكم عن بُعد باستخدام الريموت، كما يدعم التحكم عبر تطبيق الهاتف المحمول لمزيد من سهولة الاستخدام. الرمز الداخلي للمنتج: R-U846-600-GD-APP.
نجف معلق ذهبي - R-U847,R-U847-APP-GD,,نجف,قطعة,قطعة,ذهبي,,1850,4,نجف معلق بلون ذهبي، بتصميم عصري يناسب الصالات وغرف المعيشة والاستقبال، يدعم التحكم عن بُعد باستخدام الريموت، كما يدعم التحكم عبر تطبيق الهاتف المحمول لمزيد من سهولة الاستخدام. الرمز الداخلي للمنتج: R-U847-APP-GD.
نجف معلق ذهبي - R-U849,R-U849-GD-APP,,نجف,قطعة,قطعة,ذهبي,,1775,4,نجف معلق بلون ذهبي، بتصميم عصري يناسب الصالات وغرف المعيشة والاستقبال، يدعم التحكم عن بُعد باستخدام الريموت، كما يدعم التحكم عبر تطبيق الهاتف المحمول لمزيد من سهولة الاستخدام. الرمز الداخلي للمنتج: R-U849-GD-APP.
نجف معلق ذهبي - R-U850,R-U850-GD-APP,,نجف,قطعة,قطعة,ذهبي,,1775,4,نجف معلق بلون ذهبي، بتصميم عصري يناسب الصالات وغرف المعيشة والاستقبال، يدعم التحكم عن بُعد باستخدام الريموت، كما يدعم التحكم عبر تطبيق الهاتف المحمول لمزيد من سهولة الاستخدام. الرمز الداخلي للمنتج: R-U850-GD-APP.
نجف معلق ذهبي - R-U851,R-U851-450-GD-APP,,نجف,قطعة,قطعة,ذهبي,,1705,4,نجف معلق بلون ذهبي، بتصميم عصري يناسب الصالات وغرف المعيشة والاستقبال، يدعم التحكم عن بُعد باستخدام الريموت، كما يدعم التحكم عبر تطبيق الهاتف المحمول لمزيد من سهولة الاستخدام. الرمز الداخلي للمنتج: R-U851-450-GD-APP.
نجف معلق ذهبي - R-U852,R-U852-450-GD-APP,,نجف,قطعة,قطعة,ذهبي,,1705,4,نجف معلق بلون ذهبي، بتصميم عصري يناسب الصالات وغرف المعيشة والاستقبال، يدعم التحكم عن بُعد باستخدام الريموت، كما يدعم التحكم عبر تطبيق الهاتف المحمول لمزيد من سهولة الاستخدام. الرمز الداخلي للمنتج: R-U852-450-GD-APP.
نجف معلق - R-U854,R-U854-450-RG-APP,,نجف,قطعة,قطعة,,,1705,4,نجف معلق، بتصميم عصري يناسب الصالات وغرف المعيشة والاستقبال، يدعم التحكم عن بُعد باستخدام الريموت، كما يدعم التحكم عبر تطبيق الهاتف المحمول لمزيد من سهولة الاستخدام. الرمز الداخلي للمنتج: R-U854-450-RG-APP.
نجف معلق أبيض - HT106-3-C16MP3,HT106-3-C16MP3-APP-WH,,نجف,قطعة,قطعة,أبيض,,725,4,نجف معلق بلون أبيض، بتصميم عصري يناسب الصالات وغرف المعيشة والاستقبال، يدعم التحكم عن بُعد باستخدام الريموت، كما يدعم التحكم عبر تطبيق الهاتف المحمول لمزيد من سهولة الاستخدام. الرمز الداخلي للمنتج: HT106-3-C16MP3-APP-WH.
نجف معلق أسود - HT106-3-C16MP3,HT106-3-C16MP3-APP-BK,,نجف,قطعة,قطعة,أسود,,725,4,نجف معلق بلون أسود، بتصميم عصري يناسب الصالات وغرف المعيشة والاستقبال، يدعم التحكم عن بُعد باستخدام الريموت، كما يدعم التحكم عبر تطبيق الهاتف المحمول لمزيد من سهولة الاستخدام. الرمز الداخلي للمنتج: HT106-3-C16MP3-APP-BK.
نجف معلق أسود - HT106-3MP3,HT106-3MP3-APP-BK,,نجف,قطعة,قطعة,أسود,,675,4,نجف معلق بلون أسود، بتصميم عصري يناسب الصالات وغرف المعيشة والاستقبال، يدعم التحكم عن بُعد باستخدام الريموت، كما يدعم التحكم عبر تطبيق الهاتف المحمول لمزيد من سهولة الاستخدام. الرمز الداخلي للمنتج: HT106-3MP3-APP-BK.
نجف معلق أبيض - HT106-3MP3,HT106-3MP3-APP-WH,,نجف,قطعة,قطعة,أبيض,,675,4,نجف معلق بلون أبيض، بتصميم عصري يناسب الصالات وغرف المعيشة والاستقبال، يدعم التحكم عن بُعد باستخدام الريموت، كما يدعم التحكم عبر تطبيق الهاتف المحمول لمزيد من سهولة الاستخدام. الرمز الداخلي للمنتج: HT106-3MP3-APP-WH.
نجف معلق ذهبي - HT137,HT137-FGD,,نجف,قطعة,قطعة,ذهبي,,375,4,نجف معلق بلون ذهبي، بتصميم عصري يناسب الصالات وغرف المعيشة والاستقبال. الرمز الداخلي للمنتج: HT137-FGD.
نجف معلق ذهبي - HT145-C4,HT145-C4-FGD,,نجف,قطعة,قطعة,ذهبي,,375,4,نجف معلق بلون ذهبي، بتصميم عصري يناسب الصالات وغرف المعيشة والاستقبال. الرمز الداخلي للمنتج: HT145-C4-FGD.
نجف معلق ذهبي - HT1026,HT1026-APP-FGD,,نجف,قطعة,قطعة,ذهبي,,5100,4,نجف معلق بلون ذهبي، بتصميم عصري يناسب الصالات وغرف المعيشة والاستقبال، يدعم التحكم عن بُعد باستخدام الريموت، كما يدعم التحكم عبر تطبيق الهاتف المحمول لمزيد من سهولة الاستخدام. الرمز الداخلي للمنتج: HT1026-APP-FGD.
نجف معلق أسود - HT-102,HT-102-APP-BK,,نجف,قطعة,قطعة,أسود,,525,4,نجف معلق بلون أسود، بتصميم عصري يناسب الصالات وغرف المعيشة والاستقبال، يدعم التحكم عن بُعد باستخدام الريموت، كما يدعم التحكم عبر تطبيق الهاتف المحمول لمزيد من سهولة الاستخدام. الرمز الداخلي للمنتج: HT-102-APP-BK.
نجف معلق شمبانيا - HT-106,HT-106-APP-MP3-CPG,,نجف,قطعة,قطعة,شمبانيا,,745,4,نجف معلق بلون شمبانيا، بتصميم عصري يناسب الصالات وغرف المعيشة والاستقبال، يدعم التحكم عن بُعد باستخدام الريموت، كما يدعم التحكم عبر تطبيق الهاتف المحمول لمزيد من سهولة الاستخدام. الرمز الداخلي للمنتج: HT-106-APP-MP3-CPG.
نجف معلق رمادي/فضي - HT-106,HT-106-APP-MP3-GR,,نجف,قطعة,قطعة,رمادي/فضي,,745,4,نجف معلق بلون رمادي/فضي، بتصميم عصري يناسب الصالات وغرف المعيشة والاستقبال، يدعم التحكم عن بُعد باستخدام الريموت، كما يدعم التحكم عبر تطبيق الهاتف المحمول لمزيد من سهولة الاستخدام. الرمز الداخلي للمنتج: HT-106-APP-MP3-GR.
نجف معلق أبيض - HT-106,HT-106-APP-MP3-WH,,نجف,قطعة,قطعة,أبيض,,745,4,نجف معلق بلون أبيض، بتصميم عصري يناسب الصالات وغرف المعيشة والاستقبال، يدعم التحكم عن بُعد باستخدام الريموت، كما يدعم التحكم عبر تطبيق الهاتف المحمول لمزيد من سهولة الاستخدام. الرمز الداخلي للمنتج: HT-106-APP-MP3-WH.
نجف معلق ذهبي - HT-106,HT-106-APP-MP3-GD,,نجف,قطعة,قطعة,ذهبي,,745,4,نجف معلق بلون ذهبي، بتصميم عصري يناسب الصالات وغرف المعيشة والاستقبال، يدعم التحكم عن بُعد باستخدام الريموت، كما يدعم التحكم عبر تطبيق الهاتف المحمول لمزيد من سهولة الاستخدام. الرمز الداخلي للمنتج: HT-106-APP-MP3-GD.
نجف معلق أسود - HT-106,HT-106-APP-MP3-BK,,نجف,قطعة,قطعة,أسود,,745,4,نجف معلق بلون أسود، بتصميم عصري يناسب الصالات وغرف المعيشة والاستقبال، يدعم التحكم عن بُعد باستخدام الريموت، كما يدعم التحكم عبر تطبيق الهاتف المحمول لمزيد من سهولة الاستخدام. الرمز الداخلي للمنتج: HT-106-APP-MP3-BK.
نجف معلق أبيض - HT-106-3,HT-106-3-WH-APP,,نجف,قطعة,قطعة,أبيض,,525,4,نجف معلق بلون أبيض، بتصميم عصري يناسب الصالات وغرف المعيشة والاستقبال، يدعم التحكم عن بُعد باستخدام الريموت، كما يدعم التحكم عبر تطبيق الهاتف المحمول لمزيد من سهولة الاستخدام. الرمز الداخلي للمنتج: HT-106-3-WH-APP.
نجف معلق أسود - HT-106-3,HT-106-3-MP3-BK-APP,,نجف,قطعة,قطعة,أسود,,650,4,نجف معلق بلون أسود، بتصميم عصري يناسب الصالات وغرف المعيشة والاستقبال، يدعم التحكم عن بُعد باستخدام الريموت، كما يدعم التحكم عبر تطبيق الهاتف المحمول لمزيد من سهولة الاستخدام. الرمز الداخلي للمنتج: HT-106-3-MP3-BK-APP.
نجف معلق أبيض - HT-106-3,HT-106-3-MP3-WH-APP,,نجف,قطعة,قطعة,أبيض,,650,4,نجف معلق بلون أبيض، بتصميم عصري يناسب الصالات وغرف المعيشة والاستقبال، يدعم التحكم عن بُعد باستخدام الريموت، كما يدعم التحكم عبر تطبيق الهاتف المحمول لمزيد من سهولة الاستخدام. الرمز الداخلي للمنتج: HT-106-3-MP3-WH-APP.
نجف معلق ذهبي - HT-106-3,HT-106-3-APP-MP3-GD,,نجف,قطعة,قطعة,ذهبي,,675,4,نجف معلق بلون ذهبي، بتصميم عصري يناسب الصالات وغرف المعيشة والاستقبال، يدعم التحكم عن بُعد باستخدام الريموت، كما يدعم التحكم عبر تطبيق الهاتف المحمول لمزيد من سهولة الاستخدام. الرمز الداخلي للمنتج: HT-106-3-APP-MP3-GD.
نجف معلق رمادي/فضي - HT-106-3,HT-106-3-GR-APP,,نجف,قطعة,قطعة,رمادي/فضي,,525,4,نجف معلق بلون رمادي/فضي، بتصميم عصري يناسب الصالات وغرف المعيشة والاستقبال، يدعم التحكم عن بُعد باستخدام الريموت، كما يدعم التحكم عبر تطبيق الهاتف المحمول لمزيد من سهولة الاستخدام. الرمز الداخلي للمنتج: HT-106-3-GR-APP.
نجف معلق - HT-106-3,HT-106-3-CF-APP,,نجف,قطعة,قطعة,,,525,4,نجف معلق، بتصميم عصري يناسب الصالات وغرف المعيشة والاستقبال، يدعم التحكم عن بُعد باستخدام الريموت، كما يدعم التحكم عبر تطبيق الهاتف المحمول لمزيد من سهولة الاستخدام. الرمز الداخلي للمنتج: HT-106-3-CF-APP.
نجف معلق أسود - HT-106-3,HT-106-3-BK-APP,,نجف,قطعة,قطعة,أسود,,525,4,نجف معلق بلون أسود، بتصميم عصري يناسب الصالات وغرف المعيشة والاستقبال، يدعم التحكم عن بُعد باستخدام الريموت، كما يدعم التحكم عبر تطبيق الهاتف المحمول لمزيد من سهولة الاستخدام. الرمز الداخلي للمنتج: HT-106-3-BK-APP.
نجف معلق ذهبي - HT-106-C10,HT-106-C10-APP-FGD,,نجف,قطعة,قطعة,ذهبي,,1350,4,نجف معلق بلون ذهبي، بتصميم عصري يناسب الصالات وغرف المعيشة والاستقبال، يدعم التحكم عن بُعد باستخدام الريموت، كما يدعم التحكم عبر تطبيق الهاتف المحمول لمزيد من سهولة الاستخدام. الرمز الداخلي للمنتج: HT-106-C10-APP-FGD.
نجف معلق أبيض - HT-113,HT-113-APP-WH,,نجف,قطعة,قطعة,أبيض,,675,4,نجف معلق بلون أبيض، بتصميم عصري يناسب الصالات وغرف المعيشة والاستقبال، يدعم التحكم عن بُعد باستخدام الريموت، كما يدعم التحكم عبر تطبيق الهاتف المحمول لمزيد من سهولة الاستخدام. الرمز الداخلي للمنتج: HT-113-APP-WH.
نجف معلق ذهبي - HT-113,HT-113-APP-FGD,,نجف,قطعة,قطعة,ذهبي,,1000,4,نجف معلق بلون ذهبي، بتصميم عصري يناسب الصالات وغرف المعيشة والاستقبال، يدعم التحكم عن بُعد باستخدام الريموت، كما يدعم التحكم عبر تطبيق الهاتف المحمول لمزيد من سهولة الاستخدام. الرمز الداخلي للمنتج: HT-113-APP-FGD.
نجف معلق ذهبي - HT-122-G33,HT-122-G33-APP-FGD,,نجف,قطعة,قطعة,ذهبي,,900,4,نجف معلق بلون ذهبي، بتصميم عصري يناسب الصالات وغرف المعيشة والاستقبال، يدعم التحكم عن بُعد باستخدام الريموت، كما يدعم التحكم عبر تطبيق الهاتف المحمول لمزيد من سهولة الاستخدام. الرمز الداخلي للمنتج: HT-122-G33-APP-FGD.
نجف معلق ذهبي - HT-139,HT-139-Z043-APP-FGD,,نجف,قطعة,قطعة,ذهبي,,1350,4,نجف معلق بلون ذهبي، بتصميم عصري يناسب الصالات وغرف المعيشة والاستقبال، يدعم التحكم عن بُعد باستخدام الريموت، كما يدعم التحكم عبر تطبيق الهاتف المحمول لمزيد من سهولة الاستخدام. الرمز الداخلي للمنتج: HT-139-Z043-APP-FGD.
نجف معلق ذهبي - HT-139-C5,HT-139-C5-FGD,,نجف,قطعة,قطعة,ذهبي,,375,4,نجف معلق بلون ذهبي، بتصميم عصري يناسب الصالات وغرف المعيشة والاستقبال. الرمز الداخلي للمنتج: HT-139-C5-FGD.
نجف معلق ذهبي - HT-145,HT-145-FGD,,نجف,قطعة,قطعة,ذهبي,,325,4,نجف معلق بلون ذهبي، بتصميم عصري يناسب الصالات وغرف المعيشة والاستقبال. الرمز الداخلي للمنتج: HT-145-FGD.
نجف معلق - HT-147-G33,HT-147-G33-APP-CF,,نجف,قطعة,قطعة,,,425,4,نجف معلق، بتصميم عصري يناسب الصالات وغرف المعيشة والاستقبال، يدعم التحكم عن بُعد باستخدام الريموت، كما يدعم التحكم عبر تطبيق الهاتف المحمول لمزيد من سهولة الاستخدام. الرمز الداخلي للمنتج: HT-147-G33-APP-CF.
نجف معلق أسود - HT-147-G33,HT-147-G33-APP-BK,,نجف,قطعة,قطعة,أسود,,450,4,نجف معلق بلون أسود، بتصميم عصري يناسب الصالات وغرف المعيشة والاستقبال، يدعم التحكم عن بُعد باستخدام الريموت، كما يدعم التحكم عبر تطبيق الهاتف المحمول لمزيد من سهولة الاستخدام. الرمز الداخلي للمنتج: HT-147-G33-APP-BK.
نجف معلق شمبانيا - HT-147-G33,HT-147-G33-APP-CPG,,نجف,قطعة,قطعة,شمبانيا,,450,4,نجف معلق بلون شمبانيا، بتصميم عصري يناسب الصالات وغرف المعيشة والاستقبال، يدعم التحكم عن بُعد باستخدام الريموت، كما يدعم التحكم عبر تطبيق الهاتف المحمول لمزيد من سهولة الاستخدام. الرمز الداخلي للمنتج: HT-147-G33-APP-CPG.
نجف معلق ذهبي - HT-147-G33,HT-147-G33-APP-FGD,,نجف,قطعة,قطعة,ذهبي,,525,4,نجف معلق بلون ذهبي، بتصميم عصري يناسب الصالات وغرف المعيشة والاستقبال، يدعم التحكم عن بُعد باستخدام الريموت، كما يدعم التحكم عبر تطبيق الهاتف المحمول لمزيد من سهولة الاستخدام. الرمز الداخلي للمنتج: HT-147-G33-APP-FGD.
نجف معلق أبيض - HT-150-C5,HT-150-C5-APP-WH,,نجف,قطعة,قطعة,أبيض,,600,4,نجف معلق بلون أبيض، بتصميم عصري يناسب الصالات وغرف المعيشة والاستقبال، يدعم التحكم عن بُعد باستخدام الريموت، كما يدعم التحكم عبر تطبيق الهاتف المحمول لمزيد من سهولة الاستخدام. الرمز الداخلي للمنتج: HT-150-C5-APP-WH.
نجف معلق أسود - HT-150-C5,HT-150-C5-APP-BK,,نجف,قطعة,قطعة,أسود,,600,4,نجف معلق بلون أسود، بتصميم عصري يناسب الصالات وغرف المعيشة والاستقبال، يدعم التحكم عن بُعد باستخدام الريموت، كما يدعم التحكم عبر تطبيق الهاتف المحمول لمزيد من سهولة الاستخدام. الرمز الداخلي للمنتج: HT-150-C5-APP-BK.
نجف معلق أسود - HT-150-C6,HT-150-C6-APP-BK,,نجف,قطعة,قطعة,أسود,,600,4,نجف معلق بلون أسود، بتصميم عصري يناسب الصالات وغرف المعيشة والاستقبال، يدعم التحكم عن بُعد باستخدام الريموت، كما يدعم التحكم عبر تطبيق الهاتف المحمول لمزيد من سهولة الاستخدام. الرمز الداخلي للمنتج: HT-150-C6-APP-BK.
نجف معلق ذهبي - HT-151-G31,HT-151-G31-APP-FGD,,نجف,قطعة,قطعة,ذهبي,,900,4,نجف معلق بلون ذهبي، بتصميم عصري يناسب الصالات وغرف المعيشة والاستقبال، يدعم التحكم عن بُعد باستخدام الريموت، كما يدعم التحكم عبر تطبيق الهاتف المحمول لمزيد من سهولة الاستخدام. الرمز الداخلي للمنتج: HT-151-G31-APP-FGD.
نجف معلق أسود - HT-151-G31,HT-151-G31-APP-BK,,نجف,قطعة,قطعة,أسود,,800,4,نجف معلق بلون أسود، بتصميم عصري يناسب الصالات وغرف المعيشة والاستقبال، يدعم التحكم عن بُعد باستخدام الريموت، كما يدعم التحكم عبر تطبيق الهاتف المحمول لمزيد من سهولة الاستخدام. الرمز الداخلي للمنتج: HT-151-G31-APP-BK.
نجف معلق أسود - HT-151-G33,HT-151-G33-BK,,نجف,قطعة,قطعة,أسود,,375,4,نجف معلق بلون أسود، بتصميم عصري يناسب الصالات وغرف المعيشة والاستقبال. الرمز الداخلي للمنتج: HT-151-G33-BK.
نجف معلق ذهبي - HT-155,HT-155-DZ-007-FGD,,نجف,قطعة,قطعة,ذهبي,,650,4,نجف معلق بلون ذهبي، بتصميم عصري يناسب الصالات وغرف المعيشة والاستقبال. الرمز الداخلي للمنتج: HT-155-DZ-007-FGD.
نجف معلق ذهبي - HT-155,HT-155-DZ-16-FGD,,نجف,قطعة,قطعة,ذهبي,,650,4,نجف معلق بلون ذهبي، بتصميم عصري يناسب الصالات وغرف المعيشة والاستقبال. الرمز الداخلي للمنتج: HT-155-DZ-16-FGD.
نجف معلق ذهبي - HT-160-G31,HT-160-G31-APP-FGD,,نجف,قطعة,قطعة,ذهبي,,980,4,نجف معلق بلون ذهبي، بتصميم عصري يناسب الصالات وغرف المعيشة والاستقبال، يدعم التحكم عن بُعد باستخدام الريموت، كما يدعم التحكم عبر تطبيق الهاتف المحمول لمزيد من سهولة الاستخدام. الرمز الداخلي للمنتج: HT-160-G31-APP-FGD.
نجف معلق ذهبي - HT-161-G31,HT-161-G31-APP-FGD,,نجف,قطعة,قطعة,ذهبي,,900,4,نجف معلق بلون ذهبي، بتصميم عصري يناسب الصالات وغرف المعيشة والاستقبال، يدعم التحكم عن بُعد باستخدام الريموت، كما يدعم التحكم عبر تطبيق الهاتف المحمول لمزيد من سهولة الاستخدام. الرمز الداخلي للمنتج: HT-161-G31-APP-FGD.
نجف معلق ذهبي - HT-166,HT-166-APP-FGD,,نجف,قطعة,قطعة,ذهبي,,975,4,نجف معلق بلون ذهبي، بتصميم عصري يناسب الصالات وغرف المعيشة والاستقبال، يدعم التحكم عن بُعد باستخدام الريموت، كما يدعم التحكم عبر تطبيق الهاتف المحمول لمزيد من سهولة الاستخدام. الرمز الداخلي للمنتج: HT-166-APP-FGD.
نجف معلق ذهبي - HT-170-C2,HT-170-C2-FGD-APP,,نجف,قطعة,قطعة,ذهبي,,950,4,نجف معلق بلون ذهبي، بتصميم عصري يناسب الصالات وغرف المعيشة والاستقبال، يدعم التحكم عن بُعد باستخدام الريموت، كما يدعم التحكم عبر تطبيق الهاتف المحمول لمزيد من سهولة الاستخدام. الرمز الداخلي للمنتج: HT-170-C2-FGD-APP.
نجف معلق أسود - HT-813,HT-813-APP-BK,,نجف,قطعة,قطعة,أسود,,650,4,نجف معلق بلون أسود، بتصميم عصري يناسب الصالات وغرف المعيشة والاستقبال، يدعم التحكم عن بُعد باستخدام الريموت، كما يدعم التحكم عبر تطبيق الهاتف المحمول لمزيد من سهولة الاستخدام. الرمز الداخلي للمنتج: HT-813-APP-BK.
نجف معلق ذهبي - HT-813,HT-813-APP-FGD,,نجف,قطعة,قطعة,ذهبي,,850,4,نجف معلق بلون ذهبي، بتصميم عصري يناسب الصالات وغرف المعيشة والاستقبال، يدعم التحكم عن بُعد باستخدام الريموت، كما يدعم التحكم عبر تطبيق الهاتف المحمول لمزيد من سهولة الاستخدام. الرمز الداخلي للمنتج: HT-813-APP-FGD.
نجف معلق - HT-813,HT-813-APP-CF,,نجف,قطعة,قطعة,,,700,4,نجف معلق، بتصميم عصري يناسب الصالات وغرف المعيشة والاستقبال، يدعم التحكم عن بُعد باستخدام الريموت، كما يدعم التحكم عبر تطبيق الهاتف المحمول لمزيد من سهولة الاستخدام. الرمز الداخلي للمنتج: HT-813-APP-CF.
نجف معلق أبيض - HT-813,HT-813-APP-WH,,نجف,قطعة,قطعة,أبيض,,650,4,نجف معلق بلون أبيض، بتصميم عصري يناسب الصالات وغرف المعيشة والاستقبال، يدعم التحكم عن بُعد باستخدام الريموت، كما يدعم التحكم عبر تطبيق الهاتف المحمول لمزيد من سهولة الاستخدام. الرمز الداخلي للمنتج: HT-813-APP-WH.
نجف معلق ذهبي - HT-815,HT-815-APP-FGD,,نجف,قطعة,قطعة,ذهبي,,825,4,نجف معلق بلون ذهبي، بتصميم عصري يناسب الصالات وغرف المعيشة والاستقبال، يدعم التحكم عن بُعد باستخدام الريموت، كما يدعم التحكم عبر تطبيق الهاتف المحمول لمزيد من سهولة الاستخدام. الرمز الداخلي للمنتج: HT-815-APP-FGD.
نجف معلق أسود - HT-815,HT-815-APP-BK,,نجف,قطعة,قطعة,أسود,,715,4,نجف معلق بلون أسود، بتصميم عصري يناسب الصالات وغرف المعيشة والاستقبال، يدعم التحكم عن بُعد باستخدام الريموت، كما يدعم التحكم عبر تطبيق الهاتف المحمول لمزيد من سهولة الاستخدام. الرمز الداخلي للمنتج: HT-815-APP-BK.
نجف معلق - HT-818,HT-818-APP-CG,,نجف,قطعة,قطعة,,,600,4,نجف معلق، بتصميم عصري يناسب الصالات وغرف المعيشة والاستقبال، يدعم التحكم عن بُعد باستخدام الريموت، كما يدعم التحكم عبر تطبيق الهاتف المحمول لمزيد من سهولة الاستخدام. الرمز الداخلي للمنتج: HT-818-APP-CG.
نجف معلق أسود - HT-818,HT-818-APP-BK,,نجف,قطعة,قطعة,أسود,,525,4,نجف معلق بلون أسود، بتصميم عصري يناسب الصالات وغرف المعيشة والاستقبال، يدعم التحكم عن بُعد باستخدام الريموت، كما يدعم التحكم عبر تطبيق الهاتف المحمول لمزيد من سهولة الاستخدام. الرمز الداخلي للمنتج: HT-818-APP-BK.
نجف معلق - HT-818,HT-818-APP-CF,,نجف,قطعة,قطعة,,,,4,نجف معلق، بتصميم عصري يناسب الصالات وغرف المعيشة والاستقبال، يدعم التحكم عن بُعد باستخدام الريموت، كما يدعم التحكم عبر تطبيق الهاتف المحمول لمزيد من سهولة الاستخدام. الرمز الداخلي للمنتج: HT-818-APP-CF.
نجف معلق رمادي/فضي - HT-818,HT-818-APP-GR,,نجف,قطعة,قطعة,رمادي/فضي,,,4,نجف معلق بلون رمادي/فضي، بتصميم عصري يناسب الصالات وغرف المعيشة والاستقبال، يدعم التحكم عن بُعد باستخدام الريموت، كما يدعم التحكم عبر تطبيق الهاتف المحمول لمزيد من سهولة الاستخدام. الرمز الداخلي للمنتج: HT-818-APP-GR.
نجف معلق شمبانيا - HT-818,HT-818-APP-CPG,,نجف,قطعة,قطعة,شمبانيا,,550,4,نجف معلق بلون شمبانيا، بتصميم عصري يناسب الصالات وغرف المعيشة والاستقبال، يدعم التحكم عن بُعد باستخدام الريموت، كما يدعم التحكم عبر تطبيق الهاتف المحمول لمزيد من سهولة الاستخدام. الرمز الداخلي للمنتج: HT-818-APP-CPG.
نجف معلق ذهبي - HT-818,HT-818-APP-FGD,,نجف,قطعة,قطعة,ذهبي,,,4,نجف معلق بلون ذهبي، بتصميم عصري يناسب الصالات وغرف المعيشة والاستقبال، يدعم التحكم عن بُعد باستخدام الريموت، كما يدعم التحكم عبر تطبيق الهاتف المحمول لمزيد من سهولة الاستخدام. الرمز الداخلي للمنتج: HT-818-APP-FGD.
نجف معلق ذهبي - HT-818,HT-818-APP-GD,,نجف,قطعة,قطعة,ذهبي,,,4,نجف معلق بلون ذهبي، بتصميم عصري يناسب الصالات وغرف المعيشة والاستقبال، يدعم التحكم عن بُعد باستخدام الريموت، كما يدعم التحكم عبر تطبيق الهاتف المحمول لمزيد من سهولة الاستخدام. الرمز الداخلي للمنتج: HT-818-APP-GD.
نجف معلق أبيض - HT-818,HT-818-APP-WH,,نجف,قطعة,قطعة,أبيض,,525,4,نجف معلق بلون أبيض، بتصميم عصري يناسب الصالات وغرف المعيشة والاستقبال، يدعم التحكم عن بُعد باستخدام الريموت، كما يدعم التحكم عبر تطبيق الهاتف المحمول لمزيد من سهولة الاستخدام. الرمز الداخلي للمنتج: HT-818-APP-WH.
نجف معلق ذهبي - HT-819,HT-819-APP-FGD,,نجف,قطعة,قطعة,ذهبي,,,4,نجف معلق بلون ذهبي، بتصميم عصري يناسب الصالات وغرف المعيشة والاستقبال، يدعم التحكم عن بُعد باستخدام الريموت، كما يدعم التحكم عبر تطبيق الهاتف المحمول لمزيد من سهولة الاستخدام. الرمز الداخلي للمنتج: HT-819-APP-FGD.
نجف معلق أسود - HT-819,HT-819-APP-BK,,نجف,قطعة,قطعة,أسود,,,4,نجف معلق بلون أسود، بتصميم عصري يناسب الصالات وغرف المعيشة والاستقبال، يدعم التحكم عن بُعد باستخدام الريموت، كما يدعم التحكم عبر تطبيق الهاتف المحمول لمزيد من سهولة الاستخدام. الرمز الداخلي للمنتج: HT-819-APP-BK.
نجف معلق - HT-819,HT-819-APP-CF,,نجف,قطعة,قطعة,,,,4,نجف معلق، بتصميم عصري يناسب الصالات وغرف المعيشة والاستقبال، يدعم التحكم عن بُعد باستخدام الريموت، كما يدعم التحكم عبر تطبيق الهاتف المحمول لمزيد من سهولة الاستخدام. الرمز الداخلي للمنتج: HT-819-APP-CF.
نجف معلق أبيض - HT-819,HT-819-APP-WH,,نجف,قطعة,قطعة,أبيض,,650,4,نجف معلق بلون أبيض، بتصميم عصري يناسب الصالات وغرف المعيشة والاستقبال، يدعم التحكم عن بُعد باستخدام الريموت، كما يدعم التحكم عبر تطبيق الهاتف المحمول لمزيد من سهولة الاستخدام. الرمز الداخلي للمنتج: HT-819-APP-WH.
نجف معلق ذهبي - HT-819,HT-819-APP-GD,,نجف,قطعة,قطعة,ذهبي,,715,4,نجف معلق بلون ذهبي، بتصميم عصري يناسب الصالات وغرف المعيشة والاستقبال، يدعم التحكم عن بُعد باستخدام الريموت، كما يدعم التحكم عبر تطبيق الهاتف المحمول لمزيد من سهولة الاستخدام. الرمز الداخلي للمنتج: HT-819-APP-GD.
نجف معلق ذهبي - HT-842,HT-842-FGD,,نجف,قطعة,قطعة,ذهبي,,900,4,نجف معلق بلون ذهبي، بتصميم عصري يناسب الصالات وغرف المعيشة والاستقبال. الرمز الداخلي للمنتج: HT-842-FGD.
نجف معلق ذهبي - HT-851,HT-851-FGD,,نجف,قطعة,قطعة,ذهبي,,425,4,نجف معلق بلون ذهبي، بتصميم عصري يناسب الصالات وغرف المعيشة والاستقبال. الرمز الداخلي للمنتج: HT-851-FGD.
نجف معلق أسود - HT-852,HT-852-APP-BK,,نجف,قطعة,قطعة,أسود,,650,4,نجف معلق بلون أسود، بتصميم عصري يناسب الصالات وغرف المعيشة والاستقبال، يدعم التحكم عن بُعد باستخدام الريموت، كما يدعم التحكم عبر تطبيق الهاتف المحمول لمزيد من سهولة الاستخدام. الرمز الداخلي للمنتج: HT-852-APP-BK.
نجف معلق أسود - HT-864,HT-864-DZ-7APP-BK,,نجف,قطعة,قطعة,أسود,,750,4,نجف معلق بلون أسود، بتصميم عصري يناسب الصالات وغرف المعيشة والاستقبال، يدعم التحكم عن بُعد باستخدام الريموت، كما يدعم التحكم عبر تطبيق الهاتف المحمول لمزيد من سهولة الاستخدام. الرمز الداخلي للمنتج: HT-864-DZ-7APP-BK.
نجف معلق أبيض - HT-865,HT-865-DZ-4APP-WH,,نجف,قطعة,قطعة,أبيض,,825,4,نجف معلق بلون أبيض، بتصميم عصري يناسب الصالات وغرف المعيشة والاستقبال، يدعم التحكم عن بُعد باستخدام الريموت، كما يدعم التحكم عبر تطبيق الهاتف المحمول لمزيد من سهولة الاستخدام. الرمز الداخلي للمنتج: HT-865-DZ-4APP-WH.
نجف معلق أسود - HT-866,HT-866-DZ-10APP-BK,,نجف,قطعة,قطعة,أسود,,825,4,نجف معلق بلون أسود، بتصميم عصري يناسب الصالات وغرف المعيشة والاستقبال، يدعم التحكم عن بُعد باستخدام الريموت، كما يدعم التحكم عبر تطبيق الهاتف المحمول لمزيد من سهولة الاستخدام. الرمز الداخلي للمنتج: HT-866-DZ-10APP-BK.
نجف معلق أبيض - HT-868,HT-868-WH,,نجف,قطعة,قطعة,أبيض,,475,4,نجف معلق بلون أبيض، بتصميم عصري يناسب الصالات وغرف المعيشة والاستقبال. الرمز الداخلي للمنتج: HT-868-WH.
نجف معلق أسود - HT-870,HT-870-APP-BK,,نجف,قطعة,قطعة,أسود,,575,4,نجف معلق بلون أسود، بتصميم عصري يناسب الصالات وغرف المعيشة والاستقبال، يدعم التحكم عن بُعد باستخدام الريموت، كما يدعم التحكم عبر تطبيق الهاتف المحمول لمزيد من سهولة الاستخدام. الرمز الداخلي للمنتج: HT-870-APP-BK.
نجف معلق ذهبي - HT-870,HT-870-APP-FGD,,نجف,قطعة,قطعة,ذهبي,,650,4,نجف معلق بلون ذهبي، بتصميم عصري يناسب الصالات وغرف المعيشة والاستقبال، يدعم التحكم عن بُعد باستخدام الريموت، كما يدعم التحكم عبر تطبيق الهاتف المحمول لمزيد من سهولة الاستخدام. الرمز الداخلي للمنتج: HT-870-APP-FGD.
نجف معلق أسود - HT-874,HT-874-DZ-7APP-BK,,نجف,قطعة,قطعة,أسود,,1050,4,نجف معلق بلون أسود، بتصميم عصري يناسب الصالات وغرف المعيشة والاستقبال، يدعم التحكم عن بُعد باستخدام الريموت، كما يدعم التحكم عبر تطبيق الهاتف المحمول لمزيد من سهولة الاستخدام. الرمز الداخلي للمنتج: HT-874-DZ-7APP-BK.
نجف معلق ذهبي - HT-877,HT-877-DZ-6APP-FGD,,نجف,قطعة,قطعة,ذهبي,,1450,4,نجف معلق بلون ذهبي، بتصميم عصري يناسب الصالات وغرف المعيشة والاستقبال، يدعم التحكم عن بُعد باستخدام الريموت، كما يدعم التحكم عبر تطبيق الهاتف المحمول لمزيد من سهولة الاستخدام. الرمز الداخلي للمنتج: HT-877-DZ-6APP-FGD.
نجف معلق ذهبي - HT-887-C21,HT-887-C21-DZ-5-APP-FGD,,نجف,قطعة,قطعة,ذهبي,,1475,4,نجف معلق بلون ذهبي، بتصميم عصري يناسب الصالات وغرف المعيشة والاستقبال، يدعم التحكم عن بُعد باستخدام الريموت، كما يدعم التحكم عبر تطبيق الهاتف المحمول لمزيد من سهولة الاستخدام. الرمز الداخلي للمنتج: HT-887-C21-DZ-5-APP-FGD.
نجف معلق ذهبي - HT-888,HT-888-APP-FGD,,نجف,قطعة,قطعة,ذهبي,,1250,4,نجف معلق بلون ذهبي، بتصميم عصري يناسب الصالات وغرف المعيشة والاستقبال، يدعم التحكم عن بُعد باستخدام الريموت، كما يدعم التحكم عبر تطبيق الهاتف المحمول لمزيد من سهولة الاستخدام. الرمز الداخلي للمنتج: HT-888-APP-FGD.
نجف معلق ذهبي - HT-893,HT-893-DZ-12-APP-FGD,,نجف,قطعة,قطعة,ذهبي,,850,4,نجف معلق بلون ذهبي، بتصميم عصري يناسب الصالات وغرف المعيشة والاستقبال، يدعم التحكم عن بُعد باستخدام الريموت، كما يدعم التحكم عبر تطبيق الهاتف المحمول لمزيد من سهولة الاستخدام. الرمز الداخلي للمنتج: HT-893-DZ-12-APP-FGD.
نجف معلق أسود - HT-901,HT-901-APP-T29-BK,,نجف,قطعة,قطعة,أسود,,650,4,نجف معلق بلون أسود، بتصميم عصري يناسب الصالات وغرف المعيشة والاستقبال، يدعم التحكم عن بُعد باستخدام الريموت، كما يدعم التحكم عبر تطبيق الهاتف المحمول لمزيد من سهولة الاستخدام. الرمز الداخلي للمنتج: HT-901-APP-T29-BK.
نجف معلق ذهبي - HT-901,HT-901-APP-T28-FGD,,نجف,قطعة,قطعة,ذهبي,,750,4,نجف معلق بلون ذهبي، بتصميم عصري يناسب الصالات وغرف المعيشة والاستقبال، يدعم التحكم عن بُعد باستخدام الريموت، كما يدعم التحكم عبر تطبيق الهاتف المحمول لمزيد من سهولة الاستخدام. الرمز الداخلي للمنتج: HT-901-APP-T28-FGD.
نجف معلق ذهبي - HT-901,HT-901-APP-Z032-FGD,,نجف,قطعة,قطعة,ذهبي,,750,4,نجف معلق بلون ذهبي، بتصميم عصري يناسب الصالات وغرف المعيشة والاستقبال، يدعم التحكم عن بُعد باستخدام الريموت، كما يدعم التحكم عبر تطبيق الهاتف المحمول لمزيد من سهولة الاستخدام. الرمز الداخلي للمنتج: HT-901-APP-Z032-FGD.
نجف معلق ذهبي - HT-901,HT-901-APP-Z039-FGD,,نجف,قطعة,قطعة,ذهبي,,750,4,نجف معلق بلون ذهبي، بتصميم عصري يناسب الصالات وغرف المعيشة والاستقبال، يدعم التحكم عن بُعد باستخدام الريموت، كما يدعم التحكم عبر تطبيق الهاتف المحمول لمزيد من سهولة الاستخدام. الرمز الداخلي للمنتج: HT-901-APP-Z039-FGD.
نجف معلق ذهبي - HT-901,HT-901-APP-DZ-22-FGD,,نجف,قطعة,قطعة,ذهبي,,750,4,نجف معلق بلون ذهبي، بتصميم عصري يناسب الصالات وغرف المعيشة والاستقبال، يدعم التحكم عن بُعد باستخدام الريموت، كما يدعم التحكم عبر تطبيق الهاتف المحمول لمزيد من سهولة الاستخدام. الرمز الداخلي للمنتج: HT-901-APP-DZ-22-FGD.
نجف معلق ذهبي - HT-901,HT-901-APP-Z021-FGD,,نجف,قطعة,قطعة,ذهبي,,750,4,نجف معلق بلون ذهبي، بتصميم عصري يناسب الصالات وغرف المعيشة والاستقبال، يدعم التحكم عن بُعد باستخدام الريموت، كما يدعم التحكم عبر تطبيق الهاتف المحمول لمزيد من سهولة الاستخدام. الرمز الداخلي للمنتج: HT-901-APP-Z021-FGD.
نجف معلق ذهبي - HT-901-C10,HT-901-C10-APP-Z039-FGD,,نجف,قطعة,قطعة,ذهبي,,750,4,نجف معلق بلون ذهبي، بتصميم عصري يناسب الصالات وغرف المعيشة والاستقبال، يدعم التحكم عن بُعد باستخدام الريموت، كما يدعم التحكم عبر تطبيق الهاتف المحمول لمزيد من سهولة الاستخدام. الرمز الداخلي للمنتج: HT-901-C10-APP-Z039-FGD.
نجف معلق أسود - HT-907,HT-907-Z-003-APP-BK,,نجف,قطعة,قطعة,أسود,,750,4,نجف معلق بلون أسود، بتصميم عصري يناسب الصالات وغرف المعيشة والاستقبال، يدعم التحكم عن بُعد باستخدام الريموت، كما يدعم التحكم عبر تطبيق الهاتف المحمول لمزيد من سهولة الاستخدام. الرمز الداخلي للمنتج: HT-907-Z-003-APP-BK.
نجف معلق أسود - HT-912-G20,HT-912-G20-APP-BK,,نجف,قطعة,قطعة,أسود,,875,4,نجف معلق بلون أسود، بتصميم عصري يناسب الصالات وغرف المعيشة والاستقبال، يدعم التحكم عن بُعد باستخدام الريموت، كما يدعم التحكم عبر تطبيق الهاتف المحمول لمزيد من سهولة الاستخدام. الرمز الداخلي للمنتج: HT-912-G20-APP-BK.
نجف معلق ذهبي - HT-918,HT-918-A-APP-FGD,,نجف,قطعة,قطعة,ذهبي,,1050,4,نجف معلق بلون ذهبي، بتصميم عصري يناسب الصالات وغرف المعيشة والاستقبال، يدعم التحكم عن بُعد باستخدام الريموت، كما يدعم التحكم عبر تطبيق الهاتف المحمول لمزيد من سهولة الاستخدام. الرمز الداخلي للمنتج: HT-918-A-APP-FGD.
نجف معلق أسود - HT-918,HT-918-A-APP-BK,,نجف,قطعة,قطعة,أسود,,950,4,نجف معلق بلون أسود، بتصميم عصري يناسب الصالات وغرف المعيشة والاستقبال، يدعم التحكم عن بُعد باستخدام الريموت، كما يدعم التحكم عبر تطبيق الهاتف المحمول لمزيد من سهولة الاستخدام. الرمز الداخلي للمنتج: HT-918-A-APP-BK.
نجف معلق ذهبي - HT-918,HT-918-APP-FGD,,نجف,قطعة,قطعة,ذهبي,,1050,4,نجف معلق بلون ذهبي، بتصميم عصري يناسب الصالات وغرف المعيشة والاستقبال، يدعم التحكم عن بُعد باستخدام الريموت، كما يدعم التحكم عبر تطبيق الهاتف المحمول لمزيد من سهولة الاستخدام. الرمز الداخلي للمنتج: HT-918-APP-FGD.
نجف معلق أسود - HT-918,HT-918-APP-BK,,نجف,قطعة,قطعة,أسود,,950,4,نجف معلق بلون أسود، بتصميم عصري يناسب الصالات وغرف المعيشة والاستقبال، يدعم التحكم عن بُعد باستخدام الريموت، كما يدعم التحكم عبر تطبيق الهاتف المحمول لمزيد من سهولة الاستخدام. الرمز الداخلي للمنتج: HT-918-APP-BK.
نجف معلق أسود - HT-918-G23,HT-918-G23-A-APP-BK,,نجف,قطعة,قطعة,أسود,,950,4,نجف معلق بلون أسود، بتصميم عصري يناسب الصالات وغرف المعيشة والاستقبال، يدعم التحكم عن بُعد باستخدام الريموت، كما يدعم التحكم عبر تطبيق الهاتف المحمول لمزيد من سهولة الاستخدام. الرمز الداخلي للمنتج: HT-918-G23-A-APP-BK.
نجف معلق أسود - HT-920-C29,HT-920-C29-BK,,نجف,قطعة,قطعة,أسود,,725,4,نجف معلق بلون أسود، بتصميم عصري يناسب الصالات وغرف المعيشة والاستقبال. الرمز الداخلي للمنتج: HT-920-C29-BK.
نجف معلق أسود - HT-926,HT-926-G23-BK-APP,,نجف,قطعة,قطعة,أسود,,1000,4,نجف معلق بلون أسود، بتصميم عصري يناسب الصالات وغرف المعيشة والاستقبال، يدعم التحكم عن بُعد باستخدام الريموت، كما يدعم التحكم عبر تطبيق الهاتف المحمول لمزيد من سهولة الاستخدام. الرمز الداخلي للمنتج: HT-926-G23-BK-APP.
نجف معلق ذهبي - HT-927,HT-927-APP-Z028-FGD,,نجف,قطعة,قطعة,ذهبي,,1125,4,نجف معلق بلون ذهبي، بتصميم عصري يناسب الصالات وغرف المعيشة والاستقبال، يدعم التحكم عن بُعد باستخدام الريموت، كما يدعم التحكم عبر تطبيق الهاتف المحمول لمزيد من سهولة الاستخدام. الرمز الداخلي للمنتج: HT-927-APP-Z028-FGD.
نجف معلق ذهبي - HT-927,HT-927-APP-Z032-FGD,,نجف,قطعة,قطعة,ذهبي,,1125,4,نجف معلق بلون ذهبي، بتصميم عصري يناسب الصالات وغرف المعيشة والاستقبال، يدعم التحكم عن بُعد باستخدام الريموت، كما يدعم التحكم عبر تطبيق الهاتف المحمول لمزيد من سهولة الاستخدام. الرمز الداخلي للمنتج: HT-927-APP-Z032-FGD.
نجف معلق أبيض - HT-936,HT-936-APP-G40-WH,,نجف,قطعة,قطعة,أبيض,,750,4,نجف معلق بلون أبيض، بتصميم عصري يناسب الصالات وغرف المعيشة والاستقبال، يدعم التحكم عن بُعد باستخدام الريموت، كما يدعم التحكم عبر تطبيق الهاتف المحمول لمزيد من سهولة الاستخدام. الرمز الداخلي للمنتج: HT-936-APP-G40-WH.
نجف معلق أسود - HT-936,HT-936-APP-T40-BK,,نجف,قطعة,قطعة,أسود,,750,4,نجف معلق بلون أسود، بتصميم عصري يناسب الصالات وغرف المعيشة والاستقبال، يدعم التحكم عن بُعد باستخدام الريموت، كما يدعم التحكم عبر تطبيق الهاتف المحمول لمزيد من سهولة الاستخدام. الرمز الداخلي للمنتج: HT-936-APP-T40-BK.
نجف معلق أسود - HT-941,HT-941-APP-Z052-BK,,نجف,قطعة,قطعة,أسود,,850,4,نجف معلق بلون أسود، بتصميم عصري يناسب الصالات وغرف المعيشة والاستقبال، يدعم التحكم عن بُعد باستخدام الريموت، كما يدعم التحكم عبر تطبيق الهاتف المحمول لمزيد من سهولة الاستخدام. الرمز الداخلي للمنتج: HT-941-APP-Z052-BK.
نجف معلق ذهبي - HT-941-G23,HT-941-G23-ET008-APP-FGD,,نجف,قطعة,قطعة,ذهبي,,950,4,نجف معلق بلون ذهبي، بتصميم عصري يناسب الصالات وغرف المعيشة والاستقبال، يدعم التحكم عن بُعد باستخدام الريموت، كما يدعم التحكم عبر تطبيق الهاتف المحمول لمزيد من سهولة الاستخدام. الرمز الداخلي للمنتج: HT-941-G23-ET008-APP-FGD.
نجف معلق شمبانيا - HT-956,HT-956-APP-CPG,,نجف,قطعة,قطعة,شمبانيا,,1350,4,نجف معلق بلون شمبانيا، بتصميم عصري يناسب الصالات وغرف المعيشة والاستقبال، يدعم التحكم عن بُعد باستخدام الريموت، كما يدعم التحكم عبر تطبيق الهاتف المحمول لمزيد من سهولة الاستخدام. الرمز الداخلي للمنتج: HT-956-APP-CPG.
نجف معلق شمبانيا - HT-957,HT-957-APP-CPG,,نجف,قطعة,قطعة,شمبانيا,,1250,4,نجف معلق بلون شمبانيا، بتصميم عصري يناسب الصالات وغرف المعيشة والاستقبال، يدعم التحكم عن بُعد باستخدام الريموت، كما يدعم التحكم عبر تطبيق الهاتف المحمول لمزيد من سهولة الاستخدام. الرمز الداخلي للمنتج: HT-957-APP-CPG.
نجف معلق شمبانيا - HT-959,HT-959-APP-CPG,,نجف,قطعة,قطعة,شمبانيا,,1250,4,نجف معلق بلون شمبانيا، بتصميم عصري يناسب الصالات وغرف المعيشة والاستقبال، يدعم التحكم عن بُعد باستخدام الريموت، كما يدعم التحكم عبر تطبيق الهاتف المحمول لمزيد من سهولة الاستخدام. الرمز الداخلي للمنتج: HT-959-APP-CPG.
نجف معلق - HT-960,HT-960-APP-,,نجف,قطعة,قطعة,,,1375,4,نجف معلق، بتصميم عصري يناسب الصالات وغرف المعيشة والاستقبال، يدعم التحكم عن بُعد باستخدام الريموت، كما يدعم التحكم عبر تطبيق الهاتف المحمول لمزيد من سهولة الاستخدام. الرمز الداخلي للمنتج: HT-960-APP-.
نجف معلق شمبانيا - HT-969,HT-969-APP-CPG,,نجف,قطعة,قطعة,شمبانيا,,975,4,نجف معلق بلون شمبانيا، بتصميم عصري يناسب الصالات وغرف المعيشة والاستقبال، يدعم التحكم عن بُعد باستخدام الريموت، كما يدعم التحكم عبر تطبيق الهاتف المحمول لمزيد من سهولة الاستخدام. الرمز الداخلي للمنتج: HT-969-APP-CPG.
نجف معلق أسود - HT-972,HT-972-A-APP-BK,,نجف,قطعة,قطعة,أسود,,1350,4,نجف معلق بلون أسود، بتصميم عصري يناسب الصالات وغرف المعيشة والاستقبال، يدعم التحكم عن بُعد باستخدام الريموت، كما يدعم التحكم عبر تطبيق الهاتف المحمول لمزيد من سهولة الاستخدام. الرمز الداخلي للمنتج: HT-972-A-APP-BK.
نجف معلق أسود - HT-974,HT-974-APP-BK,,نجف,قطعة,قطعة,أسود,,1600,4,نجف معلق بلون أسود، بتصميم عصري يناسب الصالات وغرف المعيشة والاستقبال، يدعم التحكم عن بُعد باستخدام الريموت، كما يدعم التحكم عبر تطبيق الهاتف المحمول لمزيد من سهولة الاستخدام. الرمز الداخلي للمنتج: HT-974-APP-BK.
نجف معلق شمبانيا - HT-984,HT-984-APP-XZ012-CPG,,نجف,قطعة,قطعة,شمبانيا,,1100,4,نجف معلق بلون شمبانيا، بتصميم عصري يناسب الصالات وغرف المعيشة والاستقبال، يدعم التحكم عن بُعد باستخدام الريموت، كما يدعم التحكم عبر تطبيق الهاتف المحمول لمزيد من سهولة الاستخدام. الرمز الداخلي للمنتج: HT-984-APP-XZ012-CPG.
نجف معلق أسود - HT-984,HT-984-APP-Z052-BK,,نجف,قطعة,قطعة,أسود,,1100,4,نجف معلق بلون أسود، بتصميم عصري يناسب الصالات وغرف المعيشة والاستقبال، يدعم التحكم عن بُعد باستخدام الريموت، كما يدعم التحكم عبر تطبيق الهاتف المحمول لمزيد من سهولة الاستخدام. الرمز الداخلي للمنتج: HT-984-APP-Z052-BK.
نجف معلق أسود - HT-985,HT-985-APP-BK,,نجف,قطعة,قطعة,أسود,,850,4,نجف معلق بلون أسود، بتصميم عصري يناسب الصالات وغرف المعيشة والاستقبال، يدعم التحكم عن بُعد باستخدام الريموت، كما يدعم التحكم عبر تطبيق الهاتف المحمول لمزيد من سهولة الاستخدام. الرمز الداخلي للمنتج: HT-985-APP-BK.
نجف معلق أسود - HT-988,HT-988-EZ042-APP-BK,,نجف,قطعة,قطعة,أسود,,1050,4,نجف معلق بلون أسود، بتصميم عصري يناسب الصالات وغرف المعيشة والاستقبال، يدعم التحكم عن بُعد باستخدام الريموت، كما يدعم التحكم عبر تطبيق الهاتف المحمول لمزيد من سهولة الاستخدام. الرمز الداخلي للمنتج: HT-988-EZ042-APP-BK.
نجف معلق أسود - HT-1004,HT-1004-APP-BK,,نجف,قطعة,قطعة,أسود,,700,4,نجف معلق بلون أسود، بتصميم عصري يناسب الصالات وغرف المعيشة والاستقبال، يدعم التحكم عن بُعد باستخدام الريموت، كما يدعم التحكم عبر تطبيق الهاتف المحمول لمزيد من سهولة الاستخدام. الرمز الداخلي للمنتج: HT-1004-APP-BK.
نجف معلق ذهبي - HT-1005,HT-1005-Z-005-APP-FGD,,نجف,قطعة,قطعة,ذهبي,,850,4,نجف معلق بلون ذهبي، بتصميم عصري يناسب الصالات وغرف المعيشة والاستقبال، يدعم التحكم عن بُعد باستخدام الريموت، كما يدعم التحكم عبر تطبيق الهاتف المحمول لمزيد من سهولة الاستخدام. الرمز الداخلي للمنتج: HT-1005-Z-005-APP-FGD.
نجف معلق أسود - HT-1005,HT-1005-Z055-APP-BK,,نجف,قطعة,قطعة,أسود,,750,4,نجف معلق بلون أسود، بتصميم عصري يناسب الصالات وغرف المعيشة والاستقبال، يدعم التحكم عن بُعد باستخدام الريموت، كما يدعم التحكم عبر تطبيق الهاتف المحمول لمزيد من سهولة الاستخدام. الرمز الداخلي للمنتج: HT-1005-Z055-APP-BK.
نجف معلق أسود - HT-1006,HT-1006-Z041-APP-BK,,نجف,قطعة,قطعة,أسود,,725,4,نجف معلق بلون أسود، بتصميم عصري يناسب الصالات وغرف المعيشة والاستقبال، يدعم التحكم عن بُعد باستخدام الريموت، كما يدعم التحكم عبر تطبيق الهاتف المحمول لمزيد من سهولة الاستخدام. الرمز الداخلي للمنتج: HT-1006-Z041-APP-BK.
نجف معلق ذهبي - HT-1012,HT-1012-APP-FGD,,نجف,قطعة,قطعة,ذهبي,,650,4,نجف معلق بلون ذهبي، بتصميم عصري يناسب الصالات وغرف المعيشة والاستقبال، يدعم التحكم عن بُعد باستخدام الريموت، كما يدعم التحكم عبر تطبيق الهاتف المحمول لمزيد من سهولة الاستخدام. الرمز الداخلي للمنتج: HT-1012-APP-FGD.
نجف معلق أسود - HT-1014,HT-1014-Z036-APP-BK,,نجف,قطعة,قطعة,أسود,,750,4,نجف معلق بلون أسود، بتصميم عصري يناسب الصالات وغرف المعيشة والاستقبال، يدعم التحكم عن بُعد باستخدام الريموت، كما يدعم التحكم عبر تطبيق الهاتف المحمول لمزيد من سهولة الاستخدام. الرمز الداخلي للمنتج: HT-1014-Z036-APP-BK.
نجف معلق ذهبي - HT-1020,HT-1020-APP-FGD,,نجف,قطعة,قطعة,ذهبي,,850,4,نجف معلق بلون ذهبي، بتصميم عصري يناسب الصالات وغرف المعيشة والاستقبال، يدعم التحكم عن بُعد باستخدام الريموت، كما يدعم التحكم عبر تطبيق الهاتف المحمول لمزيد من سهولة الاستخدام. الرمز الداخلي للمنتج: HT-1020-APP-FGD.
نجف معلق ذهبي - HT-1027,HT-1027-APP-FGD,,نجف,قطعة,قطعة,ذهبي,,650,4,نجف معلق بلون ذهبي، بتصميم عصري يناسب الصالات وغرف المعيشة والاستقبال، يدعم التحكم عن بُعد باستخدام الريموت، كما يدعم التحكم عبر تطبيق الهاتف المحمول لمزيد من سهولة الاستخدام. الرمز الداخلي للمنتج: HT-1027-APP-FGD.
نجف معلق ذهبي - HT-1033,HT-1033-APP-FGD,,نجف,قطعة,قطعة,ذهبي,,450,4,نجف معلق بلون ذهبي، بتصميم عصري يناسب الصالات وغرف المعيشة والاستقبال، يدعم التحكم عن بُعد باستخدام الريموت، كما يدعم التحكم عبر تطبيق الهاتف المحمول لمزيد من سهولة الاستخدام. الرمز الداخلي للمنتج: HT-1033-APP-FGD.
نجف معلق ذهبي - HT-1034,HT-1034-APP-FGD,,نجف,قطعة,قطعة,ذهبي,,450,4,نجف معلق بلون ذهبي، بتصميم عصري يناسب الصالات وغرف المعيشة والاستقبال، يدعم التحكم عن بُعد باستخدام الريموت، كما يدعم التحكم عبر تطبيق الهاتف المحمول لمزيد من سهولة الاستخدام. الرمز الداخلي للمنتج: HT-1034-APP-FGD.
نجف معلق ذهبي - HT-42001,HT-42001-500-WH-GD,,نجف,قطعة,قطعة,ذهبي,,925,4,نجف معلق بلون ذهبي، بتصميم عصري يناسب الصالات وغرف المعيشة والاستقبال. الرمز الداخلي للمنتج: HT-42001-500-WH-GD.
نجف معلق ذهبي - HT-52001,HT-52001-500-WH-GD,,نجف,قطعة,قطعة,ذهبي,,1000,4,نجف معلق بلون ذهبي، بتصميم عصري يناسب الصالات وغرف المعيشة والاستقبال. الرمز الداخلي للمنتج: HT-52001-500-WH-GD.
نجف معلق ذهبي - HT-53007,HT-53007-FGD,,نجف,قطعة,قطعة,ذهبي,,1350,4,نجف معلق بلون ذهبي، بتصميم عصري يناسب الصالات وغرف المعيشة والاستقبال. الرمز الداخلي للمنتج: HT-53007-FGD.
أبليك حائط أبيض - HTB-127,HTB-127-WH,,اباليك,قطعة,قطعة,أبيض,,125,4,أبليك حائط بلون أبيض، بتصميم عصري يناسب الصالات وغرف المعيشة والاستقبال. الرمز الداخلي للمنتج: HTB-127-WH.
أبليك حائط أسود - HTB-127,HTB-127-BK,,اباليك,قطعة,قطعة,أسود,,125,4,أبليك حائط بلون أسود، بتصميم عصري يناسب الصالات وغرف المعيشة والاستقبال. الرمز الداخلي للمنتج: HTB-127-BK.
أبليك حائط ذهبي - HTB-127,HTB-127-FGD,,اباليك,قطعة,قطعة,ذهبي,,155,4,أبليك حائط بلون ذهبي، بتصميم عصري يناسب الصالات وغرف المعيشة والاستقبال. الرمز الداخلي للمنتج: HTB-127-FGD.
أبليك حائط أسود - HTB-207,HTB-207-BK,,اباليك,قطعة,قطعة,أسود,,250,4,أبليك حائط بلون أسود، بتصميم عصري يناسب الصالات وغرف المعيشة والاستقبال. الرمز الداخلي للمنتج: HTB-207-BK.
أبليك حائط أسود - HTB-209,HTB-209-BK,,اباليك,قطعة,قطعة,أسود,,250,4,أبليك حائط بلون أسود، بتصميم عصري يناسب الصالات وغرف المعيشة والاستقبال. الرمز الداخلي للمنتج: HTB-209-BK.
أبليك حائط أسود - HTB-210,HTB-210-BK,,اباليك,قطعة,قطعة,أسود,,125,4,أبليك حائط بلون أسود، بتصميم عصري يناسب الصالات وغرف المعيشة والاستقبال. الرمز الداخلي للمنتج: HTB-210-BK.
نجف معلق ذهبي - RL-102,RL-102-FGD,,نجف,قطعة,قطعة,ذهبي,,1075,4,نجف معلق بلون ذهبي، بتصميم عصري يناسب الصالات وغرف المعيشة والاستقبال. الرمز الداخلي للمنتج: RL-102-FGD.
نجف معلق ذهبي - RL-114,RL-114-FGD,,نجف,قطعة,قطعة,ذهبي,,1050,4,نجف معلق بلون ذهبي، بتصميم عصري يناسب الصالات وغرف المعيشة والاستقبال. الرمز الداخلي للمنتج: RL-114-FGD.
نجف معلق ذهبي - RL-115,RL-115-FGD,,نجف,قطعة,قطعة,ذهبي,,975,4,نجف معلق بلون ذهبي، بتصميم عصري يناسب الصالات وغرف المعيشة والاستقبال. الرمز الداخلي للمنتج: RL-115-FGD.
نجف معلق رمادي/فضي - RL-205,RL-205-GR,,نجف,قطعة,قطعة,رمادي/فضي,,1350,4,نجف معلق بلون رمادي/فضي، بتصميم عصري يناسب الصالات وغرف المعيشة والاستقبال. الرمز الداخلي للمنتج: RL-205-GR.
نجف معلق - RL-205,RL-205-CF,,نجف,قطعة,قطعة,,,1350,4,نجف معلق، بتصميم عصري يناسب الصالات وغرف المعيشة والاستقبال. الرمز الداخلي للمنتج: RL-205-CF.
نجف معلق ذهبي - RL-205,RL-205-FGD,,نجف,قطعة,قطعة,ذهبي,,1485,4,نجف معلق بلون ذهبي، بتصميم عصري يناسب الصالات وغرف المعيشة والاستقبال. الرمز الداخلي للمنتج: RL-205-FGD.
نجف معلق ذهبي - RL-206,RL-206-FGD,,نجف,قطعة,قطعة,ذهبي,,1350,4,نجف معلق بلون ذهبي، بتصميم عصري يناسب الصالات وغرف المعيشة والاستقبال. الرمز الداخلي للمنتج: RL-206-FGD.
نجف معلق ذهبي - RL-211,RL-211-GD,,نجف,قطعة,قطعة,ذهبي,,1150,4,نجف معلق بلون ذهبي، بتصميم عصري يناسب الصالات وغرف المعيشة والاستقبال. الرمز الداخلي للمنتج: RL-211-GD.
نجف معلق ذهبي - RL-214,RL-214-APP-FGD,,نجف,قطعة,قطعة,ذهبي,,1325,4,نجف معلق بلون ذهبي، بتصميم عصري يناسب الصالات وغرف المعيشة والاستقبال، يدعم التحكم عن بُعد باستخدام الريموت، كما يدعم التحكم عبر تطبيق الهاتف المحمول لمزيد من سهولة الاستخدام. الرمز الداخلي للمنتج: RL-214-APP-FGD.
نجف معلق ذهبي - RL-214,RL-214-FGD,,نجف,قطعة,قطعة,ذهبي,,1200,4,نجف معلق بلون ذهبي، بتصميم عصري يناسب الصالات وغرف المعيشة والاستقبال. الرمز الداخلي للمنتج: RL-214-FGD.
نجف معلق ذهبي - RL-214-C,RL-214-C-APP-FGD,,نجف,قطعة,قطعة,ذهبي,,1275,4,نجف معلق بلون ذهبي، بتصميم عصري يناسب الصالات وغرف المعيشة والاستقبال، يدعم التحكم عن بُعد باستخدام الريموت، كما يدعم التحكم عبر تطبيق الهاتف المحمول لمزيد من سهولة الاستخدام. الرمز الداخلي للمنتج: RL-214-C-APP-FGD.
نجف معلق ذهبي - RL-607,RL-607-G23-APP-FGD,,نجف,قطعة,قطعة,ذهبي,,1500,4,نجف معلق بلون ذهبي، بتصميم عصري يناسب الصالات وغرف المعيشة والاستقبال، يدعم التحكم عن بُعد باستخدام الريموت، كما يدعم التحكم عبر تطبيق الهاتف المحمول لمزيد من سهولة الاستخدام. الرمز الداخلي للمنتج: RL-607-G23-APP-FGD.
نجف معلق ذهبي - RL-621,RL-621-A-APP-FGD,,نجف,قطعة,قطعة,ذهبي,,900,4,نجف معلق بلون ذهبي، بتصميم عصري يناسب الصالات وغرف المعيشة والاستقبال، يدعم التحكم عن بُعد باستخدام الريموت، كما يدعم التحكم عبر تطبيق الهاتف المحمول لمزيد من سهولة الاستخدام. الرمز الداخلي للمنتج: RL-621-A-APP-FGD.
نجف معلق رمادي/فضي - RL-639,RL-639-A-APP-GR,,نجف,قطعة,قطعة,رمادي/فضي,,1075,4,نجف معلق بلون رمادي/فضي، بتصميم عصري يناسب الصالات وغرف المعيشة والاستقبال، يدعم التحكم عن بُعد باستخدام الريموت، كما يدعم التحكم عبر تطبيق الهاتف المحمول لمزيد من سهولة الاستخدام. الرمز الداخلي للمنتج: RL-639-A-APP-GR.
نجف معلق أسود - RL-642,RL-642-BK,,نجف,قطعة,قطعة,أسود,,750,4,نجف معلق بلون أسود، بتصميم عصري يناسب الصالات وغرف المعيشة والاستقبال. الرمز الداخلي للمنتج: RL-642-BK.
نجف معلق أبيض - RL-649,RL-649-APP-WH,,نجف,قطعة,قطعة,أبيض,,850,4,نجف معلق بلون أبيض، بتصميم عصري يناسب الصالات وغرف المعيشة والاستقبال، يدعم التحكم عن بُعد باستخدام الريموت، كما يدعم التحكم عبر تطبيق الهاتف المحمول لمزيد من سهولة الاستخدام. الرمز الداخلي للمنتج: RL-649-APP-WH.
نجف معلق أبيض - RL-653,RL-653-APP-WH,,نجف,قطعة,قطعة,أبيض,,950,4,نجف معلق بلون أبيض، بتصميم عصري يناسب الصالات وغرف المعيشة والاستقبال، يدعم التحكم عن بُعد باستخدام الريموت، كما يدعم التحكم عبر تطبيق الهاتف المحمول لمزيد من سهولة الاستخدام. الرمز الداخلي للمنتج: RL-653-APP-WH.
نجف معلق ذهبي - RL-659,RL-659-APP-FGD,,نجف,قطعة,قطعة,ذهبي,,1050,4,نجف معلق بلون ذهبي، بتصميم عصري يناسب الصالات وغرف المعيشة والاستقبال، يدعم التحكم عن بُعد باستخدام الريموت، كما يدعم التحكم عبر تطبيق الهاتف المحمول لمزيد من سهولة الاستخدام. الرمز الداخلي للمنتج: RL-659-APP-FGD.
نجف معلق أسود - RL-666,RL-666-APP-BK,,نجف,قطعة,قطعة,أسود,,1375,4,نجف معلق بلون أسود، بتصميم عصري يناسب الصالات وغرف المعيشة والاستقبال، يدعم التحكم عن بُعد باستخدام الريموت، كما يدعم التحكم عبر تطبيق الهاتف المحمول لمزيد من سهولة الاستخدام. الرمز الداخلي للمنتج: RL-666-APP-BK.
نجف معلق شمبانيا - RL-666,RL-666-APP-CPG,,نجف,قطعة,قطعة,شمبانيا,,1375,4,نجف معلق بلون شمبانيا، بتصميم عصري يناسب الصالات وغرف المعيشة والاستقبال، يدعم التحكم عن بُعد باستخدام الريموت، كما يدعم التحكم عبر تطبيق الهاتف المحمول لمزيد من سهولة الاستخدام. الرمز الداخلي للمنتج: RL-666-APP-CPG.
نجف معلق رمادي/فضي - RL-666-G23,RL-666-G23-A-APP-GR,,نجف,قطعة,قطعة,رمادي/فضي,,1325,4,نجف معلق بلون رمادي/فضي، بتصميم عصري يناسب الصالات وغرف المعيشة والاستقبال، يدعم التحكم عن بُعد باستخدام الريموت، كما يدعم التحكم عبر تطبيق الهاتف المحمول لمزيد من سهولة الاستخدام. الرمز الداخلي للمنتج: RL-666-G23-A-APP-GR.
نجف معلق أسود - RL-692,RL-692-APP-BK,,نجف,قطعة,قطعة,أسود,,1160,4,نجف معلق بلون أسود، بتصميم عصري يناسب الصالات وغرف المعيشة والاستقبال، يدعم التحكم عن بُعد باستخدام الريموت، كما يدعم التحكم عبر تطبيق الهاتف المحمول لمزيد من سهولة الاستخدام. الرمز الداخلي للمنتج: RL-692-APP-BK.
نجف معلق أسود - RL-693,RL-693-A-APP-BK,,نجف,قطعة,قطعة,أسود,,1150,4,نجف معلق بلون أسود، بتصميم عصري يناسب الصالات وغرف المعيشة والاستقبال، يدعم التحكم عن بُعد باستخدام الريموت، كما يدعم التحكم عبر تطبيق الهاتف المحمول لمزيد من سهولة الاستخدام. الرمز الداخلي للمنتج: RL-693-A-APP-BK.
نجف معلق أسود - RL-694,RL-694-APP-BK,,نجف,قطعة,قطعة,أسود,,1150,4,نجف معلق بلون أسود، بتصميم عصري يناسب الصالات وغرف المعيشة والاستقبال، يدعم التحكم عن بُعد باستخدام الريموت، كما يدعم التحكم عبر تطبيق الهاتف المحمول لمزيد من سهولة الاستخدام. الرمز الداخلي للمنتج: RL-694-APP-BK.
نجف معلق أسود - RL-702-G13,RL-702-G13-EZ003-APP-BK,,نجف,قطعة,قطعة,أسود,,1100,4,نجف معلق بلون أسود، بتصميم عصري يناسب الصالات وغرف المعيشة والاستقبال، يدعم التحكم عن بُعد باستخدام الريموت، كما يدعم التحكم عبر تطبيق الهاتف المحمول لمزيد من سهولة الاستخدام. الرمز الداخلي للمنتج: RL-702-G13-EZ003-APP-BK.
نجف معلق أسود - RL-729,RL-729-Z036-APP-BK,,نجف,قطعة,قطعة,أسود,,1125,4,نجف معلق بلون أسود، بتصميم عصري يناسب الصالات وغرف المعيشة والاستقبال، يدعم التحكم عن بُعد باستخدام الريموت، كما يدعم التحكم عبر تطبيق الهاتف المحمول لمزيد من سهولة الاستخدام. الرمز الداخلي للمنتج: RL-729-Z036-APP-BK.
نجف معلق أسود - RL-745-Q,RL-745-Q-APP-BK,,نجف,قطعة,قطعة,أسود,,875,4,نجف معلق بلون أسود، بتصميم عصري يناسب الصالات وغرف المعيشة والاستقبال، يدعم التحكم عن بُعد باستخدام الريموت، كما يدعم التحكم عبر تطبيق الهاتف المحمول لمزيد من سهولة الاستخدام. الرمز الداخلي للمنتج: RL-745-Q-APP-BK.
نجف معلق ذهبي - RL-918,RL-918-FGD,,نجف,قطعة,قطعة,ذهبي,,1485,4,نجف معلق بلون ذهبي، بتصميم عصري يناسب الصالات وغرف المعيشة والاستقبال. الرمز الداخلي للمنتج: RL-918-FGD.
نجف معلق ذهبي - RL-8031,RL-8031-FGD,,نجف,قطعة,قطعة,ذهبي,,1550,4,نجف معلق بلون ذهبي، بتصميم عصري يناسب الصالات وغرف المعيشة والاستقبال. الرمز الداخلي للمنتج: RL-8031-FGD.
نجف معلق أبيض - RL-12016,RL-12016-APP-WH,,نجف,قطعة,قطعة,أبيض,,1375,4,نجف معلق بلون أبيض، بتصميم عصري يناسب الصالات وغرف المعيشة والاستقبال، يدعم التحكم عن بُعد باستخدام الريموت، كما يدعم التحكم عبر تطبيق الهاتف المحمول لمزيد من سهولة الاستخدام. الرمز الداخلي للمنتج: RL-12016-APP-WH.
إضاءة ذهبي - 100RL-101,100RL-101-FGD,,,قطعة,قطعة,ذهبي,,1000,4,إضاءة بلون ذهبي، بتصميم عصري يناسب الصالات وغرف المعيشة والاستقبال. الرمز الداخلي للمنتج: 100RL-101-FGD.
إضاءة ذهبي - 1322,1322-GD,,,قطعة,قطعة,ذهبي,,950,4,إضاءة بلون ذهبي، بتصميم عصري يناسب الصالات وغرف المعيشة والاستقبال. الرمز الداخلي للمنتج: 1322-GD.
إضاءة ذهبي - 1323,1323-GD,,,قطعة,قطعة,ذهبي,,950,4,إضاءة بلون ذهبي، بتصميم عصري يناسب الصالات وغرف المعيشة والاستقبال. الرمز الداخلي للمنتج: 1323-GD.
إضاءة ذهبي - 8079,8079-450GD-APP,,,قطعة,قطعة,ذهبي,,1075,4,إضاءة بلون ذهبي، بتصميم عصري يناسب الصالات وغرف المعيشة والاستقبال، يدعم التحكم عن بُعد باستخدام الريموت، كما يدعم التحكم عبر تطبيق الهاتف المحمول لمزيد من سهولة الاستخدام. الرمز الداخلي للمنتج: 8079-450GD-APP.
إضاءة ذهبي - 8087,8087-450GD-APP,,,قطعة,قطعة,ذهبي,,1075,4,إضاءة بلون ذهبي، بتصميم عصري يناسب الصالات وغرف المعيشة والاستقبال، يدعم التحكم عن بُعد باستخدام الريموت، كما يدعم التحكم عبر تطبيق الهاتف المحمول لمزيد من سهولة الاستخدام. الرمز الداخلي للمنتج: 8087-450GD-APP.
إضاءة ذهبي - 8112,8112-550GD-APP,,,قطعة,قطعة,ذهبي,,1285,4,إضاءة بلون ذهبي، بتصميم عصري يناسب الصالات وغرف المعيشة والاستقبال، يدعم التحكم عن بُعد باستخدام الريموت، كما يدعم التحكم عبر تطبيق الهاتف المحمول لمزيد من سهولة الاستخدام. الرمز الداخلي للمنتج: 8112-550GD-APP.
إضاءة ذهبي - A-212,A-212-APP-FGD,,,قطعة,قطعة,ذهبي,,1350,4,إضاءة بلون ذهبي، بتصميم عصري يناسب الصالات وغرف المعيشة والاستقبال، يدعم التحكم عن بُعد باستخدام الريموت، كما يدعم التحكم عبر تطبيق الهاتف المحمول لمزيد من سهولة الاستخدام. الرمز الداخلي للمنتج: A-212-APP-FGD.
إضاءة ذهبي - A-212,A-212-FGD,,,قطعة,قطعة,ذهبي,,1350,4,إضاءة بلون ذهبي، بتصميم عصري يناسب الصالات وغرف المعيشة والاستقبال. الرمز الداخلي للمنتج: A-212-FGD.
إضاءة رمادي/فضي - A-1201,A-1201-GR,,,قطعة,قطعة,رمادي/فضي,,675,4,إضاءة بلون رمادي/فضي، بتصميم عصري يناسب الصالات وغرف المعيشة والاستقبال. الرمز الداخلي للمنتج: A-1201-GR.
إضاءة - A-1201,A-1201-CF,,,قطعة,قطعة,,,675,4,إضاءة، بتصميم عصري يناسب الصالات وغرف المعيشة والاستقبال. الرمز الداخلي للمنتج: A-1201-CF.
إضاءة ذهبي - A-1201,A-1201-FGD,,,قطعة,قطعة,ذهبي,,800,4,إضاءة بلون ذهبي، بتصميم عصري يناسب الصالات وغرف المعيشة والاستقبال. الرمز الداخلي للمنتج: A-1201-FGD.
إضاءة ذهبي - A-1201,A-1201-APP-FGD,,,قطعة,قطعة,ذهبي,,750,4,إضاءة بلون ذهبي، بتصميم عصري يناسب الصالات وغرف المعيشة والاستقبال، يدعم التحكم عن بُعد باستخدام الريموت، كما يدعم التحكم عبر تطبيق الهاتف المحمول لمزيد من سهولة الاستخدام. الرمز الداخلي للمنتج: A-1201-APP-FGD.
إضاءة ذهبي - A-1202,A-1202-FGD,,,قطعة,قطعة,ذهبي,,700,4,إضاءة بلون ذهبي، بتصميم عصري يناسب الصالات وغرف المعيشة والاستقبال. الرمز الداخلي للمنتج: A-1202-FGD.
إضاءة - A-1202,A-1202-CF,,,قطعة,قطعة,,,600,4,إضاءة، بتصميم عصري يناسب الصالات وغرف المعيشة والاستقبال. الرمز الداخلي للمنتج: A-1202-CF.
إضاءة رمادي/فضي - A-1202,A-1202-GR,,,قطعة,قطعة,رمادي/فضي,,600,4,إضاءة بلون رمادي/فضي، بتصميم عصري يناسب الصالات وغرف المعيشة والاستقبال. الرمز الداخلي للمنتج: A-1202-GR.
إضاءة ذهبي - A-1202,A-1202-APP-FGD,,,قطعة,قطعة,ذهبي,,800,4,إضاءة بلون ذهبي، بتصميم عصري يناسب الصالات وغرف المعيشة والاستقبال، يدعم التحكم عن بُعد باستخدام الريموت، كما يدعم التحكم عبر تطبيق الهاتف المحمول لمزيد من سهولة الاستخدام. الرمز الداخلي للمنتج: A-1202-APP-FGD.
إضاءة ذهبي - A-1203,A-1203-APP-FGD,,,قطعة,قطعة,ذهبي,,,4,إضاءة بلون ذهبي، بتصميم عصري يناسب الصالات وغرف المعيشة والاستقبال، يدعم التحكم عن بُعد باستخدام الريموت، كما يدعم التحكم عبر تطبيق الهاتف المحمول لمزيد من سهولة الاستخدام. الرمز الداخلي للمنتج: A-1203-APP-FGD.
إضاءة ذهبي - A-1203,A-1203-FGD,,,قطعة,قطعة,ذهبي,,700,4,إضاءة بلون ذهبي، بتصميم عصري يناسب الصالات وغرف المعيشة والاستقبال. الرمز الداخلي للمنتج: A-1203-FGD.
إضاءة رمادي/فضي - A-1203,A-1203-GR,,,قطعة,قطعة,رمادي/فضي,,600,4,إضاءة بلون رمادي/فضي، بتصميم عصري يناسب الصالات وغرف المعيشة والاستقبال. الرمز الداخلي للمنتج: A-1203-GR.
إضاءة - A-1203,A-1203-CF,,,قطعة,قطعة,,,600,4,إضاءة، بتصميم عصري يناسب الصالات وغرف المعيشة والاستقبال. الرمز الداخلي للمنتج: A-1203-CF.
إضاءة أسود - A-1204,A-1204-BK,,,قطعة,قطعة,أسود,,1350,4,إضاءة بلون أسود، بتصميم عصري يناسب الصالات وغرف المعيشة والاستقبال. الرمز الداخلي للمنتج: A-1204-BK.
إضاءة ذهبي - A-1204,A-1204-GD,,,قطعة,قطعة,ذهبي,,1450,4,إضاءة بلون ذهبي، بتصميم عصري يناسب الصالات وغرف المعيشة والاستقبال. الرمز الداخلي للمنتج: A-1204-GD.
إضاءة - A-1204,A-1204-KF,,,قطعة,قطعة,,,1350,4,إضاءة، بتصميم عصري يناسب الصالات وغرف المعيشة والاستقبال. الرمز الداخلي للمنتج: A-1204-KF.
إضاءة أبيض - A-1205,A-1205-APP-WH,,,قطعة,قطعة,أبيض,,1250,4,إضاءة بلون أبيض، بتصميم عصري يناسب الصالات وغرف المعيشة والاستقبال، يدعم التحكم عن بُعد باستخدام الريموت، كما يدعم التحكم عبر تطبيق الهاتف المحمول لمزيد من سهولة الاستخدام. الرمز الداخلي للمنتج: A-1205-APP-WH.
إضاءة أسود - A-1205,A-1205-APP-BK,,,قطعة,قطعة,أسود,,1250,4,إضاءة بلون أسود، بتصميم عصري يناسب الصالات وغرف المعيشة والاستقبال، يدعم التحكم عن بُعد باستخدام الريموت، كما يدعم التحكم عبر تطبيق الهاتف المحمول لمزيد من سهولة الاستخدام. الرمز الداخلي للمنتج: A-1205-APP-BK.
إضاءة - A-1205,A-1205-APP-KF,,,قطعة,قطعة,,,1250,4,إضاءة، بتصميم عصري يناسب الصالات وغرف المعيشة والاستقبال، يدعم التحكم عن بُعد باستخدام الريموت، كما يدعم التحكم عبر تطبيق الهاتف المحمول لمزيد من سهولة الاستخدام. الرمز الداخلي للمنتج: A-1205-APP-KF.
إضاءة ذهبي - A-1205,A-1205-APP-FGD,,,قطعة,قطعة,ذهبي,,1050,4,إضاءة بلون ذهبي، بتصميم عصري يناسب الصالات وغرف المعيشة والاستقبال، يدعم التحكم عن بُعد باستخدام الريموت، كما يدعم التحكم عبر تطبيق الهاتف المحمول لمزيد من سهولة الاستخدام. الرمز الداخلي للمنتج: A-1205-APP-FGD.
إضاءة - A-1206,A-1206-APP-CF,,,قطعة,قطعة,,,850,4,إضاءة، بتصميم عصري يناسب الصالات وغرف المعيشة والاستقبال، يدعم التحكم عن بُعد باستخدام الريموت، كما يدعم التحكم عبر تطبيق الهاتف المحمول لمزيد من سهولة الاستخدام. الرمز الداخلي للمنتج: A-1206-APP-CF.
إضاءة رمادي/فضي - A-1206,A-1206-APP-GR,,,قطعة,قطعة,رمادي/فضي,,850,4,إضاءة بلون رمادي/فضي، بتصميم عصري يناسب الصالات وغرف المعيشة والاستقبال، يدعم التحكم عن بُعد باستخدام الريموت، كما يدعم التحكم عبر تطبيق الهاتف المحمول لمزيد من سهولة الاستخدام. الرمز الداخلي للمنتج: A-1206-APP-GR.
إضاءة ذهبي - A-1206,A-1206-APP-FGD,,,قطعة,قطعة,ذهبي,,950,4,إضاءة بلون ذهبي، بتصميم عصري يناسب الصالات وغرف المعيشة والاستقبال، يدعم التحكم عن بُعد باستخدام الريموت، كما يدعم التحكم عبر تطبيق الهاتف المحمول لمزيد من سهولة الاستخدام. الرمز الداخلي للمنتج: A-1206-APP-FGD.
إضاءة ذهبي - A-1206,A-1206-APP-GD,,,قطعة,قطعة,ذهبي,,950,4,إضاءة بلون ذهبي، بتصميم عصري يناسب الصالات وغرف المعيشة والاستقبال، يدعم التحكم عن بُعد باستخدام الريموت، كما يدعم التحكم عبر تطبيق الهاتف المحمول لمزيد من سهولة الاستخدام. الرمز الداخلي للمنتج: A-1206-APP-GD.
إضاءة ذهبي - A-1207,A-1207-APP-FGD,,,قطعة,قطعة,ذهبي,,1150,4,إضاءة بلون ذهبي، بتصميم عصري يناسب الصالات وغرف المعيشة والاستقبال، يدعم التحكم عن بُعد باستخدام الريموت، كما يدعم التحكم عبر تطبيق الهاتف المحمول لمزيد من سهولة الاستخدام. الرمز الداخلي للمنتج: A-1207-APP-FGD.
إضاءة رمادي/فضي - A-1207,A-1207-APP-GR,,,قطعة,قطعة,رمادي/فضي,,1050,4,إضاءة بلون رمادي/فضي، بتصميم عصري يناسب الصالات وغرف المعيشة والاستقبال، يدعم التحكم عن بُعد باستخدام الريموت، كما يدعم التحكم عبر تطبيق الهاتف المحمول لمزيد من سهولة الاستخدام. الرمز الداخلي للمنتج: A-1207-APP-GR.
إضاءة - A-1207,A-1207-APP-CF,,,قطعة,قطعة,,,1050,4,إضاءة، بتصميم عصري يناسب الصالات وغرف المعيشة والاستقبال، يدعم التحكم عن بُعد باستخدام الريموت، كما يدعم التحكم عبر تطبيق الهاتف المحمول لمزيد من سهولة الاستخدام. الرمز الداخلي للمنتج: A-1207-APP-CF.
إضاءة ذهبي - A-1208,A-1208-APP-FGD,,,قطعة,قطعة,ذهبي,,1100,4,إضاءة بلون ذهبي، بتصميم عصري يناسب الصالات وغرف المعيشة والاستقبال، يدعم التحكم عن بُعد باستخدام الريموت، كما يدعم التحكم عبر تطبيق الهاتف المحمول لمزيد من سهولة الاستخدام. الرمز الداخلي للمنتج: A-1208-APP-FGD.
إضاءة - A-1208,A-1208-APP-CF,,,قطعة,قطعة,,,950,4,إضاءة، بتصميم عصري يناسب الصالات وغرف المعيشة والاستقبال، يدعم التحكم عن بُعد باستخدام الريموت، كما يدعم التحكم عبر تطبيق الهاتف المحمول لمزيد من سهولة الاستخدام. الرمز الداخلي للمنتج: A-1208-APP-CF.
إضاءة رمادي/فضي - A-1208,A-1208-APP-GR,,,قطعة,قطعة,رمادي/فضي,,950,4,إضاءة بلون رمادي/فضي، بتصميم عصري يناسب الصالات وغرف المعيشة والاستقبال، يدعم التحكم عن بُعد باستخدام الريموت، كما يدعم التحكم عبر تطبيق الهاتف المحمول لمزيد من سهولة الاستخدام. الرمز الداخلي للمنتج: A-1208-APP-GR.
إضاءة - A-1209,A-1209-APP-CF,,,قطعة,قطعة,,,950,4,إضاءة، بتصميم عصري يناسب الصالات وغرف المعيشة والاستقبال، يدعم التحكم عن بُعد باستخدام الريموت، كما يدعم التحكم عبر تطبيق الهاتف المحمول لمزيد من سهولة الاستخدام. الرمز الداخلي للمنتج: A-1209-APP-CF.
إضاءة رمادي/فضي - A-1209,A-1209-APP-GR,,,قطعة,قطعة,رمادي/فضي,,950,4,إضاءة بلون رمادي/فضي، بتصميم عصري يناسب الصالات وغرف المعيشة والاستقبال، يدعم التحكم عن بُعد باستخدام الريموت، كما يدعم التحكم عبر تطبيق الهاتف المحمول لمزيد من سهولة الاستخدام. الرمز الداخلي للمنتج: A-1209-APP-GR.
إضاءة ذهبي - A-1209,A-1209-APP-FGD,,,قطعة,قطعة,ذهبي,,1100,4,إضاءة بلون ذهبي، بتصميم عصري يناسب الصالات وغرف المعيشة والاستقبال، يدعم التحكم عن بُعد باستخدام الريموت، كما يدعم التحكم عبر تطبيق الهاتف المحمول لمزيد من سهولة الاستخدام. الرمز الداخلي للمنتج: A-1209-APP-FGD.
إضاءة ذهبي - A-1210,A-1210-APP-FGD,,,قطعة,قطعة,ذهبي,,1450,4,إضاءة بلون ذهبي، بتصميم عصري يناسب الصالات وغرف المعيشة والاستقبال، يدعم التحكم عن بُعد باستخدام الريموت، كما يدعم التحكم عبر تطبيق الهاتف المحمول لمزيد من سهولة الاستخدام. الرمز الداخلي للمنتج: A-1210-APP-FGD.
إضاءة ذهبي - A-1210,A-1210-FGD,,,قطعة,قطعة,ذهبي,,1480,4,إضاءة بلون ذهبي، بتصميم عصري يناسب الصالات وغرف المعيشة والاستقبال. الرمز الداخلي للمنتج: A-1210-FGD.
إضاءة ذهبي - A-1211,A-1211-FGD,,,قطعة,قطعة,ذهبي,,1050,4,إضاءة بلون ذهبي، بتصميم عصري يناسب الصالات وغرف المعيشة والاستقبال. الرمز الداخلي للمنتج: A-1211-FGD.
إضاءة رمادي/فضي - A-1211,A-1211-GR,,,قطعة,قطعة,رمادي/فضي,,950,4,إضاءة بلون رمادي/فضي، بتصميم عصري يناسب الصالات وغرف المعيشة والاستقبال. الرمز الداخلي للمنتج: A-1211-GR.
إضاءة - A-1211,A-1211-CF,,,قطعة,قطعة,,,950,4,إضاءة، بتصميم عصري يناسب الصالات وغرف المعيشة والاستقبال. الرمز الداخلي للمنتج: A-1211-CF.
إضاءة ذهبي - A-1212,A-1212-APP-FGD,,,قطعة,قطعة,ذهبي,,1150,4,إضاءة بلون ذهبي، بتصميم عصري يناسب الصالات وغرف المعيشة والاستقبال، يدعم التحكم عن بُعد باستخدام الريموت، كما يدعم التحكم عبر تطبيق الهاتف المحمول لمزيد من سهولة الاستخدام. الرمز الداخلي للمنتج: A-1212-APP-FGD.
إضاءة - A-1212,A-1212-APP-CF,,,قطعة,قطعة,,,1050,4,إضاءة، بتصميم عصري يناسب الصالات وغرف المعيشة والاستقبال، يدعم التحكم عن بُعد باستخدام الريموت، كما يدعم التحكم عبر تطبيق الهاتف المحمول لمزيد من سهولة الاستخدام. الرمز الداخلي للمنتج: A-1212-APP-CF.
إضاءة رمادي/فضي - A-1212,A-1212-APP-GR,,,قطعة,قطعة,رمادي/فضي,,1050,4,إضاءة بلون رمادي/فضي، بتصميم عصري يناسب الصالات وغرف المعيشة والاستقبال، يدعم التحكم عن بُعد باستخدام الريموت، كما يدعم التحكم عبر تطبيق الهاتف المحمول لمزيد من سهولة الاستخدام. الرمز الداخلي للمنتج: A-1212-APP-GR.
إضاءة رمادي/فضي - A-1213,A-1213-APP-GR,,,قطعة,قطعة,رمادي/فضي,,775,4,إضاءة بلون رمادي/فضي، بتصميم عصري يناسب الصالات وغرف المعيشة والاستقبال، يدعم التحكم عن بُعد باستخدام الريموت، كما يدعم التحكم عبر تطبيق الهاتف المحمول لمزيد من سهولة الاستخدام. الرمز الداخلي للمنتج: A-1213-APP-GR.
إضاءة ذهبي - A-1213,A-1213-APP-GD,,,قطعة,قطعة,ذهبي,,775,4,إضاءة بلون ذهبي، بتصميم عصري يناسب الصالات وغرف المعيشة والاستقبال، يدعم التحكم عن بُعد باستخدام الريموت، كما يدعم التحكم عبر تطبيق الهاتف المحمول لمزيد من سهولة الاستخدام. الرمز الداخلي للمنتج: A-1213-APP-GD.
إضاءة - A-1213,A-1213-APP-KF,,,قطعة,قطعة,,,775,4,إضاءة، بتصميم عصري يناسب الصالات وغرف المعيشة والاستقبال، يدعم التحكم عن بُعد باستخدام الريموت، كما يدعم التحكم عبر تطبيق الهاتف المحمول لمزيد من سهولة الاستخدام. الرمز الداخلي للمنتج: A-1213-APP-KF.
إضاءة - A-1213,A-1213-APP-CF,,,قطعة,قطعة,,,775,4,إضاءة، بتصميم عصري يناسب الصالات وغرف المعيشة والاستقبال، يدعم التحكم عن بُعد باستخدام الريموت، كما يدعم التحكم عبر تطبيق الهاتف المحمول لمزيد من سهولة الاستخدام. الرمز الداخلي للمنتج: A-1213-APP-CF.
إضاءة أسود - A-1213,A-1213-APP-BK,,,قطعة,قطعة,أسود,,750,4,إضاءة بلون أسود، بتصميم عصري يناسب الصالات وغرف المعيشة والاستقبال، يدعم التحكم عن بُعد باستخدام الريموت، كما يدعم التحكم عبر تطبيق الهاتف المحمول لمزيد من سهولة الاستخدام. الرمز الداخلي للمنتج: A-1213-APP-BK.
إضاءة رمادي/فضي - A-1214,A-1214-APP-GR,,,قطعة,قطعة,رمادي/فضي,,825,4,إضاءة بلون رمادي/فضي، بتصميم عصري يناسب الصالات وغرف المعيشة والاستقبال، يدعم التحكم عن بُعد باستخدام الريموت، كما يدعم التحكم عبر تطبيق الهاتف المحمول لمزيد من سهولة الاستخدام. الرمز الداخلي للمنتج: A-1214-APP-GR.
إضاءة أسود - A-1214,A-1214-APP-BK,,,قطعة,قطعة,أسود,,825,4,إضاءة بلون أسود، بتصميم عصري يناسب الصالات وغرف المعيشة والاستقبال، يدعم التحكم عن بُعد باستخدام الريموت، كما يدعم التحكم عبر تطبيق الهاتف المحمول لمزيد من سهولة الاستخدام. الرمز الداخلي للمنتج: A-1214-APP-BK.
إضاءة ذهبي - A-1214,A-1214-APP-GD,,,قطعة,قطعة,ذهبي,,825,4,إضاءة بلون ذهبي، بتصميم عصري يناسب الصالات وغرف المعيشة والاستقبال، يدعم التحكم عن بُعد باستخدام الريموت، كما يدعم التحكم عبر تطبيق الهاتف المحمول لمزيد من سهولة الاستخدام. الرمز الداخلي للمنتج: A-1214-APP-GD.
إضاءة - A-1214,A-1214-APP-KF,,,قطعة,قطعة,,,825,4,إضاءة، بتصميم عصري يناسب الصالات وغرف المعيشة والاستقبال، يدعم التحكم عن بُعد باستخدام الريموت، كما يدعم التحكم عبر تطبيق الهاتف المحمول لمزيد من سهولة الاستخدام. الرمز الداخلي للمنتج: A-1214-APP-KF.
إضاءة - A-1214,A-1214-APP-CF,,,قطعة,قطعة,,,825,4,إضاءة، بتصميم عصري يناسب الصالات وغرف المعيشة والاستقبال، يدعم التحكم عن بُعد باستخدام الريموت، كما يدعم التحكم عبر تطبيق الهاتف المحمول لمزيد من سهولة الاستخدام. الرمز الداخلي للمنتج: A-1214-APP-CF.
إضاءة رمادي/فضي - A-1215,A-1215-APP-GR,,,قطعة,قطعة,رمادي/فضي,,,4,إضاءة بلون رمادي/فضي، بتصميم عصري يناسب الصالات وغرف المعيشة والاستقبال، يدعم التحكم عن بُعد باستخدام الريموت، كما يدعم التحكم عبر تطبيق الهاتف المحمول لمزيد من سهولة الاستخدام. الرمز الداخلي للمنتج: A-1215-APP-GR.
إضاءة - A-1215,A-1215-APP-CF,,,قطعة,قطعة,,,775,4,إضاءة، بتصميم عصري يناسب الصالات وغرف المعيشة والاستقبال، يدعم التحكم عن بُعد باستخدام الريموت، كما يدعم التحكم عبر تطبيق الهاتف المحمول لمزيد من سهولة الاستخدام. الرمز الداخلي للمنتج: A-1215-APP-CF.
إضاءة ذهبي - A-1215,A-1215-APP-GD,,,قطعة,قطعة,ذهبي,,775,4,إضاءة بلون ذهبي، بتصميم عصري يناسب الصالات وغرف المعيشة والاستقبال، يدعم التحكم عن بُعد باستخدام الريموت، كما يدعم التحكم عبر تطبيق الهاتف المحمول لمزيد من سهولة الاستخدام. الرمز الداخلي للمنتج: A-1215-APP-GD.
إضاءة أسود - A-1215,A-1215-APP-BK,,,قطعة,قطعة,أسود,,,4,إضاءة بلون أسود، بتصميم عصري يناسب الصالات وغرف المعيشة والاستقبال، يدعم التحكم عن بُعد باستخدام الريموت، كما يدعم التحكم عبر تطبيق الهاتف المحمول لمزيد من سهولة الاستخدام. الرمز الداخلي للمنتج: A-1215-APP-BK.
إضاءة - A-1215,A-1215-APP-KF,,,قطعة,قطعة,,,775,4,إضاءة، بتصميم عصري يناسب الصالات وغرف المعيشة والاستقبال، يدعم التحكم عن بُعد باستخدام الريموت، كما يدعم التحكم عبر تطبيق الهاتف المحمول لمزيد من سهولة الاستخدام. الرمز الداخلي للمنتج: A-1215-APP-KF.
إضاءة ذهبي - A-1216,A-1216-APP-GD,,,قطعة,قطعة,ذهبي,,,4,إضاءة بلون ذهبي، بتصميم عصري يناسب الصالات وغرف المعيشة والاستقبال، يدعم التحكم عن بُعد باستخدام الريموت، كما يدعم التحكم عبر تطبيق الهاتف المحمول لمزيد من سهولة الاستخدام. الرمز الداخلي للمنتج: A-1216-APP-GD.
إضاءة - A-1216,A-1216-APP-KF,,,قطعة,قطعة,,,775,4,إضاءة، بتصميم عصري يناسب الصالات وغرف المعيشة والاستقبال، يدعم التحكم عن بُعد باستخدام الريموت، كما يدعم التحكم عبر تطبيق الهاتف المحمول لمزيد من سهولة الاستخدام. الرمز الداخلي للمنتج: A-1216-APP-KF.
إضاءة أسود - A-1216,A-1216-APP-BK,,,قطعة,قطعة,أسود,,775,4,إضاءة بلون أسود، بتصميم عصري يناسب الصالات وغرف المعيشة والاستقبال، يدعم التحكم عن بُعد باستخدام الريموت، كما يدعم التحكم عبر تطبيق الهاتف المحمول لمزيد من سهولة الاستخدام. الرمز الداخلي للمنتج: A-1216-APP-BK.
إضاءة رمادي/فضي - A-1216,A-1216-APP-GR,,,قطعة,قطعة,رمادي/فضي,,775,4,إضاءة بلون رمادي/فضي، بتصميم عصري يناسب الصالات وغرف المعيشة والاستقبال، يدعم التحكم عن بُعد باستخدام الريموت، كما يدعم التحكم عبر تطبيق الهاتف المحمول لمزيد من سهولة الاستخدام. الرمز الداخلي للمنتج: A-1216-APP-GR.
إضاءة - A-1216,A-1216-APP-CF,,,قطعة,قطعة,,,925,4,إضاءة، بتصميم عصري يناسب الصالات وغرف المعيشة والاستقبال، يدعم التحكم عن بُعد باستخدام الريموت، كما يدعم التحكم عبر تطبيق الهاتف المحمول لمزيد من سهولة الاستخدام. الرمز الداخلي للمنتج: A-1216-APP-CF.
إضاءة - A-1216,A-1216-APP-SR,,,قطعة,قطعة,,,1200,4,إضاءة، بتصميم عصري يناسب الصالات وغرف المعيشة والاستقبال، يدعم التحكم عن بُعد باستخدام الريموت، كما يدعم التحكم عبر تطبيق الهاتف المحمول لمزيد من سهولة الاستخدام. الرمز الداخلي للمنتج: A-1216-APP-SR.
إضاءة - A-1217,A-1217-APP-CF,,,قطعة,قطعة,,,950,4,إضاءة، بتصميم عصري يناسب الصالات وغرف المعيشة والاستقبال، يدعم التحكم عن بُعد باستخدام الريموت، كما يدعم التحكم عبر تطبيق الهاتف المحمول لمزيد من سهولة الاستخدام. الرمز الداخلي للمنتج: A-1217-APP-CF.
إضاءة - A-1217,A-1217-APP-KF,,,قطعة,قطعة,,,950,4,إضاءة، بتصميم عصري يناسب الصالات وغرف المعيشة والاستقبال، يدعم التحكم عن بُعد باستخدام الريموت، كما يدعم التحكم عبر تطبيق الهاتف المحمول لمزيد من سهولة الاستخدام. الرمز الداخلي للمنتج: A-1217-APP-KF.
إضاءة ذهبي - A-1217,A-1217-APP-GD,,,قطعة,قطعة,ذهبي,,875,4,إضاءة بلون ذهبي، بتصميم عصري يناسب الصالات وغرف المعيشة والاستقبال، يدعم التحكم عن بُعد باستخدام الريموت، كما يدعم التحكم عبر تطبيق الهاتف المحمول لمزيد من سهولة الاستخدام. الرمز الداخلي للمنتج: A-1217-APP-GD.
إضاءة أسود - A-1217,A-1217-APP-Z043-BK,,,قطعة,قطعة,أسود,,875,4,إضاءة بلون أسود، بتصميم عصري يناسب الصالات وغرف المعيشة والاستقبال، يدعم التحكم عن بُعد باستخدام الريموت، كما يدعم التحكم عبر تطبيق الهاتف المحمول لمزيد من سهولة الاستخدام. الرمز الداخلي للمنتج: A-1217-APP-Z043-BK.
إضاءة رمادي/فضي - A-1217,A-1217-APP-GR,,,قطعة,قطعة,رمادي/فضي,,950,4,إضاءة بلون رمادي/فضي، بتصميم عصري يناسب الصالات وغرف المعيشة والاستقبال، يدعم التحكم عن بُعد باستخدام الريموت، كما يدعم التحكم عبر تطبيق الهاتف المحمول لمزيد من سهولة الاستخدام. الرمز الداخلي للمنتج: A-1217-APP-GR.
إضاءة - A-1218,A-1218-APP-KF,,,قطعة,قطعة,,,975,4,إضاءة، بتصميم عصري يناسب الصالات وغرف المعيشة والاستقبال، يدعم التحكم عن بُعد باستخدام الريموت، كما يدعم التحكم عبر تطبيق الهاتف المحمول لمزيد من سهولة الاستخدام. الرمز الداخلي للمنتج: A-1218-APP-KF.
إضاءة ذهبي - A-1218,A-1218-APP-GD,,,قطعة,قطعة,ذهبي,,975,4,إضاءة بلون ذهبي، بتصميم عصري يناسب الصالات وغرف المعيشة والاستقبال، يدعم التحكم عن بُعد باستخدام الريموت، كما يدعم التحكم عبر تطبيق الهاتف المحمول لمزيد من سهولة الاستخدام. الرمز الداخلي للمنتج: A-1218-APP-GD.
إضاءة رمادي/فضي - A-1218,A-1218-APP-GR,,,قطعة,قطعة,رمادي/فضي,,975,4,إضاءة بلون رمادي/فضي، بتصميم عصري يناسب الصالات وغرف المعيشة والاستقبال، يدعم التحكم عن بُعد باستخدام الريموت، كما يدعم التحكم عبر تطبيق الهاتف المحمول لمزيد من سهولة الاستخدام. الرمز الداخلي للمنتج: A-1218-APP-GR.
إضاءة - A-1218,A-1218-APP-CF,,,قطعة,قطعة,,,975,4,إضاءة، بتصميم عصري يناسب الصالات وغرف المعيشة والاستقبال، يدعم التحكم عن بُعد باستخدام الريموت، كما يدعم التحكم عبر تطبيق الهاتف المحمول لمزيد من سهولة الاستخدام. الرمز الداخلي للمنتج: A-1218-APP-CF.
إضاءة أسود - A-1218,A-1218-APP-BK,,,قطعة,قطعة,أسود,,975,4,إضاءة بلون أسود، بتصميم عصري يناسب الصالات وغرف المعيشة والاستقبال، يدعم التحكم عن بُعد باستخدام الريموت، كما يدعم التحكم عبر تطبيق الهاتف المحمول لمزيد من سهولة الاستخدام. الرمز الداخلي للمنتج: A-1218-APP-BK.
إضاءة ذهبي - A-1219,A-1219-APP-GD,,,قطعة,قطعة,ذهبي,,675,4,إضاءة بلون ذهبي، بتصميم عصري يناسب الصالات وغرف المعيشة والاستقبال، يدعم التحكم عن بُعد باستخدام الريموت، كما يدعم التحكم عبر تطبيق الهاتف المحمول لمزيد من سهولة الاستخدام. الرمز الداخلي للمنتج: A-1219-APP-GD.
إضاءة رمادي/فضي - A-1219,A-1219-APP-GR,,,قطعة,قطعة,رمادي/فضي,,675,4,إضاءة بلون رمادي/فضي، بتصميم عصري يناسب الصالات وغرف المعيشة والاستقبال، يدعم التحكم عن بُعد باستخدام الريموت، كما يدعم التحكم عبر تطبيق الهاتف المحمول لمزيد من سهولة الاستخدام. الرمز الداخلي للمنتج: A-1219-APP-GR.
إضاءة - A-1219,A-1219-APP-KF,,,قطعة,قطعة,,,675,4,إضاءة، بتصميم عصري يناسب الصالات وغرف المعيشة والاستقبال، يدعم التحكم عن بُعد باستخدام الريموت، كما يدعم التحكم عبر تطبيق الهاتف المحمول لمزيد من سهولة الاستخدام. الرمز الداخلي للمنتج: A-1219-APP-KF.
إضاءة - A-1219,A-1219-APP-CF,,,قطعة,قطعة,,,675,4,إضاءة، بتصميم عصري يناسب الصالات وغرف المعيشة والاستقبال، يدعم التحكم عن بُعد باستخدام الريموت، كما يدعم التحكم عبر تطبيق الهاتف المحمول لمزيد من سهولة الاستخدام. الرمز الداخلي للمنتج: A-1219-APP-CF.
إضاءة أسود - A-1219,A-1219-APP-BK,,,قطعة,قطعة,أسود,,675,4,إضاءة بلون أسود، بتصميم عصري يناسب الصالات وغرف المعيشة والاستقبال، يدعم التحكم عن بُعد باستخدام الريموت، كما يدعم التحكم عبر تطبيق الهاتف المحمول لمزيد من سهولة الاستخدام. الرمز الداخلي للمنتج: A-1219-APP-BK.
إضاءة رمادي/فضي - A-1220,A-1220-APP-GR,,,قطعة,قطعة,رمادي/فضي,,825,4,إضاءة بلون رمادي/فضي، بتصميم عصري يناسب الصالات وغرف المعيشة والاستقبال، يدعم التحكم عن بُعد باستخدام الريموت، كما يدعم التحكم عبر تطبيق الهاتف المحمول لمزيد من سهولة الاستخدام. الرمز الداخلي للمنتج: A-1220-APP-GR.
إضاءة - A-1220,A-1220-APP-CF,,,قطعة,قطعة,,,825,4,إضاءة، بتصميم عصري يناسب الصالات وغرف المعيشة والاستقبال، يدعم التحكم عن بُعد باستخدام الريموت، كما يدعم التحكم عبر تطبيق الهاتف المحمول لمزيد من سهولة الاستخدام. الرمز الداخلي للمنتج: A-1220-APP-CF.
إضاءة - A-1220,A-1220-APP-KF,,,قطعة,قطعة,,,825,4,إضاءة، بتصميم عصري يناسب الصالات وغرف المعيشة والاستقبال، يدعم التحكم عن بُعد باستخدام الريموت، كما يدعم التحكم عبر تطبيق الهاتف المحمول لمزيد من سهولة الاستخدام. الرمز الداخلي للمنتج: A-1220-APP-KF.
إضاءة ذهبي - A-1220,A-1220-APP-GD,,,قطعة,قطعة,ذهبي,,850,4,إضاءة بلون ذهبي، بتصميم عصري يناسب الصالات وغرف المعيشة والاستقبال، يدعم التحكم عن بُعد باستخدام الريموت، كما يدعم التحكم عبر تطبيق الهاتف المحمول لمزيد من سهولة الاستخدام. الرمز الداخلي للمنتج: A-1220-APP-GD.
إضاءة أسود - A-1220,A-1220-APP-BK,,,قطعة,قطعة,أسود,,825,4,إضاءة بلون أسود، بتصميم عصري يناسب الصالات وغرف المعيشة والاستقبال، يدعم التحكم عن بُعد باستخدام الريموت، كما يدعم التحكم عبر تطبيق الهاتف المحمول لمزيد من سهولة الاستخدام. الرمز الداخلي للمنتج: A-1220-APP-BK.
إضاءة ذهبي - A-1221,A-1221-APP-GD,,,قطعة,قطعة,ذهبي,,850,4,إضاءة بلون ذهبي، بتصميم عصري يناسب الصالات وغرف المعيشة والاستقبال، يدعم التحكم عن بُعد باستخدام الريموت، كما يدعم التحكم عبر تطبيق الهاتف المحمول لمزيد من سهولة الاستخدام. الرمز الداخلي للمنتج: A-1221-APP-GD.
إضاءة أسود - A-1221,A-1221-APP-BK,,,قطعة,قطعة,أسود,,825,4,إضاءة بلون أسود، بتصميم عصري يناسب الصالات وغرف المعيشة والاستقبال، يدعم التحكم عن بُعد باستخدام الريموت، كما يدعم التحكم عبر تطبيق الهاتف المحمول لمزيد من سهولة الاستخدام. الرمز الداخلي للمنتج: A-1221-APP-BK.
إضاءة - A-1221,A-1221-APP-CF,,,قطعة,قطعة,,,825,4,إضاءة، بتصميم عصري يناسب الصالات وغرف المعيشة والاستقبال، يدعم التحكم عن بُعد باستخدام الريموت، كما يدعم التحكم عبر تطبيق الهاتف المحمول لمزيد من سهولة الاستخدام. الرمز الداخلي للمنتج: A-1221-APP-CF.
إضاءة - A-1221,A-1221-APP-KF,,,قطعة,قطعة,,,825,4,إضاءة، بتصميم عصري يناسب الصالات وغرف المعيشة والاستقبال، يدعم التحكم عن بُعد باستخدام الريموت، كما يدعم التحكم عبر تطبيق الهاتف المحمول لمزيد من سهولة الاستخدام. الرمز الداخلي للمنتج: A-1221-APP-KF.
إضاءة رمادي/فضي - A-1221,A-1221-APP-GR,,,قطعة,قطعة,رمادي/فضي,,825,4,إضاءة بلون رمادي/فضي، بتصميم عصري يناسب الصالات وغرف المعيشة والاستقبال، يدعم التحكم عن بُعد باستخدام الريموت، كما يدعم التحكم عبر تطبيق الهاتف المحمول لمزيد من سهولة الاستخدام. الرمز الداخلي للمنتج: A-1221-APP-GR.
إضاءة ذهبي - A-3015,A-3015-FGD,,,قطعة,قطعة,ذهبي,,780,4,إضاءة بلون ذهبي، بتصميم عصري يناسب الصالات وغرف المعيشة والاستقبال. الرمز الداخلي للمنتج: A-3015-FGD.
إضاءة أسود - A-3035,A-3035-APP-BK,,,قطعة,قطعة,أسود,,1150,4,إضاءة بلون أسود، بتصميم عصري يناسب الصالات وغرف المعيشة والاستقبال، يدعم التحكم عن بُعد باستخدام الريموت، كما يدعم التحكم عبر تطبيق الهاتف المحمول لمزيد من سهولة الاستخدام. الرمز الداخلي للمنتج: A-3035-APP-BK.
إضاءة ذهبي - A-3036,A-3036-FGD,,,قطعة,قطعة,ذهبي,,575,4,إضاءة بلون ذهبي، بتصميم عصري يناسب الصالات وغرف المعيشة والاستقبال. الرمز الداخلي للمنتج: A-3036-FGD.
إضاءة ذهبي - A-3037,A-3037-FGD,,,قطعة,قطعة,ذهبي,,575,4,إضاءة بلون ذهبي، بتصميم عصري يناسب الصالات وغرف المعيشة والاستقبال. الرمز الداخلي للمنتج: A-3037-FGD.
إضاءة ذهبي - A-3037,A-3037-GD,,,قطعة,قطعة,ذهبي,,475,4,إضاءة بلون ذهبي، بتصميم عصري يناسب الصالات وغرف المعيشة والاستقبال. الرمز الداخلي للمنتج: A-3037-GD.
إضاءة أسود - A-3038,A-3038-BK,,,قطعة,قطعة,أسود,,475,4,إضاءة بلون أسود، بتصميم عصري يناسب الصالات وغرف المعيشة والاستقبال. الرمز الداخلي للمنتج: A-3038-BK.
إضاءة ذهبي - A-3039,A-3039-FGD,,,قطعة,قطعة,ذهبي,,575,4,إضاءة بلون ذهبي، بتصميم عصري يناسب الصالات وغرف المعيشة والاستقبال. الرمز الداخلي للمنتج: A-3039-FGD.
إضاءة ذهبي - A-3047,A-3047-APP-GD,,,قطعة,قطعة,ذهبي,,1100,4,إضاءة بلون ذهبي، بتصميم عصري يناسب الصالات وغرف المعيشة والاستقبال، يدعم التحكم عن بُعد باستخدام الريموت، كما يدعم التحكم عبر تطبيق الهاتف المحمول لمزيد من سهولة الاستخدام. الرمز الداخلي للمنتج: A-3047-APP-GD.
إضاءة ذهبي - A-3054,A-3054-APP-GD,,,قطعة,قطعة,ذهبي,,775,4,إضاءة بلون ذهبي، بتصميم عصري يناسب الصالات وغرف المعيشة والاستقبال، يدعم التحكم عن بُعد باستخدام الريموت، كما يدعم التحكم عبر تطبيق الهاتف المحمول لمزيد من سهولة الاستخدام. الرمز الداخلي للمنتج: A-3054-APP-GD.
إضاءة ذهبي - A-3055,A-3055-FGD,,,قطعة,قطعة,ذهبي,,475,4,إضاءة بلون ذهبي، بتصميم عصري يناسب الصالات وغرف المعيشة والاستقبال. الرمز الداخلي للمنتج: A-3055-FGD.
إضاءة أبيض - A-3066,A-3066-APP-WH,,,قطعة,قطعة,أبيض,,1275,4,إضاءة بلون أبيض، بتصميم عصري يناسب الصالات وغرف المعيشة والاستقبال، يدعم التحكم عن بُعد باستخدام الريموت، كما يدعم التحكم عبر تطبيق الهاتف المحمول لمزيد من سهولة الاستخدام. الرمز الداخلي للمنتج: A-3066-APP-WH.
إضاءة ذهبي - A-12003,A-12003-APP-FGD,,,قطعة,قطعة,ذهبي,,1000,4,إضاءة بلون ذهبي، بتصميم عصري يناسب الصالات وغرف المعيشة والاستقبال، يدعم التحكم عن بُعد باستخدام الريموت، كما يدعم التحكم عبر تطبيق الهاتف المحمول لمزيد من سهولة الاستخدام. الرمز الداخلي للمنتج: A-12003-APP-FGD.
إضاءة - A-12017,A-12017-APP-SR,,,قطعة,قطعة,,,1175,4,إضاءة، بتصميم عصري يناسب الصالات وغرف المعيشة والاستقبال، يدعم التحكم عن بُعد باستخدام الريموت، كما يدعم التحكم عبر تطبيق الهاتف المحمول لمزيد من سهولة الاستخدام. الرمز الداخلي للمنتج: A-12017-APP-SR.
أبليك حائط أسود - B-127,B-127-BK,,اباليك,قطعة,قطعة,أسود,,125,4,أبليك حائط بلون أسود، بتصميم عصري يناسب الصالات وغرف المعيشة والاستقبال. الرمز الداخلي للمنتج: B-127-BK.
إضاءة ذهبي - CX-8048,CX-8048-800*300-GD-APP,,,قطعة,قطعة,ذهبي,,1350,4,إضاءة بلون ذهبي، بتصميم عصري يناسب الصالات وغرف المعيشة والاستقبال، يدعم التحكم عن بُعد باستخدام الريموت، كما يدعم التحكم عبر تطبيق الهاتف المحمول لمزيد من سهولة الاستخدام. الرمز الداخلي للمنتج: CX-8048-800*300-GD-APP.
إضاءة - CX-8048,CX-8048-800*300-CRD-APP,,,قطعة,قطعة,,,1485,4,إضاءة، بتصميم عصري يناسب الصالات وغرف المعيشة والاستقبال، يدعم التحكم عن بُعد باستخدام الريموت، كما يدعم التحكم عبر تطبيق الهاتف المحمول لمزيد من سهولة الاستخدام. الرمز الداخلي للمنتج: CX-8048-800*300-CRD-APP.
إضاءة ذهبي - CX-8048,CX-8048-800*350-GD-APP,,,قطعة,قطعة,ذهبي,,,4,إضاءة بلون ذهبي، بتصميم عصري يناسب الصالات وغرف المعيشة والاستقبال، يدعم التحكم عن بُعد باستخدام الريموت، كما يدعم التحكم عبر تطبيق الهاتف المحمول لمزيد من سهولة الاستخدام. الرمز الداخلي للمنتج: CX-8048-800*350-GD-APP.
إضاءة - CX-8049,CX-8049-600-RG-APP,,,قطعة,قطعة,,,1550,4,إضاءة، بتصميم عصري يناسب الصالات وغرف المعيشة والاستقبال، يدعم التحكم عن بُعد باستخدام الريموت، كما يدعم التحكم عبر تطبيق الهاتف المحمول لمزيد من سهولة الاستخدام. الرمز الداخلي للمنتج: CX-8049-600-RG-APP.
إضاءة ذهبي - CX-8049,CX-8049-600-GD-APP,,,قطعة,قطعة,ذهبي,,1550,4,إضاءة بلون ذهبي، بتصميم عصري يناسب الصالات وغرف المعيشة والاستقبال، يدعم التحكم عن بُعد باستخدام الريموت، كما يدعم التحكم عبر تطبيق الهاتف المحمول لمزيد من سهولة الاستخدام. الرمز الداخلي للمنتج: CX-8049-600-GD-APP.
إضاءة - CX-8049,CX-8049-800*300-RG-APP,,,قطعة,قطعة,,,1750,4,إضاءة، بتصميم عصري يناسب الصالات وغرف المعيشة والاستقبال، يدعم التحكم عن بُعد باستخدام الريموت، كما يدعم التحكم عبر تطبيق الهاتف المحمول لمزيد من سهولة الاستخدام. الرمز الداخلي للمنتج: CX-8049-800*300-RG-APP.
إضاءة ذهبي - CX-8049,CX-8049-800*300-GD-APP,,,قطعة,قطعة,ذهبي,,1750,4,إضاءة بلون ذهبي، بتصميم عصري يناسب الصالات وغرف المعيشة والاستقبال، يدعم التحكم عن بُعد باستخدام الريموت، كما يدعم التحكم عبر تطبيق الهاتف المحمول لمزيد من سهولة الاستخدام. الرمز الداخلي للمنتج: CX-8049-800*300-GD-APP.
إضاءة ذهبي - CX-8063-3,CX-8063-3-APP-GD,,,قطعة,قطعة,ذهبي,,1850,4,إضاءة بلون ذهبي، بتصميم عصري يناسب الصالات وغرف المعيشة والاستقبال، يدعم التحكم عن بُعد باستخدام الريموت، كما يدعم التحكم عبر تطبيق الهاتف المحمول لمزيد من سهولة الاستخدام. الرمز الداخلي للمنتج: CX-8063-3-APP-GD.
إضاءة ذهبي - CX-8068-3,CX-8068-3-GD-APP,,,قطعة,قطعة,ذهبي,,1775,4,إضاءة بلون ذهبي، بتصميم عصري يناسب الصالات وغرف المعيشة والاستقبال، يدعم التحكم عن بُعد باستخدام الريموت، كما يدعم التحكم عبر تطبيق الهاتف المحمول لمزيد من سهولة الاستخدام. الرمز الداخلي للمنتج: CX-8068-3-GD-APP.
إضاءة ذهبي - CX-8069-3,CX-8069-3-GD-APP,,,قطعة,قطعة,ذهبي,,1775,4,إضاءة بلون ذهبي، بتصميم عصري يناسب الصالات وغرف المعيشة والاستقبال، يدعم التحكم عن بُعد باستخدام الريموت، كما يدعم التحكم عبر تطبيق الهاتف المحمول لمزيد من سهولة الاستخدام. الرمز الداخلي للمنتج: CX-8069-3-GD-APP.
إضاءة ذهبي - CX-8070,CX-8070-450-GD-APP,,,قطعة,قطعة,ذهبي,,1550,4,إضاءة بلون ذهبي، بتصميم عصري يناسب الصالات وغرف المعيشة والاستقبال، يدعم التحكم عن بُعد باستخدام الريموت، كما يدعم التحكم عبر تطبيق الهاتف المحمول لمزيد من سهولة الاستخدام. الرمز الداخلي للمنتج: CX-8070-450-GD-APP.
إضاءة ذهبي - CX-8071,CX-8071-450-GD-APP,,,قطعة,قطعة,ذهبي,,1705,4,إضاءة بلون ذهبي، بتصميم عصري يناسب الصالات وغرف المعيشة والاستقبال، يدعم التحكم عن بُعد باستخدام الريموت، كما يدعم التحكم عبر تطبيق الهاتف المحمول لمزيد من سهولة الاستخدام. الرمز الداخلي للمنتج: CX-8071-450-GD-APP.
إضاءة - CX-8073,CX-8073-450-CRD-APP,,,قطعة,قطعة,,,1705,4,إضاءة، بتصميم عصري يناسب الصالات وغرف المعيشة والاستقبال، يدعم التحكم عن بُعد باستخدام الريموت، كما يدعم التحكم عبر تطبيق الهاتف المحمول لمزيد من سهولة الاستخدام. الرمز الداخلي للمنتج: CX-8073-450-CRD-APP.
إضاءة - CX-8074,CX-8074-450-RG-APP,,,قطعة,قطعة,,,1705,4,إضاءة، بتصميم عصري يناسب الصالات وغرف المعيشة والاستقبال، يدعم التحكم عن بُعد باستخدام الريموت، كما يدعم التحكم عبر تطبيق الهاتف المحمول لمزيد من سهولة الاستخدام. الرمز الداخلي للمنتج: CX-8074-450-RG-APP.
إضاءة - CX-8075,CX-8075-450-OEB-APP,,,قطعة,قطعة,,,1550,4,إضاءة، بتصميم عصري يناسب الصالات وغرف المعيشة والاستقبال، يدعم التحكم عن بُعد باستخدام الريموت، كما يدعم التحكم عبر تطبيق الهاتف المحمول لمزيد من سهولة الاستخدام. الرمز الداخلي للمنتج: CX-8075-450-OEB-APP.
إضاءة - CX-8078,CX-8078-600-CRD-APP,,,قطعة,قطعة,,,1650,4,إضاءة، بتصميم عصري يناسب الصالات وغرف المعيشة والاستقبال، يدعم التحكم عن بُعد باستخدام الريموت، كما يدعم التحكم عبر تطبيق الهاتف المحمول لمزيد من سهولة الاستخدام. الرمز الداخلي للمنتج: CX-8078-600-CRD-APP.
إضاءة ذهبي - CX-8079,CX-8079-600-GD-APP,,,قطعة,قطعة,ذهبي,,2150,4,إضاءة بلون ذهبي، بتصميم عصري يناسب الصالات وغرف المعيشة والاستقبال، يدعم التحكم عن بُعد باستخدام الريموت، كما يدعم التحكم عبر تطبيق الهاتف المحمول لمزيد من سهولة الاستخدام. الرمز الداخلي للمنتج: CX-8079-600-GD-APP.
إضاءة ذهبي - CX-8885,CX-8885-450-APP-GD,,,قطعة,قطعة,ذهبي,,1550,4,إضاءة بلون ذهبي، بتصميم عصري يناسب الصالات وغرف المعيشة والاستقبال، يدعم التحكم عن بُعد باستخدام الريموت، كما يدعم التحكم عبر تطبيق الهاتف المحمول لمزيد من سهولة الاستخدام. الرمز الداخلي للمنتج: CX-8885-450-APP-GD.
إضاءة ذهبي - DK 022,DK 022-600GD,,,قطعة,قطعة,ذهبي,,1750,4,إضاءة بلون ذهبي، بتصميم عصري يناسب الصالات وغرف المعيشة والاستقبال. الرمز الداخلي للمنتج: DK 022-600GD.
إضاءة ذهبي - DK 022,DK 022-800GD,,,قطعة,قطعة,ذهبي,,2950,4,إضاءة بلون ذهبي، بتصميم عصري يناسب الصالات وغرف المعيشة والاستقبال. الرمز الداخلي للمنتج: DK 022-800GD.
إضاءة ذهبي - DK 205,DK 205-600GD,,,قطعة,قطعة,ذهبي,,2250,4,إضاءة بلون ذهبي، بتصميم عصري يناسب الصالات وغرف المعيشة والاستقبال. الرمز الداخلي للمنتج: DK 205-600GD.
إضاءة ذهبي - DK 205,DK 205-800GD,,,قطعة,قطعة,ذهبي,,2950,4,إضاءة بلون ذهبي، بتصميم عصري يناسب الصالات وغرف المعيشة والاستقبال. الرمز الداخلي للمنتج: DK 205-800GD.
إضاءة ذهبي - DK 218,DK 218-600GD,,,قطعة,قطعة,ذهبي,,1950,4,إضاءة بلون ذهبي، بتصميم عصري يناسب الصالات وغرف المعيشة والاستقبال. الرمز الداخلي للمنتج: DK 218-600GD.
إضاءة ذهبي - DK 218,DK 218-800GD,,,قطعة,قطعة,ذهبي,,3050,4,إضاءة بلون ذهبي، بتصميم عصري يناسب الصالات وغرف المعيشة والاستقبال. الرمز الداخلي للمنتج: DK 218-800GD.
إضاءة ذهبي - DK 218,DK 218-L1200GD,,,قطعة,قطعة,ذهبي,,3350,4,إضاءة بلون ذهبي، بتصميم عصري يناسب الصالات وغرف المعيشة والاستقبال. الرمز الداخلي للمنتج: DK 218-L1200GD.
إضاءة ذهبي - DK 222,DK 222-600GD,,,قطعة,قطعة,ذهبي,,1950,4,إضاءة بلون ذهبي، بتصميم عصري يناسب الصالات وغرف المعيشة والاستقبال. الرمز الداخلي للمنتج: DK 222-600GD.
إضاءة ذهبي - DK 223,DK 223-800GD,,,قطعة,قطعة,ذهبي,,2650,4,إضاءة بلون ذهبي، بتصميم عصري يناسب الصالات وغرف المعيشة والاستقبال. الرمز الداخلي للمنتج: DK 223-800GD.
إضاءة ذهبي - DK 223,DK 223-600GD,,,قطعة,قطعة,ذهبي,,1650,4,إضاءة بلون ذهبي، بتصميم عصري يناسب الصالات وغرف المعيشة والاستقبال. الرمز الداخلي للمنتج: DK 223-600GD.
إضاءة ذهبي - DK 223,DK 223-L1200GD,,,قطعة,قطعة,ذهبي,,2850,4,إضاءة بلون ذهبي، بتصميم عصري يناسب الصالات وغرف المعيشة والاستقبال. الرمز الداخلي للمنتج: DK 223-L1200GD.
إضاءة ذهبي - DK 230,DK 230-600GD,,,قطعة,قطعة,ذهبي,,1900,4,إضاءة بلون ذهبي، بتصميم عصري يناسب الصالات وغرف المعيشة والاستقبال. الرمز الداخلي للمنتج: DK 230-600GD.
إضاءة ذهبي - DK 230,DK 230-800GD,,,قطعة,قطعة,ذهبي,,2900,4,إضاءة بلون ذهبي، بتصميم عصري يناسب الصالات وغرف المعيشة والاستقبال. الرمز الداخلي للمنتج: DK 230-800GD.
إضاءة ذهبي - DK 230,DK 230-L1200GD,,,قطعة,قطعة,ذهبي,,3350,4,إضاءة بلون ذهبي، بتصميم عصري يناسب الصالات وغرف المعيشة والاستقبال. الرمز الداخلي للمنتج: DK 230-L1200GD.
إضاءة ذهبي - DK 232,DK 232-600GD,,,قطعة,قطعة,ذهبي,,1950,4,إضاءة بلون ذهبي، بتصميم عصري يناسب الصالات وغرف المعيشة والاستقبال. الرمز الداخلي للمنتج: DK 232-600GD.
إضاءة ذهبي - DK 232,DK 232-L1200GD,,,قطعة,قطعة,ذهبي,,3350,4,إضاءة بلون ذهبي، بتصميم عصري يناسب الصالات وغرف المعيشة والاستقبال. الرمز الداخلي للمنتج: DK 232-L1200GD.
إضاءة ذهبي - DK 232,DK 232-800GD,,,قطعة,قطعة,ذهبي,,3000,4,إضاءة بلون ذهبي، بتصميم عصري يناسب الصالات وغرف المعيشة والاستقبال. الرمز الداخلي للمنتج: DK 232-800GD.
إضاءة ذهبي - DK 239,DK 239-L1200GD,,,قطعة,قطعة,ذهبي,,3200,4,إضاءة بلون ذهبي، بتصميم عصري يناسب الصالات وغرف المعيشة والاستقبال. الرمز الداخلي للمنتج: DK 239-L1200GD.
إضاءة ذهبي - DK 251,DK 251-600GD,,,قطعة,قطعة,ذهبي,,1950,4,إضاءة بلون ذهبي، بتصميم عصري يناسب الصالات وغرف المعيشة والاستقبال. الرمز الداخلي للمنتج: DK 251-600GD.
إضاءة ذهبي - DK 251,DK 251-L1200GD,,,قطعة,قطعة,ذهبي,,2400,4,إضاءة بلون ذهبي، بتصميم عصري يناسب الصالات وغرف المعيشة والاستقبال. الرمز الداخلي للمنتج: DK 251-L1200GD.
إضاءة ذهبي - DK 251,DK 251-800GD,,,قطعة,قطعة,ذهبي,,2850,4,إضاءة بلون ذهبي، بتصميم عصري يناسب الصالات وغرف المعيشة والاستقبال. الرمز الداخلي للمنتج: DK 251-800GD.
إضاءة ذهبي - EA-6217,EA-6217-FGD,,,قطعة,قطعة,ذهبي,,500,4,إضاءة بلون ذهبي، بتصميم عصري يناسب الصالات وغرف المعيشة والاستقبال. الرمز الداخلي للمنتج: EA-6217-FGD.
إضاءة ذهبي - EA-6218,EA-6218-FGD,,,قطعة,قطعة,ذهبي,,500,4,إضاءة بلون ذهبي، بتصميم عصري يناسب الصالات وغرف المعيشة والاستقبال. الرمز الداخلي للمنتج: EA-6218-FGD.
إضاءة ذهبي - EA-6222,EA-6222-GD,,,قطعة,قطعة,ذهبي,,300,4,إضاءة بلون ذهبي، بتصميم عصري يناسب الصالات وغرف المعيشة والاستقبال. الرمز الداخلي للمنتج: EA-6222-GD.
إضاءة ذهبي - EA-6223,EA-6223-GD,,,قطعة,قطعة,ذهبي,,325,4,إضاءة بلون ذهبي، بتصميم عصري يناسب الصالات وغرف المعيشة والاستقبال. الرمز الداخلي للمنتج: EA-6223-GD.
إضاءة ذهبي - EA-6224,EA-6224-GD,,,قطعة,قطعة,ذهبي,,325,4,إضاءة بلون ذهبي، بتصميم عصري يناسب الصالات وغرف المعيشة والاستقبال. الرمز الداخلي للمنتج: EA-6224-GD.
إضاءة ذهبي - EA-6225,EA-6225-GD,,,قطعة,قطعة,ذهبي,,325,4,إضاءة بلون ذهبي، بتصميم عصري يناسب الصالات وغرف المعيشة والاستقبال. الرمز الداخلي للمنتج: EA-6225-GD.
إضاءة ذهبي - EA-6227,EA-6227-GD,,,قطعة,قطعة,ذهبي,,325,4,إضاءة بلون ذهبي، بتصميم عصري يناسب الصالات وغرف المعيشة والاستقبال. الرمز الداخلي للمنتج: EA-6227-GD.
إضاءة ذهبي - EA-6232,EA-6232-GD,,,قطعة,قطعة,ذهبي,,325,4,إضاءة بلون ذهبي، بتصميم عصري يناسب الصالات وغرف المعيشة والاستقبال. الرمز الداخلي للمنتج: EA-6232-GD.
إضاءة ذهبي - EA-6233,EA-6233-GD,,,قطعة,قطعة,ذهبي,,300,4,إضاءة بلون ذهبي، بتصميم عصري يناسب الصالات وغرف المعيشة والاستقبال. الرمز الداخلي للمنتج: EA-6233-GD.
إضاءة ذهبي - EA-6234,EA-6234-GD,,,قطعة,قطعة,ذهبي,,300,4,إضاءة بلون ذهبي، بتصميم عصري يناسب الصالات وغرف المعيشة والاستقبال. الرمز الداخلي للمنتج: EA-6234-GD.
إضاءة أسود - EA-6238,EA-6238-BK,,,قطعة,قطعة,أسود,,575,4,إضاءة بلون أسود، بتصميم عصري يناسب الصالات وغرف المعيشة والاستقبال. الرمز الداخلي للمنتج: EA-6238-BK.
إضاءة أسود - EA-6239,EA-6239-BK,,,قطعة,قطعة,أسود,,550,4,إضاءة بلون أسود، بتصميم عصري يناسب الصالات وغرف المعيشة والاستقبال. الرمز الداخلي للمنتج: EA-6239-BK.
إضاءة ذهبي - EA-6240,EA-6240-FGD,,,قطعة,قطعة,ذهبي,,650,4,إضاءة بلون ذهبي، بتصميم عصري يناسب الصالات وغرف المعيشة والاستقبال. الرمز الداخلي للمنتج: EA-6240-FGD.
إضاءة ذهبي - EA-6242,EA-6242-FGD,,,قطعة,قطعة,ذهبي,,650,4,إضاءة بلون ذهبي، بتصميم عصري يناسب الصالات وغرف المعيشة والاستقبال. الرمز الداخلي للمنتج: EA-6242-FGD.
إضاءة ذهبي - EA-6243,EA-6243-FGD,,,قطعة,قطعة,ذهبي,,650,4,إضاءة بلون ذهبي، بتصميم عصري يناسب الصالات وغرف المعيشة والاستقبال. الرمز الداخلي للمنتج: EA-6243-FGD.
إضاءة ذهبي - EA-6245,EA-6245-FGD,,,قطعة,قطعة,ذهبي,,650,4,إضاءة بلون ذهبي، بتصميم عصري يناسب الصالات وغرف المعيشة والاستقبال. الرمز الداخلي للمنتج: EA-6245-FGD.
إضاءة ذهبي - EA-6246,EA-6246-GD,,,قطعة,قطعة,ذهبي,,650,4,إضاءة بلون ذهبي، بتصميم عصري يناسب الصالات وغرف المعيشة والاستقبال. الرمز الداخلي للمنتج: EA-6246-GD.
إضاءة ذهبي - EA-6249,EA-6249-GD,,,قطعة,قطعة,ذهبي,,625,4,إضاءة بلون ذهبي، بتصميم عصري يناسب الصالات وغرف المعيشة والاستقبال. الرمز الداخلي للمنتج: EA-6249-GD.
إضاءة - EA-6251,EA-6251-WH+CH,,,قطعة,قطعة,,,625,4,إضاءة، بتصميم عصري يناسب الصالات وغرف المعيشة والاستقبال. الرمز الداخلي للمنتج: EA-6251-WH+CH.
إضاءة كروم/فضي - EA-6252,EA-6252-CH,,,قطعة,قطعة,كروم/فضي,,850,4,إضاءة بلون كروم/فضي، بتصميم عصري يناسب الصالات وغرف المعيشة والاستقبال. الرمز الداخلي للمنتج: EA-6252-CH.
إضاءة أبيض وذهبي - EA-6253,EA-6253-WH+GD,,,قطعة,قطعة,أبيض وذهبي,,1375,4,إضاءة بلون أبيض وذهبي، بتصميم عصري يناسب الصالات وغرف المعيشة والاستقبال. الرمز الداخلي للمنتج: EA-6253-WH+GD.
إضاءة أبيض وذهبي - EA-6254,EA-6254-WH+GD,,,قطعة,قطعة,أبيض وذهبي,,775,4,إضاءة بلون أبيض وذهبي، بتصميم عصري يناسب الصالات وغرف المعيشة والاستقبال. الرمز الداخلي للمنتج: EA-6254-WH+GD.
إضاءة ذهبي - EA-6255,EA-6255-GD,,,قطعة,قطعة,ذهبي,,825,4,إضاءة بلون ذهبي، بتصميم عصري يناسب الصالات وغرف المعيشة والاستقبال. الرمز الداخلي للمنتج: EA-6255-GD.
إضاءة ذهبي - EA-6255,EA-6255-APP-FGD,,,قطعة,قطعة,ذهبي,,775,4,إضاءة بلون ذهبي، بتصميم عصري يناسب الصالات وغرف المعيشة والاستقبال، يدعم التحكم عن بُعد باستخدام الريموت، كما يدعم التحكم عبر تطبيق الهاتف المحمول لمزيد من سهولة الاستخدام. الرمز الداخلي للمنتج: EA-6255-APP-FGD.
إضاءة أسود وذهبي - EA-6256,EA-6256-BK+GD,,,قطعة,قطعة,أسود وذهبي,,575,4,إضاءة بلون أسود وذهبي، بتصميم عصري يناسب الصالات وغرف المعيشة والاستقبال. الرمز الداخلي للمنتج: EA-6256-BK+GD.
إضاءة أسود وذهبي - EA-6257,EA-6257-BK+GD,,,قطعة,قطعة,أسود وذهبي,,650,4,إضاءة بلون أسود وذهبي، بتصميم عصري يناسب الصالات وغرف المعيشة والاستقبال. الرمز الداخلي للمنتج: EA-6257-BK+GD.
إضاءة ذهبي - EA-6258,EA-6258-GD,,,قطعة,قطعة,ذهبي,,775,4,إضاءة بلون ذهبي، بتصميم عصري يناسب الصالات وغرف المعيشة والاستقبال. الرمز الداخلي للمنتج: EA-6258-GD.
إضاءة ذهبي - EA-6259,EA-6259-GD,,,قطعة,قطعة,ذهبي,,875,4,إضاءة بلون ذهبي، بتصميم عصري يناسب الصالات وغرف المعيشة والاستقبال. الرمز الداخلي للمنتج: EA-6259-GD.
إضاءة ذهبي - EA-6262,EA-6262-GD,,,قطعة,قطعة,ذهبي,,825,4,إضاءة بلون ذهبي، بتصميم عصري يناسب الصالات وغرف المعيشة والاستقبال. الرمز الداخلي للمنتج: EA-6262-GD.
إضاءة ذهبي - EA-6263,EA-6263-GD,,,قطعة,قطعة,ذهبي,,850,4,إضاءة بلون ذهبي، بتصميم عصري يناسب الصالات وغرف المعيشة والاستقبال. الرمز الداخلي للمنتج: EA-6263-GD.
إضاءة ذهبي - EA-6264,EA-6264-GD,,,قطعة,قطعة,ذهبي,,850,4,إضاءة بلون ذهبي، بتصميم عصري يناسب الصالات وغرف المعيشة والاستقبال. الرمز الداخلي للمنتج: EA-6264-GD.
إضاءة ذهبي - EA-6265,EA-6265-GD,,,قطعة,قطعة,ذهبي,,650,4,إضاءة بلون ذهبي، بتصميم عصري يناسب الصالات وغرف المعيشة والاستقبال. الرمز الداخلي للمنتج: EA-6265-GD.
إضاءة ذهبي - EA-6266,EA-6266-GD,,,قطعة,قطعة,ذهبي,,750,4,إضاءة بلون ذهبي، بتصميم عصري يناسب الصالات وغرف المعيشة والاستقبال. الرمز الداخلي للمنتج: EA-6266-GD.
إضاءة ذهبي - EA-6267,EA-6267-GD,,,قطعة,قطعة,ذهبي,,475,4,إضاءة بلون ذهبي، بتصميم عصري يناسب الصالات وغرف المعيشة والاستقبال. الرمز الداخلي للمنتج: EA-6267-GD.
إضاءة ذهبي - EA-6269,EA-6269-GD,,,قطعة,قطعة,ذهبي,,1050,4,إضاءة بلون ذهبي، بتصميم عصري يناسب الصالات وغرف المعيشة والاستقبال. الرمز الداخلي للمنتج: EA-6269-GD.
إضاءة أبيض - EA-6270,EA-6270-WH,,,قطعة,قطعة,أبيض,,900,4,إضاءة بلون أبيض، بتصميم عصري يناسب الصالات وغرف المعيشة والاستقبال. الرمز الداخلي للمنتج: EA-6270-WH.
إضاءة ذهبي - EA-6271,EA-6271-GD,,,قطعة,قطعة,ذهبي,,1275,4,إضاءة بلون ذهبي، بتصميم عصري يناسب الصالات وغرف المعيشة والاستقبال. الرمز الداخلي للمنتج: EA-6271-GD.
إضاءة ذهبي - EA-6272,EA-6272-GD,,,قطعة,قطعة,ذهبي,,1450,4,إضاءة بلون ذهبي، بتصميم عصري يناسب الصالات وغرف المعيشة والاستقبال. الرمز الداخلي للمنتج: EA-6272-GD.
إضاءة - EA-6273,EA-6273-CF,,,قطعة,قطعة,,,1405,4,إضاءة، بتصميم عصري يناسب الصالات وغرف المعيشة والاستقبال. الرمز الداخلي للمنتج: EA-6273-CF.
إضاءة ذهبي - EA-6274,EA-6274-GD,,,قطعة,قطعة,ذهبي,,1000,4,إضاءة بلون ذهبي، بتصميم عصري يناسب الصالات وغرف المعيشة والاستقبال. الرمز الداخلي للمنتج: EA-6274-GD.
إضاءة ذهبي - EA-6275,EA-6275-FGD,,,قطعة,قطعة,ذهبي,,950,4,إضاءة بلون ذهبي، بتصميم عصري يناسب الصالات وغرف المعيشة والاستقبال. الرمز الداخلي للمنتج: EA-6275-FGD.
إضاءة ذهبي - EA-6276,EA-6276-GD,,,قطعة,قطعة,ذهبي,,1150,4,إضاءة بلون ذهبي، بتصميم عصري يناسب الصالات وغرف المعيشة والاستقبال. الرمز الداخلي للمنتج: EA-6276-GD.
إضاءة ذهبي - EA-6277,EA-6277-GD,,,قطعة,قطعة,ذهبي,,1000,4,إضاءة بلون ذهبي، بتصميم عصري يناسب الصالات وغرف المعيشة والاستقبال. الرمز الداخلي للمنتج: EA-6277-GD.
إضاءة ذهبي - EA-6278,EA-6278-GD,,,قطعة,قطعة,ذهبي,,1100,4,إضاءة بلون ذهبي، بتصميم عصري يناسب الصالات وغرف المعيشة والاستقبال. الرمز الداخلي للمنتج: EA-6278-GD.
إضاءة ذهبي - EA-6279,EA-6279-GD,,,قطعة,قطعة,ذهبي,,950,4,إضاءة بلون ذهبي، بتصميم عصري يناسب الصالات وغرف المعيشة والاستقبال. الرمز الداخلي للمنتج: EA-6279-GD.
إضاءة ذهبي - EA-6281,EA-6281-GD,,,قطعة,قطعة,ذهبي,,1275,4,إضاءة بلون ذهبي، بتصميم عصري يناسب الصالات وغرف المعيشة والاستقبال. الرمز الداخلي للمنتج: EA-6281-GD.
إضاءة ذهبي - EA-6281,EA-6281-FGD,,,قطعة,قطعة,ذهبي,,1250,4,إضاءة بلون ذهبي، بتصميم عصري يناسب الصالات وغرف المعيشة والاستقبال. الرمز الداخلي للمنتج: EA-6281-FGD.
إضاءة ذهبي - EA-6282,EA-6282-GD,,,قطعة,قطعة,ذهبي,,1300,4,إضاءة بلون ذهبي، بتصميم عصري يناسب الصالات وغرف المعيشة والاستقبال. الرمز الداخلي للمنتج: EA-6282-GD.
إضاءة ذهبي - EA-6284,EA-6284-GD,,,قطعة,قطعة,ذهبي,,1150,4,إضاءة بلون ذهبي، بتصميم عصري يناسب الصالات وغرف المعيشة والاستقبال. الرمز الداخلي للمنتج: EA-6284-GD.
إضاءة ذهبي - EA-6286,EA-6286-GD,,,قطعة,قطعة,ذهبي,,1175,4,إضاءة بلون ذهبي، بتصميم عصري يناسب الصالات وغرف المعيشة والاستقبال. الرمز الداخلي للمنتج: EA-6286-GD.
إضاءة - EA-6287,EA-6287-CF,,,قطعة,قطعة,,,1275,4,إضاءة، بتصميم عصري يناسب الصالات وغرف المعيشة والاستقبال. الرمز الداخلي للمنتج: EA-6287-CF.
إضاءة - EA-6288,EA-6288-CF,,,قطعة,قطعة,,,1100,4,إضاءة، بتصميم عصري يناسب الصالات وغرف المعيشة والاستقبال. الرمز الداخلي للمنتج: EA-6288-CF.
إضاءة أبيض - EA-6289,EA-6289-WH,,,قطعة,قطعة,أبيض,,1200,4,إضاءة بلون أبيض، بتصميم عصري يناسب الصالات وغرف المعيشة والاستقبال. الرمز الداخلي للمنتج: EA-6289-WH.
إضاءة ذهبي - EA-6290,EA-6290-GD,,,قطعة,قطعة,ذهبي,,1250,4,إضاءة بلون ذهبي، بتصميم عصري يناسب الصالات وغرف المعيشة والاستقبال. الرمز الداخلي للمنتج: EA-6290-GD.
إضاءة - EA-6291,EA-6291-CF,,,قطعة,قطعة,,,1200,4,إضاءة، بتصميم عصري يناسب الصالات وغرف المعيشة والاستقبال. الرمز الداخلي للمنتج: EA-6291-CF.
إضاءة أبيض - EA-6292,EA-6292-WH,,,قطعة,قطعة,أبيض,,1485,4,إضاءة بلون أبيض، بتصميم عصري يناسب الصالات وغرف المعيشة والاستقبال. الرمز الداخلي للمنتج: EA-6292-WH.
إضاءة أبيض - EA-6293,EA-6293-WH,,,قطعة,قطعة,أبيض,,1100,4,إضاءة بلون أبيض، بتصميم عصري يناسب الصالات وغرف المعيشة والاستقبال. الرمز الداخلي للمنتج: EA-6293-WH.
إضاءة أبيض وذهبي - EA-6294,EA-6294-WH+GD,,,قطعة,قطعة,أبيض وذهبي,,975,4,إضاءة بلون أبيض وذهبي، بتصميم عصري يناسب الصالات وغرف المعيشة والاستقبال. الرمز الداخلي للمنتج: EA-6294-WH+GD.
إضاءة أبيض - EA-6294,EA-6294-WH+FGD,,,قطعة,قطعة,أبيض,,900,4,إضاءة بلون أبيض، بتصميم عصري يناسب الصالات وغرف المعيشة والاستقبال. الرمز الداخلي للمنتج: EA-6294-WH+FGD.
إضاءة ذهبي - EA-6296,EA-6296-GD,,,قطعة,قطعة,ذهبي,,1425,4,إضاءة بلون ذهبي، بتصميم عصري يناسب الصالات وغرف المعيشة والاستقبال. الرمز الداخلي للمنتج: EA-6296-GD.
إضاءة ذهبي - EA-6297,EA-6297-GD,,,قطعة,قطعة,ذهبي,,1425,4,إضاءة بلون ذهبي، بتصميم عصري يناسب الصالات وغرف المعيشة والاستقبال. الرمز الداخلي للمنتج: EA-6297-GD.
إضاءة ذهبي - EA-6298,EA-6298-GD,,,قطعة,قطعة,ذهبي,,1425,4,إضاءة بلون ذهبي، بتصميم عصري يناسب الصالات وغرف المعيشة والاستقبال. الرمز الداخلي للمنتج: EA-6298-GD.
إضاءة ذهبي - EA-6299,EA-6299-GD,,,قطعة,قطعة,ذهبي,,1350,4,إضاءة بلون ذهبي، بتصميم عصري يناسب الصالات وغرف المعيشة والاستقبال. الرمز الداخلي للمنتج: EA-6299-GD.
إضاءة ذهبي - EA-6300,EA-6300-GD,,,قطعة,قطعة,ذهبي,,1050,4,إضاءة بلون ذهبي، بتصميم عصري يناسب الصالات وغرف المعيشة والاستقبال. الرمز الداخلي للمنتج: EA-6300-GD.
إضاءة ذهبي - EA-6301,EA-6301-GD,,,قطعة,قطعة,ذهبي,,1050,4,إضاءة بلون ذهبي، بتصميم عصري يناسب الصالات وغرف المعيشة والاستقبال. الرمز الداخلي للمنتج: EA-6301-GD.
إضاءة ذهبي - EA-6303,EA-6303-FGD,,,قطعة,قطعة,ذهبي,,1350,4,إضاءة بلون ذهبي، بتصميم عصري يناسب الصالات وغرف المعيشة والاستقبال. الرمز الداخلي للمنتج: EA-6303-FGD.
إضاءة ذهبي - EA-6304,EA-6304-FGD,,,قطعة,قطعة,ذهبي,,1550,4,إضاءة بلون ذهبي، بتصميم عصري يناسب الصالات وغرف المعيشة والاستقبال. الرمز الداخلي للمنتج: EA-6304-FGD.
إضاءة ذهبي - EA-6306-500,EA-6306-500-GD,,,قطعة,قطعة,ذهبي,,3750,4,إضاءة بلون ذهبي، بتصميم عصري يناسب الصالات وغرف المعيشة والاستقبال. الرمز الداخلي للمنتج: EA-6306-500-GD.
إضاءة ذهبي - EA-6306-700,EA-6306-700-GD,,,قطعة,قطعة,ذهبي,,4750,4,إضاءة بلون ذهبي، بتصميم عصري يناسب الصالات وغرف المعيشة والاستقبال. الرمز الداخلي للمنتج: EA-6306-700-GD.
إضاءة ذهبي - EA-6307-500,EA-6307-500-GD,,,قطعة,قطعة,ذهبي,,4750,4,إضاءة بلون ذهبي، بتصميم عصري يناسب الصالات وغرف المعيشة والاستقبال. الرمز الداخلي للمنتج: EA-6307-500-GD.
إضاءة ذهبي - EA-6307-700,EA-6307-700-GD,,,قطعة,قطعة,ذهبي,,5250,4,إضاءة بلون ذهبي، بتصميم عصري يناسب الصالات وغرف المعيشة والاستقبال. الرمز الداخلي للمنتج: EA-6307-700-GD.
إضاءة أسود - EA-6308-500,EA-6308-500-BK,,,قطعة,قطعة,أسود,,6200,4,إضاءة بلون أسود، بتصميم عصري يناسب الصالات وغرف المعيشة والاستقبال. الرمز الداخلي للمنتج: EA-6308-500-BK.
إضاءة أسود - EA-6308-700,EA-6308-700-BK,,,قطعة,قطعة,أسود,,6700,4,إضاءة بلون أسود، بتصميم عصري يناسب الصالات وغرف المعيشة والاستقبال. الرمز الداخلي للمنتج: EA-6308-700-BK.
إضاءة ذهبي - EA-6309,EA-6309-GD,,,قطعة,قطعة,ذهبي,,1050,4,إضاءة بلون ذهبي، بتصميم عصري يناسب الصالات وغرف المعيشة والاستقبال. الرمز الداخلي للمنتج: EA-6309-GD.
إضاءة كروم/فضي - EA-6310,EA-6310-CH,,,قطعة,قطعة,كروم/فضي,,2850,4,إضاءة بلون كروم/فضي، بتصميم عصري يناسب الصالات وغرف المعيشة والاستقبال. الرمز الداخلي للمنتج: EA-6310-CH.
إضاءة ذهبي - EA-6311,EA-6311-FGD,,,قطعة,قطعة,ذهبي,,1075,4,إضاءة بلون ذهبي، بتصميم عصري يناسب الصالات وغرف المعيشة والاستقبال. الرمز الداخلي للمنتج: EA-6311-FGD.
إضاءة ذهبي - EA-6312,EA-6312-GD,,,قطعة,قطعة,ذهبي,,1250,4,إضاءة بلون ذهبي، بتصميم عصري يناسب الصالات وغرف المعيشة والاستقبال. الرمز الداخلي للمنتج: EA-6312-GD.
إضاءة ذهبي - FX-578,FX-578-500-GD-APP,,,قطعة,قطعة,ذهبي,,1100,4,إضاءة بلون ذهبي، بتصميم عصري يناسب الصالات وغرف المعيشة والاستقبال، يدعم التحكم عن بُعد باستخدام الريموت، كما يدعم التحكم عبر تطبيق الهاتف المحمول لمزيد من سهولة الاستخدام. الرمز الداخلي للمنتج: FX-578-500-GD-APP.
إضاءة ذهبي - FX-578,FX-578-600GD-APP,,,قطعة,قطعة,ذهبي,,1275,4,إضاءة بلون ذهبي، بتصميم عصري يناسب الصالات وغرف المعيشة والاستقبال، يدعم التحكم عن بُعد باستخدام الريموت، كما يدعم التحكم عبر تطبيق الهاتف المحمول لمزيد من سهولة الاستخدام. الرمز الداخلي للمنتج: FX-578-600GD-APP.
إضاءة ذهبي - FX-582,FX-582-500GD,,,قطعة,قطعة,ذهبي,,1250,4,إضاءة بلون ذهبي، بتصميم عصري يناسب الصالات وغرف المعيشة والاستقبال. الرمز الداخلي للمنتج: FX-582-500GD.
إضاءة ذهبي - FX-582,FX-582-600GD,,,قطعة,قطعة,ذهبي,,1750,4,إضاءة بلون ذهبي، بتصميم عصري يناسب الصالات وغرف المعيشة والاستقبال. الرمز الداخلي للمنتج: FX-582-600GD.
إضاءة ذهبي - FX-592,FX-592-500-GD-APP,,,قطعة,قطعة,ذهبي,,1200,4,إضاءة بلون ذهبي، بتصميم عصري يناسب الصالات وغرف المعيشة والاستقبال، يدعم التحكم عن بُعد باستخدام الريموت، كما يدعم التحكم عبر تطبيق الهاتف المحمول لمزيد من سهولة الاستخدام. الرمز الداخلي للمنتج: FX-592-500-GD-APP.
إضاءة - FX-593,FX-593-800*350GD-APP,,,قطعة,قطعة,,,1550,4,إضاءة، بتصميم عصري يناسب الصالات وغرف المعيشة والاستقبال، يدعم التحكم عن بُعد باستخدام الريموت، كما يدعم التحكم عبر تطبيق الهاتف المحمول لمزيد من سهولة الاستخدام. الرمز الداخلي للمنتج: FX-593-800*350GD-APP.
إضاءة - FX-598,FX-598-800*350GD-APP,,,قطعة,قطعة,,,1550,4,إضاءة، بتصميم عصري يناسب الصالات وغرف المعيشة والاستقبال، يدعم التحكم عن بُعد باستخدام الريموت، كما يدعم التحكم عبر تطبيق الهاتف المحمول لمزيد من سهولة الاستخدام. الرمز الداخلي للمنتج: FX-598-800*350GD-APP.
إضاءة ذهبي - FX-598,FX-598-400GD-APP,,,قطعة,قطعة,ذهبي,,850,4,إضاءة بلون ذهبي، بتصميم عصري يناسب الصالات وغرف المعيشة والاستقبال، يدعم التحكم عن بُعد باستخدام الريموت، كما يدعم التحكم عبر تطبيق الهاتف المحمول لمزيد من سهولة الاستخدام. الرمز الداخلي للمنتج: FX-598-400GD-APP.
إضاءة ذهبي - FX-599,FX-599-2W-GD,,,قطعة,قطعة,ذهبي,,275,4,إضاءة بلون ذهبي، بتصميم عصري يناسب الصالات وغرف المعيشة والاستقبال. الرمز الداخلي للمنتج: FX-599-2W-GD.
إضاءة أسود - GFB-051,GFB-051-BK,,,قطعة,قطعة,أسود,,200,4,إضاءة بلون أسود، بتصميم عصري يناسب الصالات وغرف المعيشة والاستقبال. الرمز الداخلي للمنتج: GFB-051-BK.
إضاءة أسود - GFH013-3,GFH013-3-BK,,,قطعة,قطعة,أسود,,105,4,إضاءة بلون أسود، بتصميم عصري يناسب الصالات وغرف المعيشة والاستقبال. الرمز الداخلي للمنتج: GFH013-3-BK.
إضاءة أسود - GFH013-5,GFH013-5-BK,,,قطعة,قطعة,أسود,,130,4,إضاءة بلون أسود، بتصميم عصري يناسب الصالات وغرف المعيشة والاستقبال. الرمز الداخلي للمنتج: GFH013-5-BK.
إضاءة أسود - GFH014-2,GFH014-2-BK,,,قطعة,قطعة,أسود,,110,4,إضاءة بلون أسود، بتصميم عصري يناسب الصالات وغرف المعيشة والاستقبال. الرمز الداخلي للمنتج: GFH014-2-BK.
إضاءة أسود - GFH014-3,GFH014-3-BK,,,قطعة,قطعة,أسود,,130,4,إضاءة بلون أسود، بتصميم عصري يناسب الصالات وغرف المعيشة والاستقبال. الرمز الداخلي للمنتج: GFH014-3-BK.
إضاءة أسود وذهبي - GFH015-2,GFH015-2-BK+GD,,,قطعة,قطعة,أسود وذهبي,,110,4,إضاءة بلون أسود وذهبي، بتصميم عصري يناسب الصالات وغرف المعيشة والاستقبال. الرمز الداخلي للمنتج: GFH015-2-BK+GD.
إضاءة أسود وذهبي - GFH015-4,GFH015-4-BK+GD,,,قطعة,قطعة,أسود وذهبي,,130,4,إضاءة بلون أسود وذهبي، بتصميم عصري يناسب الصالات وغرف المعيشة والاستقبال. الرمز الداخلي للمنتج: GFH015-4-BK+GD.
إضاءة أسود وذهبي - GFH015-6,GFH015-6-BK+GD,,,قطعة,قطعة,أسود وذهبي,,140,4,إضاءة بلون أسود وذهبي، بتصميم عصري يناسب الصالات وغرف المعيشة والاستقبال. الرمز الداخلي للمنتج: GFH015-6-BK+GD.
إضاءة أسود - GFH017-4,GFH017-4-BK,,,قطعة,قطعة,أسود,,110,4,إضاءة بلون أسود، بتصميم عصري يناسب الصالات وغرف المعيشة والاستقبال. الرمز الداخلي للمنتج: GFH017-4-BK.
إضاءة أسود - GFH017-6,GFH017-6-BK,,,قطعة,قطعة,أسود,,120,4,إضاءة بلون أسود، بتصميم عصري يناسب الصالات وغرف المعيشة والاستقبال. الرمز الداخلي للمنتج: GFH017-6-BK.
إضاءة أسود - GFH026,GFH026-BK,,,قطعة,قطعة,أسود,,240,4,إضاءة بلون أسود، بتصميم عصري يناسب الصالات وغرف المعيشة والاستقبال. الرمز الداخلي للمنتج: GFH026-BK.
إضاءة أسود - GFH029-4,GFH029-4-BK,,,قطعة,قطعة,أسود,,240,4,إضاءة بلون أسود، بتصميم عصري يناسب الصالات وغرف المعيشة والاستقبال. الرمز الداخلي للمنتج: GFH029-4-BK.
إضاءة أسود وذهبي - GFH-018-1,GFH-018-1-BK+GD,,,قطعة,قطعة,أسود وذهبي,,140,4,إضاءة بلون أسود وذهبي، بتصميم عصري يناسب الصالات وغرف المعيشة والاستقبال. الرمز الداخلي للمنتج: GFH-018-1-BK+GD.
إضاءة أبيض وذهبي - GFH-018-2,GFH-018-2-WH+GD,,,قطعة,قطعة,أبيض وذهبي,,140,4,إضاءة بلون أبيض وذهبي، بتصميم عصري يناسب الصالات وغرف المعيشة والاستقبال. الرمز الداخلي للمنتج: GFH-018-2-WH+GD.
إضاءة أسود وذهبي - GFH-019-1,GFH-019-1-BK+GD,,,قطعة,قطعة,أسود وذهبي,,140,4,إضاءة بلون أسود وذهبي، بتصميم عصري يناسب الصالات وغرف المعيشة والاستقبال. الرمز الداخلي للمنتج: GFH-019-1-BK+GD.
إضاءة أسود وذهبي - GFH-020-1,GFH-020-1-BK+GD,,,قطعة,قطعة,أسود وذهبي,,140,4,إضاءة بلون أسود وذهبي، بتصميم عصري يناسب الصالات وغرف المعيشة والاستقبال. الرمز الداخلي للمنتج: GFH-020-1-BK+GD.
إضاءة أبيض وذهبي - GFH-020-2,GFH-020-2-WH+GD,,,قطعة,قطعة,أبيض وذهبي,,140,4,إضاءة بلون أبيض وذهبي، بتصميم عصري يناسب الصالات وغرف المعيشة والاستقبال. الرمز الداخلي للمنتج: GFH-020-2-WH+GD.
إضاءة أسود وذهبي - GFH-021-1,GFH-021-1-BK+GD,,,قطعة,قطعة,أسود وذهبي,,190,4,إضاءة بلون أسود وذهبي، بتصميم عصري يناسب الصالات وغرف المعيشة والاستقبال. الرمز الداخلي للمنتج: GFH-021-1-BK+GD.
إضاءة أبيض وذهبي - GFH-021-2,GFH-021-2-WH+GD,,,قطعة,قطعة,أبيض وذهبي,,190,4,إضاءة بلون أبيض وذهبي، بتصميم عصري يناسب الصالات وغرف المعيشة والاستقبال. الرمز الداخلي للمنتج: GFH-021-2-WH+GD.
إضاءة أسود - GFH-035-4,GFH-035-4-BK,,,قطعة,قطعة,أسود,,105,4,إضاءة بلون أسود، بتصميم عصري يناسب الصالات وغرف المعيشة والاستقبال. الرمز الداخلي للمنتج: GFH-035-4-BK.
إضاءة أسود - GFH-035-6,GFH-035-6-BK,,,قطعة,قطعة,أسود,,125,4,إضاءة بلون أسود، بتصميم عصري يناسب الصالات وغرف المعيشة والاستقبال. الرمز الداخلي للمنتج: GFH-035-6-BK.
إضاءة ذهبي - GFH-040-8,GFH-040-8-GD,,,قطعة,قطعة,ذهبي,,155,4,إضاءة بلون ذهبي، بتصميم عصري يناسب الصالات وغرف المعيشة والاستقبال. الرمز الداخلي للمنتج: GFH-040-8-GD.
إضاءة أبيض - GFH-040-8,GFH-040-8-WH,,,قطعة,قطعة,أبيض,,100,4,إضاءة بلون أبيض، بتصميم عصري يناسب الصالات وغرف المعيشة والاستقبال. الرمز الداخلي للمنتج: GFH-040-8-WH.
إضاءة أسود وذهبي - GFHO015-4,GFHO015-4-BK+GD,,,قطعة,قطعة,أسود وذهبي,,130,4,إضاءة بلون أسود وذهبي، بتصميم عصري يناسب الصالات وغرف المعيشة والاستقبال. الرمز الداخلي للمنتج: GFHO015-4-BK+GD.
إضاءة أسود وذهبي - GFHO15-4,GFHO15-4-BK+GD,,,قطعة,قطعة,أسود وذهبي,,130,4,إضاءة بلون أسود وذهبي، بتصميم عصري يناسب الصالات وغرف المعيشة والاستقبال. الرمز الداخلي للمنتج: GFHO15-4-BK+GD.
إضاءة أسود - GFHO017-4,GFHO017-4-BK,,,قطعة,قطعة,أسود,,110,4,إضاءة بلون أسود، بتصميم عصري يناسب الصالات وغرف المعيشة والاستقبال. الرمز الداخلي للمنتج: GFHO017-4-BK.
إضاءة - GH-201,GH-201-60*20,,,قطعة,قطعة,,,550,4,إضاءة، بتصميم عصري يناسب الصالات وغرف المعيشة والاستقبال. الرمز الداخلي للمنتج: GH-201-60*20.
إضاءة - GH-203,GH-203-120*40,,,قطعة,قطعة,,,1000,4,إضاءة، بتصميم عصري يناسب الصالات وغرف المعيشة والاستقبال. الرمز الداخلي للمنتج: GH-203-120*40.
إضاءة - GH-204,GH-204-60*20,,,قطعة,قطعة,,,550,4,إضاءة، بتصميم عصري يناسب الصالات وغرف المعيشة والاستقبال. الرمز الداخلي للمنتج: GH-204-60*20.
إضاءة - GH-204,GH-204-80*26,,,قطعة,قطعة,,,650,4,إضاءة، بتصميم عصري يناسب الصالات وغرف المعيشة والاستقبال. الرمز الداخلي للمنتج: GH-204-80*26.
إضاءة - GH-204,GH-204-100*33,,,قطعة,قطعة,,,825,4,إضاءة، بتصميم عصري يناسب الصالات وغرف المعيشة والاستقبال. الرمز الداخلي للمنتج: GH-204-100*33.
إضاءة - GH-205,GH-205-120*55,,,قطعة,قطعة,,,1100,4,إضاءة، بتصميم عصري يناسب الصالات وغرف المعيشة والاستقبال. الرمز الداخلي للمنتج: GH-205-120*55.
إضاءة - GH-205,GH-205-150*67,,,قطعة,قطعة,,,1775,4,إضاءة، بتصميم عصري يناسب الصالات وغرف المعيشة والاستقبال. الرمز الداخلي للمنتج: GH-205-150*67.
إضاءة - GH-206,GH-206-60*20,,,قطعة,قطعة,,,550,4,إضاءة، بتصميم عصري يناسب الصالات وغرف المعيشة والاستقبال. الرمز الداخلي للمنتج: GH-206-60*20.
إضاءة - GH-206,GH-206-80*26,,,قطعة,قطعة,,,650,4,إضاءة، بتصميم عصري يناسب الصالات وغرف المعيشة والاستقبال. الرمز الداخلي للمنتج: GH-206-80*26.
إضاءة - GH-207,GH-207-80*26,,,قطعة,قطعة,,,650,4,إضاءة، بتصميم عصري يناسب الصالات وغرف المعيشة والاستقبال. الرمز الداخلي للمنتج: GH-207-80*26.
إضاءة - GH-207,GH-207-100*30,,,قطعة,قطعة,,,825,4,إضاءة، بتصميم عصري يناسب الصالات وغرف المعيشة والاستقبال. الرمز الداخلي للمنتج: GH-207-100*30.
إضاءة - GH-208,GH-208-60*20,,,قطعة,قطعة,,,550,4,إضاءة، بتصميم عصري يناسب الصالات وغرف المعيشة والاستقبال. الرمز الداخلي للمنتج: GH-208-60*20.
إضاءة - GH-208,GH-208-80*26,,,قطعة,قطعة,,,650,4,إضاءة، بتصميم عصري يناسب الصالات وغرف المعيشة والاستقبال. الرمز الداخلي للمنتج: GH-208-80*26.
إضاءة - GH-208,GH-208-100*33,,,قطعة,قطعة,,,825,4,إضاءة، بتصميم عصري يناسب الصالات وغرف المعيشة والاستقبال. الرمز الداخلي للمنتج: GH-208-100*33.
إضاءة - GH-215,GH-215-100*66,,,قطعة,قطعة,,,1100,4,إضاءة، بتصميم عصري يناسب الصالات وغرف المعيشة والاستقبال. الرمز الداخلي للمنتج: GH-215-100*66.
إضاءة - GS-W981,GS-W981-550,,,قطعة,قطعة,,,1285,4,إضاءة، بتصميم عصري يناسب الصالات وغرف المعيشة والاستقبال. الرمز الداخلي للمنتج: GS-W981-550.
إضاءة - GS-W9805,GS-W9805-550,,,قطعة,قطعة,,,1285,4,إضاءة، بتصميم عصري يناسب الصالات وغرف المعيشة والاستقبال. الرمز الداخلي للمنتج: GS-W9805-550.
إضاءة - GS-W9807,GS-W9807-550,,,قطعة,قطعة,,,1285,4,إضاءة، بتصميم عصري يناسب الصالات وغرف المعيشة والاستقبال. الرمز الداخلي للمنتج: GS-W9807-550.
إضاءة - GS-W9808,GS-W9808-550,,,قطعة,قطعة,,,1285,4,إضاءة، بتصميم عصري يناسب الصالات وغرف المعيشة والاستقبال. الرمز الداخلي للمنتج: GS-W9808-550.
إضاءة - GS-W9809,GS-W9809-550,,,قطعة,قطعة,,,1285,4,إضاءة، بتصميم عصري يناسب الصالات وغرف المعيشة والاستقبال. الرمز الداخلي للمنتج: GS-W9809-550.
إضاءة - GS-W98010,GS-W98010-550,,,قطعة,قطعة,,,1285,4,إضاءة، بتصميم عصري يناسب الصالات وغرف المعيشة والاستقبال. الرمز الداخلي للمنتج: GS-W98010-550.
إضاءة ذهبي - GS-YG531,GS-YG531-GD,,,قطعة,قطعة,ذهبي,,950,4,إضاءة بلون ذهبي، بتصميم عصري يناسب الصالات وغرف المعيشة والاستقبال. الرمز الداخلي للمنتج: GS-YG531-GD.
إضاءة - GS-YG531,GS-YG531-CF,,,قطعة,قطعة,,,850,4,إضاءة، بتصميم عصري يناسب الصالات وغرف المعيشة والاستقبال. الرمز الداخلي للمنتج: GS-YG531-CF.
إضاءة رمادي/فضي - GS-YG531,GS-YG531-GR,,,قطعة,قطعة,رمادي/فضي,,850,4,إضاءة بلون رمادي/فضي، بتصميم عصري يناسب الصالات وغرف المعيشة والاستقبال. الرمز الداخلي للمنتج: GS-YG531-GR.
إضاءة ذهبي - GS-YG532,GS-YG532-GD,,,قطعة,قطعة,ذهبي,,975,4,إضاءة بلون ذهبي، بتصميم عصري يناسب الصالات وغرف المعيشة والاستقبال. الرمز الداخلي للمنتج: GS-YG532-GD.
إضاءة - GS-YG532,GS-YG532-CF,,,قطعة,قطعة,,,875,4,إضاءة، بتصميم عصري يناسب الصالات وغرف المعيشة والاستقبال. الرمز الداخلي للمنتج: GS-YG532-CF.
إضاءة رمادي/فضي - GS-YG532,GS-YG532-GR,,,قطعة,قطعة,رمادي/فضي,,875,4,إضاءة بلون رمادي/فضي، بتصميم عصري يناسب الصالات وغرف المعيشة والاستقبال. الرمز الداخلي للمنتج: GS-YG532-GR.
إضاءة رمادي/فضي - GS-YG534,GS-YG534-GR,,,قطعة,قطعة,رمادي/فضي,,1100,4,إضاءة بلون رمادي/فضي، بتصميم عصري يناسب الصالات وغرف المعيشة والاستقبال. الرمز الداخلي للمنتج: GS-YG534-GR.
إضاءة - GS-YG534,GS-YG534-CF,,,قطعة,قطعة,,,1100,4,إضاءة، بتصميم عصري يناسب الصالات وغرف المعيشة والاستقبال. الرمز الداخلي للمنتج: GS-YG534-CF.
إضاءة ذهبي - GS-YG534,GS-YG534-GD,,,قطعة,قطعة,ذهبي,,1200,4,إضاءة بلون ذهبي، بتصميم عصري يناسب الصالات وغرف المعيشة والاستقبال. الرمز الداخلي للمنتج: GS-YG534-GD.
إضاءة رمادي/فضي - GS-YG537,GS-YG537-GR,,,قطعة,قطعة,رمادي/فضي,,950,4,إضاءة بلون رمادي/فضي، بتصميم عصري يناسب الصالات وغرف المعيشة والاستقبال. الرمز الداخلي للمنتج: GS-YG537-GR.
إضاءة - GS-YG537,GS-YG537-CF,,,قطعة,قطعة,,,950,4,إضاءة، بتصميم عصري يناسب الصالات وغرف المعيشة والاستقبال. الرمز الداخلي للمنتج: GS-YG537-CF.
إضاءة رمادي/فضي - GS-YG538,GS-YG538-GR,,,قطعة,قطعة,رمادي/فضي,,1150,4,إضاءة بلون رمادي/فضي، بتصميم عصري يناسب الصالات وغرف المعيشة والاستقبال. الرمز الداخلي للمنتج: GS-YG538-GR.
إضاءة - GS-YG538,GS-YG538-CF,,,قطعة,قطعة,,,1150,4,إضاءة، بتصميم عصري يناسب الصالات وغرف المعيشة والاستقبال. الرمز الداخلي للمنتج: GS-YG538-CF.
إضاءة رمادي/فضي - GS-YG539,GS-YG539-GR,,,قطعة,قطعة,رمادي/فضي,,950,4,إضاءة بلون رمادي/فضي، بتصميم عصري يناسب الصالات وغرف المعيشة والاستقبال. الرمز الداخلي للمنتج: GS-YG539-GR.
إضاءة ذهبي - GS-YG539,GS-YG539-FGD,,,قطعة,قطعة,ذهبي,,1050,4,إضاءة بلون ذهبي، بتصميم عصري يناسب الصالات وغرف المعيشة والاستقبال. الرمز الداخلي للمنتج: GS-YG539-FGD.
إضاءة - GS-YG539,GS-YG539-CF,,,قطعة,قطعة,,,950,4,إضاءة، بتصميم عصري يناسب الصالات وغرف المعيشة والاستقبال. الرمز الداخلي للمنتج: GS-YG539-CF.
إضاءة ذهبي - GS-YG540,GS-YG540-GD,,,قطعة,قطعة,ذهبي,,1350,4,إضاءة بلون ذهبي، بتصميم عصري يناسب الصالات وغرف المعيشة والاستقبال. الرمز الداخلي للمنتج: GS-YG540-GD.
إضاءة - GS-YG540,GS-YG540-CF,,,قطعة,قطعة,,,1100,4,إضاءة، بتصميم عصري يناسب الصالات وغرف المعيشة والاستقبال. الرمز الداخلي للمنتج: GS-YG540-CF.
إضاءة - GS-YG541,GS-YG541-CF,,,قطعة,قطعة,,,1150,4,إضاءة، بتصميم عصري يناسب الصالات وغرف المعيشة والاستقبال. الرمز الداخلي للمنتج: GS-YG541-CF.
إضاءة ذهبي - GSK 2002,GSK 2002-FGD,,,قطعة,قطعة,ذهبي,,775,4,إضاءة بلون ذهبي، بتصميم عصري يناسب الصالات وغرف المعيشة والاستقبال. الرمز الداخلي للمنتج: GSK 2002-FGD.
إضاءة ذهبي - GSK 2005,GSK 2005-GD,,,قطعة,قطعة,ذهبي,,1575,4,إضاءة بلون ذهبي، بتصميم عصري يناسب الصالات وغرف المعيشة والاستقبال. الرمز الداخلي للمنتج: GSK 2005-GD.
إضاءة ذهبي - GSK 2005,GSK 2005-FGD,,,قطعة,قطعة,ذهبي,,1575,4,إضاءة بلون ذهبي، بتصميم عصري يناسب الصالات وغرف المعيشة والاستقبال. الرمز الداخلي للمنتج: GSK 2005-FGD.
إضاءة ذهبي - GSK 2007,GSK 2007-FGD,,,قطعة,قطعة,ذهبي,,1275,4,إضاءة بلون ذهبي، بتصميم عصري يناسب الصالات وغرف المعيشة والاستقبال. الرمز الداخلي للمنتج: GSK 2007-FGD.
إضاءة ذهبي - GSK 2007,GSK 2007-GD,,,قطعة,قطعة,ذهبي,,1275,4,إضاءة بلون ذهبي، بتصميم عصري يناسب الصالات وغرف المعيشة والاستقبال. الرمز الداخلي للمنتج: GSK 2007-GD.
إضاءة ذهبي - GSK 2011,GSK 2011-FGD,,,قطعة,قطعة,ذهبي,,1100,4,إضاءة بلون ذهبي، بتصميم عصري يناسب الصالات وغرف المعيشة والاستقبال. الرمز الداخلي للمنتج: GSK 2011-FGD.
إضاءة ذهبي - GSK 2012,GSK 2012-FGD,,,قطعة,قطعة,ذهبي,,750,4,إضاءة بلون ذهبي، بتصميم عصري يناسب الصالات وغرف المعيشة والاستقبال. الرمز الداخلي للمنتج: GSK 2012-FGD.
إضاءة ذهبي - GSK 2014,GSK 2014-FGD,,,قطعة,قطعة,ذهبي,,850,4,إضاءة بلون ذهبي، بتصميم عصري يناسب الصالات وغرف المعيشة والاستقبال. الرمز الداخلي للمنتج: GSK 2014-FGD.
إضاءة ذهبي - GSK 2015,GSK 2015-FGD,,,قطعة,قطعة,ذهبي,,750,4,إضاءة بلون ذهبي، بتصميم عصري يناسب الصالات وغرف المعيشة والاستقبال. الرمز الداخلي للمنتج: GSK 2015-FGD.
إضاءة ذهبي - GSK 2016,GSK 2016-FGD,,,قطعة,قطعة,ذهبي,,850,4,إضاءة بلون ذهبي، بتصميم عصري يناسب الصالات وغرف المعيشة والاستقبال. الرمز الداخلي للمنتج: GSK 2016-FGD.
إضاءة ذهبي - GSU-501-3,GSU-501-3-GD-APP,,,قطعة,قطعة,ذهبي,,1225,4,إضاءة بلون ذهبي، بتصميم عصري يناسب الصالات وغرف المعيشة والاستقبال، يدعم التحكم عن بُعد باستخدام الريموت، كما يدعم التحكم عبر تطبيق الهاتف المحمول لمزيد من سهولة الاستخدام. الرمز الداخلي للمنتج: GSU-501-3-GD-APP.
إضاءة ذهبي - GSU-502-2,GSU-502-2-GD-APP,,,قطعة,قطعة,ذهبي,,1300,4,إضاءة بلون ذهبي، بتصميم عصري يناسب الصالات وغرف المعيشة والاستقبال، يدعم التحكم عن بُعد باستخدام الريموت، كما يدعم التحكم عبر تطبيق الهاتف المحمول لمزيد من سهولة الاستخدام. الرمز الداخلي للمنتج: GSU-502-2-GD-APP.
إضاءة ذهبي - GSU-504-3,GSU-504-3-GD-APP,,,قطعة,قطعة,ذهبي,,1680,4,إضاءة بلون ذهبي، بتصميم عصري يناسب الصالات وغرف المعيشة والاستقبال، يدعم التحكم عن بُعد باستخدام الريموت، كما يدعم التحكم عبر تطبيق الهاتف المحمول لمزيد من سهولة الاستخدام. الرمز الداخلي للمنتج: GSU-504-3-GD-APP.
إضاءة ذهبي - GSU-506-3,GSU-506-3-GD-APP,,,قطعة,قطعة,ذهبي,,1000,4,إضاءة بلون ذهبي، بتصميم عصري يناسب الصالات وغرف المعيشة والاستقبال، يدعم التحكم عن بُعد باستخدام الريموت، كما يدعم التحكم عبر تطبيق الهاتف المحمول لمزيد من سهولة الاستخدام. الرمز الداخلي للمنتج: GSU-506-3-GD-APP.
إضاءة ذهبي - GSU-507-3,GSU-507-3-GD-APP,,,قطعة,قطعة,ذهبي,,1475,4,إضاءة بلون ذهبي، بتصميم عصري يناسب الصالات وغرف المعيشة والاستقبال، يدعم التحكم عن بُعد باستخدام الريموت، كما يدعم التحكم عبر تطبيق الهاتف المحمول لمزيد من سهولة الاستخدام. الرمز الداخلي للمنتج: GSU-507-3-GD-APP.
إضاءة ذهبي - GSU-508-2,GSU-508-2-GD-APP,,,قطعة,قطعة,ذهبي,,1210,4,إضاءة بلون ذهبي، بتصميم عصري يناسب الصالات وغرف المعيشة والاستقبال، يدعم التحكم عن بُعد باستخدام الريموت، كما يدعم التحكم عبر تطبيق الهاتف المحمول لمزيد من سهولة الاستخدام. الرمز الداخلي للمنتج: GSU-508-2-GD-APP.
إضاءة ذهبي - GSU-509-3,GSU-509-3-GD-APP,,,قطعة,قطعة,ذهبي,,1100,4,إضاءة بلون ذهبي، بتصميم عصري يناسب الصالات وغرف المعيشة والاستقبال، يدعم التحكم عن بُعد باستخدام الريموت، كما يدعم التحكم عبر تطبيق الهاتف المحمول لمزيد من سهولة الاستخدام. الرمز الداخلي للمنتج: GSU-509-3-GD-APP.
إضاءة ذهبي - GSU-510-3,GSU-510-3-GD-APP,,,قطعة,قطعة,ذهبي,,1405,4,إضاءة بلون ذهبي، بتصميم عصري يناسب الصالات وغرف المعيشة والاستقبال، يدعم التحكم عن بُعد باستخدام الريموت، كما يدعم التحكم عبر تطبيق الهاتف المحمول لمزيد من سهولة الاستخدام. الرمز الداخلي للمنتج: GSU-510-3-GD-APP.
إضاءة ذهبي - GSU-511-3,GSU-511-3-GD-APP,,,قطعة,قطعة,ذهبي,,1595,4,إضاءة بلون ذهبي، بتصميم عصري يناسب الصالات وغرف المعيشة والاستقبال، يدعم التحكم عن بُعد باستخدام الريموت، كما يدعم التحكم عبر تطبيق الهاتف المحمول لمزيد من سهولة الاستخدام. الرمز الداخلي للمنتج: GSU-511-3-GD-APP.
إضاءة ذهبي - GSU-512-3,GSU-512-3-GD-APP,,,قطعة,قطعة,ذهبي,,1825,4,إضاءة بلون ذهبي، بتصميم عصري يناسب الصالات وغرف المعيشة والاستقبال، يدعم التحكم عن بُعد باستخدام الريموت، كما يدعم التحكم عبر تطبيق الهاتف المحمول لمزيد من سهولة الاستخدام. الرمز الداخلي للمنتج: GSU-512-3-GD-APP.
إضاءة ذهبي - GSU-513-4,GSU-513-4-GD-APP,,,قطعة,قطعة,ذهبي,,1475,4,إضاءة بلون ذهبي، بتصميم عصري يناسب الصالات وغرف المعيشة والاستقبال، يدعم التحكم عن بُعد باستخدام الريموت، كما يدعم التحكم عبر تطبيق الهاتف المحمول لمزيد من سهولة الاستخدام. الرمز الداخلي للمنتج: GSU-513-4-GD-APP.
إضاءة ذهبي - GSU-530-3,GSU-530-3-GD-APP,,,قطعة,قطعة,ذهبي,,1575,4,إضاءة بلون ذهبي، بتصميم عصري يناسب الصالات وغرف المعيشة والاستقبال، يدعم التحكم عن بُعد باستخدام الريموت، كما يدعم التحكم عبر تطبيق الهاتف المحمول لمزيد من سهولة الاستخدام. الرمز الداخلي للمنتج: GSU-530-3-GD-APP.
إضاءة ذهبي - GSU-531-3,GSU-531-3-GD-APP,,,قطعة,قطعة,ذهبي,,1250,4,إضاءة بلون ذهبي، بتصميم عصري يناسب الصالات وغرف المعيشة والاستقبال، يدعم التحكم عن بُعد باستخدام الريموت، كما يدعم التحكم عبر تطبيق الهاتف المحمول لمزيد من سهولة الاستخدام. الرمز الداخلي للمنتج: GSU-531-3-GD-APP.
إضاءة ذهبي - GSU-532-3,GSU-532-3-GD-APP,,,قطعة,قطعة,ذهبي,,1475,4,إضاءة بلون ذهبي، بتصميم عصري يناسب الصالات وغرف المعيشة والاستقبال، يدعم التحكم عن بُعد باستخدام الريموت، كما يدعم التحكم عبر تطبيق الهاتف المحمول لمزيد من سهولة الاستخدام. الرمز الداخلي للمنتج: GSU-532-3-GD-APP.
إضاءة ذهبي - GSU-533-2,GSU-533-2-GD-APP,,,قطعة,قطعة,ذهبي,,1200,4,إضاءة بلون ذهبي، بتصميم عصري يناسب الصالات وغرف المعيشة والاستقبال، يدعم التحكم عن بُعد باستخدام الريموت، كما يدعم التحكم عبر تطبيق الهاتف المحمول لمزيد من سهولة الاستخدام. الرمز الداخلي للمنتج: GSU-533-2-GD-APP.
إضاءة ذهبي - GSU-534-3,GSU-534-3-GD-APP,,,قطعة,قطعة,ذهبي,,1210,4,إضاءة بلون ذهبي، بتصميم عصري يناسب الصالات وغرف المعيشة والاستقبال، يدعم التحكم عن بُعد باستخدام الريموت، كما يدعم التحكم عبر تطبيق الهاتف المحمول لمزيد من سهولة الاستخدام. الرمز الداخلي للمنتج: GSU-534-3-GD-APP.
إضاءة ذهبي - GSU-535-3,GSU-535-3-GD-APP,,,قطعة,قطعة,ذهبي,,1375,4,إضاءة بلون ذهبي، بتصميم عصري يناسب الصالات وغرف المعيشة والاستقبال، يدعم التحكم عن بُعد باستخدام الريموت، كما يدعم التحكم عبر تطبيق الهاتف المحمول لمزيد من سهولة الاستخدام. الرمز الداخلي للمنتج: GSU-535-3-GD-APP.
إضاءة ذهبي - GSU-538-3,GSU-538-3-GD-APP,,,قطعة,قطعة,ذهبي,,1375,4,إضاءة بلون ذهبي، بتصميم عصري يناسب الصالات وغرف المعيشة والاستقبال، يدعم التحكم عن بُعد باستخدام الريموت، كما يدعم التحكم عبر تطبيق الهاتف المحمول لمزيد من سهولة الاستخدام. الرمز الداخلي للمنتج: GSU-538-3-GD-APP.
إضاءة - GY-342,GY-342-CF,,,قطعة,قطعة,,,1075,4,إضاءة، بتصميم عصري يناسب الصالات وغرف المعيشة والاستقبال. الرمز الداخلي للمنتج: GY-342-CF.
إضاءة - H-019,H-019-120*40,,,قطعة,قطعة,,,1100,4,إضاءة، بتصميم عصري يناسب الصالات وغرف المعيشة والاستقبال. الرمز الداخلي للمنتج: H-019-120*40.
إضاءة - H-019,H-019-150*50,,,قطعة,قطعة,,,1725,4,إضاءة، بتصميم عصري يناسب الصالات وغرف المعيشة والاستقبال. الرمز الداخلي للمنتج: H-019-150*50.
إضاءة - H-028,H-028-120*40,,,قطعة,قطعة,,,1100,4,إضاءة، بتصميم عصري يناسب الصالات وغرف المعيشة والاستقبال. الرمز الداخلي للمنتج: H-028-120*40.
إضاءة - H-028,H-028-150*50,,,قطعة,قطعة,,,1725,4,إضاءة، بتصميم عصري يناسب الصالات وغرف المعيشة والاستقبال. الرمز الداخلي للمنتج: H-028-150*50.
إضاءة ذهبي - H-52001,H-52001-500-FGD,,,قطعة,قطعة,ذهبي,,950,4,إضاءة بلون ذهبي، بتصميم عصري يناسب الصالات وغرف المعيشة والاستقبال. الرمز الداخلي للمنتج: H-52001-500-FGD.
إضاءة - H-52001,H-52001-500-CG,,,قطعة,قطعة,,,950,4,إضاءة، بتصميم عصري يناسب الصالات وغرف المعيشة والاستقبال. الرمز الداخلي للمنتج: H-52001-500-CG.
إضاءة ذهبي - JC 1215,JC 1215-GD,,,قطعة,قطعة,ذهبي,,300,4,إضاءة بلون ذهبي، بتصميم عصري يناسب الصالات وغرف المعيشة والاستقبال. الرمز الداخلي للمنتج: JC 1215-GD.
إضاءة ذهبي - JC 1216,JC 1216-GD,,,قطعة,قطعة,ذهبي,,300,4,إضاءة بلون ذهبي، بتصميم عصري يناسب الصالات وغرف المعيشة والاستقبال. الرمز الداخلي للمنتج: JC 1216-GD.
إضاءة ذهبي - JC 1217,JC 1217-GD,,,قطعة,قطعة,ذهبي,,300,4,إضاءة بلون ذهبي، بتصميم عصري يناسب الصالات وغرف المعيشة والاستقبال. الرمز الداخلي للمنتج: JC 1217-GD.
إضاءة ذهبي - JC 1226,JC 1226-GD,,,قطعة,قطعة,ذهبي,,300,4,إضاءة بلون ذهبي، بتصميم عصري يناسب الصالات وغرف المعيشة والاستقبال. الرمز الداخلي للمنتج: JC 1226-GD.
إضاءة ذهبي - JC 1227,JC 1227-GD,,,قطعة,قطعة,ذهبي,,300,4,إضاءة بلون ذهبي، بتصميم عصري يناسب الصالات وغرف المعيشة والاستقبال. الرمز الداخلي للمنتج: JC 1227-GD.
إضاءة ذهبي - JC 1228,JC 1228-GD,,,قطعة,قطعة,ذهبي,,300,4,إضاءة بلون ذهبي، بتصميم عصري يناسب الصالات وغرف المعيشة والاستقبال. الرمز الداخلي للمنتج: JC 1228-GD.
إضاءة ذهبي - JC 1229,JC 1229-GD,,,قطعة,قطعة,ذهبي,,325,4,إضاءة بلون ذهبي، بتصميم عصري يناسب الصالات وغرف المعيشة والاستقبال. الرمز الداخلي للمنتج: JC 1229-GD.
إضاءة أسود - JC 1235,JC 1235-BK,,,قطعة,قطعة,أسود,,475,4,إضاءة بلون أسود، بتصميم عصري يناسب الصالات وغرف المعيشة والاستقبال. الرمز الداخلي للمنتج: JC 1235-BK.
إضاءة أسود - JC 1236,JC 1236-BK,,,قطعة,قطعة,أسود,,400,4,إضاءة بلون أسود، بتصميم عصري يناسب الصالات وغرف المعيشة والاستقبال. الرمز الداخلي للمنتج: JC 1236-BK.
إضاءة أسود - JC 1237,JC 1237-BK,,,قطعة,قطعة,أسود,,425,4,إضاءة بلون أسود، بتصميم عصري يناسب الصالات وغرف المعيشة والاستقبال. الرمز الداخلي للمنتج: JC 1237-BK.
إضاءة ذهبي - JC 1238,JC 1238-FGD,,,قطعة,قطعة,ذهبي,,650,4,إضاءة بلون ذهبي، بتصميم عصري يناسب الصالات وغرف المعيشة والاستقبال. الرمز الداخلي للمنتج: JC 1238-FGD.
إضاءة ذهبي - JC 1239,JC 1239-GD,,,قطعة,قطعة,ذهبي,,650,4,إضاءة بلون ذهبي، بتصميم عصري يناسب الصالات وغرف المعيشة والاستقبال. الرمز الداخلي للمنتج: JC 1239-GD.
إضاءة ذهبي - JC 1240,JC 1240-GD,,,قطعة,قطعة,ذهبي,,650,4,إضاءة بلون ذهبي، بتصميم عصري يناسب الصالات وغرف المعيشة والاستقبال. الرمز الداخلي للمنتج: JC 1240-GD.
إضاءة ذهبي - JC 1243,JC 1243-GD,,,قطعة,قطعة,ذهبي,,575,4,إضاءة بلون ذهبي، بتصميم عصري يناسب الصالات وغرف المعيشة والاستقبال. الرمز الداخلي للمنتج: JC 1243-GD.
إضاءة ذهبي - JC 1244,JC 1244-GD,,,قطعة,قطعة,ذهبي,,575,4,إضاءة بلون ذهبي، بتصميم عصري يناسب الصالات وغرف المعيشة والاستقبال. الرمز الداخلي للمنتج: JC 1244-GD.
إضاءة ذهبي - JC 1246,JC 1246-GD,,,قطعة,قطعة,ذهبي,,775,4,إضاءة بلون ذهبي، بتصميم عصري يناسب الصالات وغرف المعيشة والاستقبال. الرمز الداخلي للمنتج: JC 1246-GD.
إضاءة ذهبي - JC 1247,JC 1247-GD,,,قطعة,قطعة,ذهبي,,525,4,إضاءة بلون ذهبي، بتصميم عصري يناسب الصالات وغرف المعيشة والاستقبال. الرمز الداخلي للمنتج: JC 1247-GD.
إضاءة ذهبي - JC 1247,JC 1247-FGD,,,قطعة,قطعة,ذهبي,,525,4,إضاءة بلون ذهبي، بتصميم عصري يناسب الصالات وغرف المعيشة والاستقبال. الرمز الداخلي للمنتج: JC 1247-FGD.
إضاءة ذهبي - JC 1248,JC 1248-GD,,,قطعة,قطعة,ذهبي,,425,4,إضاءة بلون ذهبي، بتصميم عصري يناسب الصالات وغرف المعيشة والاستقبال. الرمز الداخلي للمنتج: JC 1248-GD.
إضاءة ذهبي - JC 1251,JC 1251-GD,,,قطعة,قطعة,ذهبي,,650,4,إضاءة بلون ذهبي، بتصميم عصري يناسب الصالات وغرف المعيشة والاستقبال. الرمز الداخلي للمنتج: JC 1251-GD.
إضاءة ذهبي - JC 1252,JC 1252-GD,,,قطعة,قطعة,ذهبي,,900,4,إضاءة بلون ذهبي، بتصميم عصري يناسب الصالات وغرف المعيشة والاستقبال. الرمز الداخلي للمنتج: JC 1252-GD.
إضاءة ذهبي - JC 1253,JC 1253-GD,,,قطعة,قطعة,ذهبي,,1375,4,إضاءة بلون ذهبي، بتصميم عصري يناسب الصالات وغرف المعيشة والاستقبال. الرمز الداخلي للمنتج: JC 1253-GD.
إضاءة ذهبي - JC 1254,JC 1254-GD,,,قطعة,قطعة,ذهبي,,1485,4,إضاءة بلون ذهبي، بتصميم عصري يناسب الصالات وغرف المعيشة والاستقبال. الرمز الداخلي للمنتج: JC 1254-GD.
إضاءة ذهبي - JC 1274,JC 1274-GD,,,قطعة,قطعة,ذهبي,,825,4,إضاءة بلون ذهبي، بتصميم عصري يناسب الصالات وغرف المعيشة والاستقبال. الرمز الداخلي للمنتج: JC 1274-GD.
إضاءة ذهبي - JC 1280,JC 1280-GD,,,قطعة,قطعة,ذهبي,,575,4,إضاءة بلون ذهبي، بتصميم عصري يناسب الصالات وغرف المعيشة والاستقبال. الرمز الداخلي للمنتج: JC 1280-GD.
إضاءة ذهبي - JC 1287,JC 1287-GD,,,قطعة,قطعة,ذهبي,,1275,4,إضاءة بلون ذهبي، بتصميم عصري يناسب الصالات وغرف المعيشة والاستقبال. الرمز الداخلي للمنتج: JC 1287-GD.
إضاءة أبيض - JC 1289,JC 1289-WH,,,قطعة,قطعة,أبيض,,750,4,إضاءة بلون أبيض، بتصميم عصري يناسب الصالات وغرف المعيشة والاستقبال. الرمز الداخلي للمنتج: JC 1289-WH.
إضاءة ذهبي - JC 1290,JC 1290-GD,,,قطعة,قطعة,ذهبي,,775,4,إضاءة بلون ذهبي، بتصميم عصري يناسب الصالات وغرف المعيشة والاستقبال. الرمز الداخلي للمنتج: JC 1290-GD.
إضاءة ذهبي - JC 1296,JC 1296-GD,,,قطعة,قطعة,ذهبي,,875,4,إضاءة بلون ذهبي، بتصميم عصري يناسب الصالات وغرف المعيشة والاستقبال. الرمز الداخلي للمنتج: JC 1296-GD.
إضاءة ذهبي - JC 1297,JC 1297-GD,,,قطعة,قطعة,ذهبي,,1000,4,إضاءة بلون ذهبي، بتصميم عصري يناسب الصالات وغرف المعيشة والاستقبال. الرمز الداخلي للمنتج: JC 1297-GD.
إضاءة ذهبي - JC 1300,JC 1300-GD,,,قطعة,قطعة,ذهبي,,1350,4,إضاءة بلون ذهبي، بتصميم عصري يناسب الصالات وغرف المعيشة والاستقبال. الرمز الداخلي للمنتج: JC 1300-GD.
إضاءة ذهبي - JC 1302,JC 1302-GD,,,قطعة,قطعة,ذهبي,,975,4,إضاءة بلون ذهبي، بتصميم عصري يناسب الصالات وغرف المعيشة والاستقبال. الرمز الداخلي للمنتج: JC 1302-GD.
إضاءة - JC 1307,JC 1307-CF,,,قطعة,قطعة,,,935,4,إضاءة، بتصميم عصري يناسب الصالات وغرف المعيشة والاستقبال. الرمز الداخلي للمنتج: JC 1307-CF.
إضاءة ذهبي - JC 1309,JC 1309-GD,,,قطعة,قطعة,ذهبي,,1150,4,إضاءة بلون ذهبي، بتصميم عصري يناسب الصالات وغرف المعيشة والاستقبال. الرمز الداخلي للمنتج: JC 1309-GD.
إضاءة ذهبي - JC 1315,JC 1315-500GD,,,قطعة,قطعة,ذهبي,,1050,4,إضاءة بلون ذهبي، بتصميم عصري يناسب الصالات وغرف المعيشة والاستقبال. الرمز الداخلي للمنتج: JC 1315-500GD.
إضاءة ذهبي - JC 1320,JC 1320-GD,,,قطعة,قطعة,ذهبي,,950,4,إضاءة بلون ذهبي، بتصميم عصري يناسب الصالات وغرف المعيشة والاستقبال. الرمز الداخلي للمنتج: JC 1320-GD.
إضاءة ذهبي - JC 1321,JC 1321-FGD,,,قطعة,قطعة,ذهبي,,950,4,إضاءة بلون ذهبي، بتصميم عصري يناسب الصالات وغرف المعيشة والاستقبال. الرمز الداخلي للمنتج: JC 1321-FGD.
إضاءة ذهبي - JC 1322,JC 1322-GD,,,قطعة,قطعة,ذهبي,,875,4,إضاءة بلون ذهبي، بتصميم عصري يناسب الصالات وغرف المعيشة والاستقبال. الرمز الداخلي للمنتج: JC 1322-GD.
إضاءة ذهبي - JC 1323,JC 1323-GD,,,قطعة,قطعة,ذهبي,,950,4,إضاءة بلون ذهبي، بتصميم عصري يناسب الصالات وغرف المعيشة والاستقبال. الرمز الداخلي للمنتج: JC 1323-GD.
إضاءة ذهبي - JC 1324,JC 1324-GD,,,قطعة,قطعة,ذهبي,,950,4,إضاءة بلون ذهبي، بتصميم عصري يناسب الصالات وغرف المعيشة والاستقبال. الرمز الداخلي للمنتج: JC 1324-GD.
إضاءة ذهبي - JC 1325,JC 1325-GD,,,قطعة,قطعة,ذهبي,,1250,4,إضاءة بلون ذهبي، بتصميم عصري يناسب الصالات وغرف المعيشة والاستقبال. الرمز الداخلي للمنتج: JC 1325-GD.
إضاءة ذهبي - JC 1326,JC 1326-GD,,,قطعة,قطعة,ذهبي,,1250,4,إضاءة بلون ذهبي، بتصميم عصري يناسب الصالات وغرف المعيشة والاستقبال. الرمز الداخلي للمنتج: JC 1326-GD.
إضاءة ذهبي - JC 1327,JC 1327-700GD,,,قطعة,قطعة,ذهبي,,6200,4,إضاءة بلون ذهبي، بتصميم عصري يناسب الصالات وغرف المعيشة والاستقبال. الرمز الداخلي للمنتج: JC 1327-700GD.
إضاءة ذهبي - JC 1327,JC 1327-500-GD,,,قطعة,قطعة,ذهبي,,5800,4,إضاءة بلون ذهبي، بتصميم عصري يناسب الصالات وغرف المعيشة والاستقبال. الرمز الداخلي للمنتج: JC 1327-500-GD.
إضاءة ذهبي - JC 1330,JC 1330-500-GD,,,قطعة,قطعة,ذهبي,,5750,4,إضاءة بلون ذهبي، بتصميم عصري يناسب الصالات وغرف المعيشة والاستقبال. الرمز الداخلي للمنتج: JC 1330-500-GD.
إضاءة ذهبي - JC 1330,JC 1330-700-GD,,,قطعة,قطعة,ذهبي,,6200,4,إضاءة بلون ذهبي، بتصميم عصري يناسب الصالات وغرف المعيشة والاستقبال. الرمز الداخلي للمنتج: JC 1330-700-GD.
إضاءة ذهبي - JC 1331,JC 1331-500-GD,,,قطعة,قطعة,ذهبي,,6500,4,إضاءة بلون ذهبي، بتصميم عصري يناسب الصالات وغرف المعيشة والاستقبال. الرمز الداخلي للمنتج: JC 1331-500-GD.
إضاءة ذهبي - JC 1331,JC 1331-700-GD,,,قطعة,قطعة,ذهبي,,7500,4,إضاءة بلون ذهبي، بتصميم عصري يناسب الصالات وغرف المعيشة والاستقبال. الرمز الداخلي للمنتج: JC 1331-700-GD.
إضاءة أسود - JC 1332,JC 1332-500-BK,,,قطعة,قطعة,أسود,,6500,4,إضاءة بلون أسود، بتصميم عصري يناسب الصالات وغرف المعيشة والاستقبال. الرمز الداخلي للمنتج: JC 1332-500-BK.
إضاءة أسود - JC 1332,JC 1332-700-BK,,,قطعة,قطعة,أسود,,7200,4,إضاءة بلون أسود، بتصميم عصري يناسب الصالات وغرف المعيشة والاستقبال. الرمز الداخلي للمنتج: JC 1332-700-BK.
إضاءة ذهبي - JC 1332,JC 1332-700-GD,,,قطعة,قطعة,ذهبي,,7200,4,إضاءة بلون ذهبي، بتصميم عصري يناسب الصالات وغرف المعيشة والاستقبال. الرمز الداخلي للمنتج: JC 1332-700-GD.
إضاءة ذهبي - JC 1333,JC 1333-500-GD,,,قطعة,قطعة,ذهبي,,5500,4,إضاءة بلون ذهبي، بتصميم عصري يناسب الصالات وغرف المعيشة والاستقبال. الرمز الداخلي للمنتج: JC 1333-500-GD.
إضاءة ذهبي - JC 1333,JC 1333-700-GD,,,قطعة,قطعة,ذهبي,,6500,4,إضاءة بلون ذهبي، بتصميم عصري يناسب الصالات وغرف المعيشة والاستقبال. الرمز الداخلي للمنتج: JC 1333-700-GD.
إضاءة ذهبي - JC 1339,JC 1339-GD,,,قطعة,قطعة,ذهبي,,875,4,إضاءة بلون ذهبي، بتصميم عصري يناسب الصالات وغرف المعيشة والاستقبال. الرمز الداخلي للمنتج: JC 1339-GD.
إضاءة ذهبي - JC 1341,JC 1341-FGD,,,قطعة,قطعة,ذهبي,,1450,4,إضاءة بلون ذهبي، بتصميم عصري يناسب الصالات وغرف المعيشة والاستقبال. الرمز الداخلي للمنتج: JC 1341-FGD.
إضاءة أسود وذهبي - JC 1341,JC 1341-BK+GD,,,قطعة,قطعة,أسود وذهبي,,1450,4,إضاءة بلون أسود وذهبي، بتصميم عصري يناسب الصالات وغرف المعيشة والاستقبال. الرمز الداخلي للمنتج: JC 1341-BK+GD.
إضاءة أبيض - JC 1343,JC 1343-WH,,,قطعة,قطعة,أبيض,,1250,4,إضاءة بلون أبيض، بتصميم عصري يناسب الصالات وغرف المعيشة والاستقبال. الرمز الداخلي للمنتج: JC 1343-WH.
إضاءة ذهبي - JC 1344,JC 1344-GD,,,قطعة,قطعة,ذهبي,,1250,4,إضاءة بلون ذهبي، بتصميم عصري يناسب الصالات وغرف المعيشة والاستقبال. الرمز الداخلي للمنتج: JC 1344-GD.
إضاءة ذهبي - JC 1345,JC 1345-GD,,,قطعة,قطعة,ذهبي,,1350,4,إضاءة بلون ذهبي، بتصميم عصري يناسب الصالات وغرف المعيشة والاستقبال. الرمز الداخلي للمنتج: JC 1345-GD.
إضاءة ذهبي - JC 1346,JC 1346-GD,,,قطعة,قطعة,ذهبي,,1250,4,إضاءة بلون ذهبي، بتصميم عصري يناسب الصالات وغرف المعيشة والاستقبال. الرمز الداخلي للمنتج: JC 1346-GD.
إضاءة ذهبي - JC 1349,JC 1349-FGD,,,قطعة,قطعة,ذهبي,,1400,4,إضاءة بلون ذهبي، بتصميم عصري يناسب الصالات وغرف المعيشة والاستقبال. الرمز الداخلي للمنتج: JC 1349-FGD.
إضاءة ذهبي - JC 1350,JC 1350-FGD,,,قطعة,قطعة,ذهبي,,1675,4,إضاءة بلون ذهبي، بتصميم عصري يناسب الصالات وغرف المعيشة والاستقبال. الرمز الداخلي للمنتج: JC 1350-FGD.
إضاءة أبيض - JC 1351,JC 1351-WH,,,قطعة,قطعة,أبيض,,950,4,إضاءة بلون أبيض، بتصميم عصري يناسب الصالات وغرف المعيشة والاستقبال. الرمز الداخلي للمنتج: JC 1351-WH.
إضاءة كروم/فضي - JC 8027,JC 8027-CH,,,قطعة,قطعة,كروم/فضي,,900,4,إضاءة بلون كروم/فضي، بتصميم عصري يناسب الصالات وغرف المعيشة والاستقبال. الرمز الداخلي للمنتج: JC 8027-CH.
إضاءة ذهبي - JC 8027,JC 8027-GD,,,قطعة,قطعة,ذهبي,,900,4,إضاءة بلون ذهبي، بتصميم عصري يناسب الصالات وغرف المعيشة والاستقبال. الرمز الداخلي للمنتج: JC 8027-GD.
إضاءة ذهبي - JC 8027,JC 8027-G20-APP-GD,,,قطعة,قطعة,ذهبي,,900,4,إضاءة بلون ذهبي، بتصميم عصري يناسب الصالات وغرف المعيشة والاستقبال، يدعم التحكم عن بُعد باستخدام الريموت، كما يدعم التحكم عبر تطبيق الهاتف المحمول لمزيد من سهولة الاستخدام. الرمز الداخلي للمنتج: JC 8027-G20-APP-GD.
إضاءة أبيض - JC-F108,JC-F108-WH,,,قطعة,قطعة,أبيض,,1500,4,إضاءة بلون أبيض، بتصميم عصري يناسب الصالات وغرف المعيشة والاستقبال. الرمز الداخلي للمنتج: JC-F108-WH.
إضاءة أبيض - JC-F115,JC-F115-WH,,,قطعة,قطعة,أبيض,,1500,4,إضاءة بلون أبيض، بتصميم عصري يناسب الصالات وغرف المعيشة والاستقبال. الرمز الداخلي للمنتج: JC-F115-WH.
إضاءة أبيض - JCF111,JCF111-WH,,,قطعة,قطعة,أبيض,,1500,4,إضاءة بلون أبيض، بتصميم عصري يناسب الصالات وغرف المعيشة والاستقبال. الرمز الداخلي للمنتج: JCF111-WH.
إضاءة ذهبي - JCT-102-3,JCT-102-3-GD-APP,,,قطعة,قطعة,ذهبي,,750,4,إضاءة بلون ذهبي، بتصميم عصري يناسب الصالات وغرف المعيشة والاستقبال، يدعم التحكم عن بُعد باستخدام الريموت، كما يدعم التحكم عبر تطبيق الهاتف المحمول لمزيد من سهولة الاستخدام. الرمز الداخلي للمنتج: JCT-102-3-GD-APP.
إضاءة ذهبي - K2005,K2005-GD,,,قطعة,قطعة,ذهبي,,1575,4,إضاءة بلون ذهبي، بتصميم عصري يناسب الصالات وغرف المعيشة والاستقبال. الرمز الداخلي للمنتج: K2005-GD.
إضاءة ذهبي - K2007,K2007-GD,,,قطعة,قطعة,ذهبي,,1275,4,إضاءة بلون ذهبي، بتصميم عصري يناسب الصالات وغرف المعيشة والاستقبال. الرمز الداخلي للمنتج: K2007-GD.
إضاءة ذهبي - K-2002,K-2002-FGD,,,قطعة,قطعة,ذهبي,,775,4,إضاءة بلون ذهبي، بتصميم عصري يناسب الصالات وغرف المعيشة والاستقبال. الرمز الداخلي للمنتج: K-2002-FGD.
إضاءة أبيض - KD-001,KD-001-WH,,,قطعة,قطعة,أبيض,,450,4,إضاءة بلون أبيض، بتصميم عصري يناسب الصالات وغرف المعيشة والاستقبال. الرمز الداخلي للمنتج: KD-001-WH.
إضاءة كروم/فضي - KT-0101,KT-0101-CH,,,قطعة,قطعة,كروم/فضي,,225,4,إضاءة بلون كروم/فضي، بتصميم عصري يناسب الصالات وغرف المعيشة والاستقبال. الرمز الداخلي للمنتج: KT-0101-CH.
إضاءة كروم/فضي - KT-0109,KT-0109-CH,,,قطعة,قطعة,كروم/فضي,,250,4,إضاءة بلون كروم/فضي، بتصميم عصري يناسب الصالات وغرف المعيشة والاستقبال. الرمز الداخلي للمنتج: KT-0109-CH.
إضاءة كروم/فضي - KT-0113,KT-0113-CH,,,قطعة,قطعة,كروم/فضي,,325,4,إضاءة بلون كروم/فضي، بتصميم عصري يناسب الصالات وغرف المعيشة والاستقبال. الرمز الداخلي للمنتج: KT-0113-CH.
إضاءة ذهبي - L-808,L-808-GD,,,قطعة,قطعة,ذهبي,,275,4,إضاءة بلون ذهبي، بتصميم عصري يناسب الصالات وغرف المعيشة والاستقبال. الرمز الداخلي للمنتج: L-808-GD.
إضاءة أسود وذهبي - L-809,L-809-BK+GD,,,قطعة,قطعة,أسود وذهبي,,275,4,إضاءة بلون أسود وذهبي، بتصميم عصري يناسب الصالات وغرف المعيشة والاستقبال. الرمز الداخلي للمنتج: L-809-BK+GD.
إضاءة ذهبي - L-817,L-817-GD,,,قطعة,قطعة,ذهبي,,275,4,إضاءة بلون ذهبي، بتصميم عصري يناسب الصالات وغرف المعيشة والاستقبال. الرمز الداخلي للمنتج: L-817-GD.
إضاءة ذهبي - L-818,L-818-GD,,,قطعة,قطعة,ذهبي,,275,4,إضاءة بلون ذهبي، بتصميم عصري يناسب الصالات وغرف المعيشة والاستقبال. الرمز الداخلي للمنتج: L-818-GD.
إضاءة أسود - L-859,L-859-BK,,,قطعة,قطعة,أسود,,350,4,إضاءة بلون أسود، بتصميم عصري يناسب الصالات وغرف المعيشة والاستقبال. الرمز الداخلي للمنتج: L-859-BK.
إضاءة أسود - L-863,L-863-BK,,,قطعة,قطعة,أسود,,425,4,إضاءة بلون أسود، بتصميم عصري يناسب الصالات وغرف المعيشة والاستقبال. الرمز الداخلي للمنتج: L-863-BK.
إضاءة ذهبي - L-891,L-891-GD,,,قطعة,قطعة,ذهبي,,300,4,إضاءة بلون ذهبي، بتصميم عصري يناسب الصالات وغرف المعيشة والاستقبال. الرمز الداخلي للمنتج: L-891-GD.
إضاءة أسود وذهبي - L-911,L-911-BK+GD,,,قطعة,قطعة,أسود وذهبي,,350,4,إضاءة بلون أسود وذهبي، بتصميم عصري يناسب الصالات وغرف المعيشة والاستقبال. الرمز الداخلي للمنتج: L-911-BK+GD.
إضاءة - L-9137,L-9137-BU,,,قطعة,قطعة,,,525,4,إضاءة، بتصميم عصري يناسب الصالات وغرف المعيشة والاستقبال. الرمز الداخلي للمنتج: L-9137-BU.
إضاءة ذهبي - L-9139,L-9139-GD,,,قطعة,قطعة,ذهبي,,575,4,إضاءة بلون ذهبي، بتصميم عصري يناسب الصالات وغرف المعيشة والاستقبال. الرمز الداخلي للمنتج: L-9139-GD.
إضاءة أسود - LB-514,LB-514-BK,,,قطعة,قطعة,أسود,,375,4,إضاءة بلون أسود، بتصميم عصري يناسب الصالات وغرف المعيشة والاستقبال. الرمز الداخلي للمنتج: LB-514-BK.
إضاءة - LB-516,LB-516-BK32,,,قطعة,قطعة,,,425,4,إضاءة، بتصميم عصري يناسب الصالات وغرف المعيشة والاستقبال. الرمز الداخلي للمنتج: LB-516-BK32.
إضاءة - LB-516,LB-516-BK42,,,قطعة,قطعة,,,525,4,إضاءة، بتصميم عصري يناسب الصالات وغرف المعيشة والاستقبال. الرمز الداخلي للمنتج: LB-516-BK42.
إضاءة - LB-516,LB-516-BK52,,,قطعة,قطعة,,,625,4,إضاءة، بتصميم عصري يناسب الصالات وغرف المعيشة والاستقبال. الرمز الداخلي للمنتج: LB-516-BK52.
إضاءة - LB-517,LB-517-GD32,,,قطعة,قطعة,,,425,4,إضاءة، بتصميم عصري يناسب الصالات وغرف المعيشة والاستقبال. الرمز الداخلي للمنتج: LB-517-GD32.
إضاءة ذهبي - LB-532,LB-532-GD,,,قطعة,قطعة,ذهبي,,500,4,إضاءة بلون ذهبي، بتصميم عصري يناسب الصالات وغرف المعيشة والاستقبال. الرمز الداخلي للمنتج: LB-532-GD.
إضاءة أسود - LB-532,LB-532-BK,,,قطعة,قطعة,أسود,,425,4,إضاءة بلون أسود، بتصميم عصري يناسب الصالات وغرف المعيشة والاستقبال. الرمز الداخلي للمنتج: LB-532-BK.
إضاءة أبيض - LB-532,LB-532-WH,,,قطعة,قطعة,أبيض,,425,4,إضاءة بلون أبيض، بتصميم عصري يناسب الصالات وغرف المعيشة والاستقبال. الرمز الداخلي للمنتج: LB-532-WH.
إضاءة ذهبي - LB-533,LB-533-GD,,,قطعة,قطعة,ذهبي,,500,4,إضاءة بلون ذهبي، بتصميم عصري يناسب الصالات وغرف المعيشة والاستقبال. الرمز الداخلي للمنتج: LB-533-GD.
إضاءة أسود - LB-533,LB-533-BK,,,قطعة,قطعة,أسود,,400,4,إضاءة بلون أسود، بتصميم عصري يناسب الصالات وغرف المعيشة والاستقبال. الرمز الداخلي للمنتج: LB-533-BK.
إضاءة أبيض - LB-533,LB-533-WH,,,قطعة,قطعة,أبيض,,400,4,إضاءة بلون أبيض، بتصميم عصري يناسب الصالات وغرف المعيشة والاستقبال. الرمز الداخلي للمنتج: LB-533-WH.
إضاءة ذهبي - LB-534,LB-534-GD,,,قطعة,قطعة,ذهبي,,500,4,إضاءة بلون ذهبي، بتصميم عصري يناسب الصالات وغرف المعيشة والاستقبال. الرمز الداخلي للمنتج: LB-534-GD.
إضاءة أبيض - LB-534,LB-534-WH,,,قطعة,قطعة,أبيض,,425,4,إضاءة بلون أبيض، بتصميم عصري يناسب الصالات وغرف المعيشة والاستقبال. الرمز الداخلي للمنتج: LB-534-WH.
إضاءة أسود - LB-534,LB-534-BK,,,قطعة,قطعة,أسود,,425,4,إضاءة بلون أسود، بتصميم عصري يناسب الصالات وغرف المعيشة والاستقبال. الرمز الداخلي للمنتج: LB-534-BK.
إضاءة أبيض - LB-535,LB-535-WH,,,قطعة,قطعة,أبيض,,425,4,إضاءة بلون أبيض، بتصميم عصري يناسب الصالات وغرف المعيشة والاستقبال. الرمز الداخلي للمنتج: LB-535-WH.
إضاءة أسود - LB-535,LB-535-BK,,,قطعة,قطعة,أسود,,425,4,إضاءة بلون أسود، بتصميم عصري يناسب الصالات وغرف المعيشة والاستقبال. الرمز الداخلي للمنتج: LB-535-BK.
إضاءة ذهبي - LB-539,LB-539-GD,,,قطعة,قطعة,ذهبي,,375,4,إضاءة بلون ذهبي، بتصميم عصري يناسب الصالات وغرف المعيشة والاستقبال. الرمز الداخلي للمنتج: LB-539-GD.
إضاءة أبيض - LB-539,LB-539-WH,,,قطعة,قطعة,أبيض,,375,4,إضاءة بلون أبيض، بتصميم عصري يناسب الصالات وغرف المعيشة والاستقبال. الرمز الداخلي للمنتج: LB-539-WH.
إضاءة - RH-52001,RH-52001-500CG,,,قطعة,قطعة,,,950,4,إضاءة، بتصميم عصري يناسب الصالات وغرف المعيشة والاستقبال. الرمز الداخلي للمنتج: RH-52001-500CG.
إضاءة ذهبي - RH-S-623,RH-S-623-APP-FGD,,,قطعة,قطعة,ذهبي,,750,4,إضاءة بلون ذهبي، بتصميم عصري يناسب الصالات وغرف المعيشة والاستقبال، يدعم التحكم عن بُعد باستخدام الريموت، كما يدعم التحكم عبر تطبيق الهاتف المحمول لمزيد من سهولة الاستخدام. الرمز الداخلي للمنتج: RH-S-623-APP-FGD.
إضاءة أسود - SHIT-810,SHIT-810-APP-BK,,,قطعة,قطعة,أسود,,575,4,إضاءة بلون أسود، بتصميم عصري يناسب الصالات وغرف المعيشة والاستقبال، يدعم التحكم عن بُعد باستخدام الريموت، كما يدعم التحكم عبر تطبيق الهاتف المحمول لمزيد من سهولة الاستخدام. الرمز الداخلي للمنتج: SHIT-810-APP-BK.
إضاءة ذهبي - XB801,XB801-500GD,,,قطعة,قطعة,ذهبي,,550,4,إضاءة بلون ذهبي، بتصميم عصري يناسب الصالات وغرف المعيشة والاستقبال. الرمز الداخلي للمنتج: XB801-500GD.
إضاءة أسود - XJS-3085,XJS-3085-BK,,,قطعة,قطعة,أسود,,850,4,إضاءة بلون أسود، بتصميم عصري يناسب الصالات وغرف المعيشة والاستقبال. الرمز الداخلي للمنتج: XJS-3085-BK.
إضاءة أسود - XJS-3090,XJS-3090-BK,,,قطعة,قطعة,أسود,,850,4,إضاءة بلون أسود، بتصميم عصري يناسب الصالات وغرف المعيشة والاستقبال. الرمز الداخلي للمنتج: XJS-3090-BK.
إضاءة ذهبي - XJS-6023,XJS-6023-GD,,,قطعة,قطعة,ذهبي,,1350,4,إضاءة بلون ذهبي، بتصميم عصري يناسب الصالات وغرف المعيشة والاستقبال. الرمز الداخلي للمنتج: XJS-6023-GD.
إضاءة أبيض - Y-44,Y-44-WH,,,قطعة,قطعة,أبيض,,850,4,إضاءة بلون أبيض، بتصميم عصري يناسب الصالات وغرف المعيشة والاستقبال. الرمز الداخلي للمنتج: Y-44-WH.
إضاءة أبيض - Y-273,Y-273-WH,,,قطعة,قطعة,أبيض,,750,4,إضاءة بلون أبيض، بتصميم عصري يناسب الصالات وغرف المعيشة والاستقبال. الرمز الداخلي للمنتج: Y-273-WH.
إضاءة أبيض - Y-274,Y-274-WH,,,قطعة,قطعة,أبيض,,950,4,إضاءة بلون أبيض، بتصميم عصري يناسب الصالات وغرف المعيشة والاستقبال. الرمز الداخلي للمنتج: Y-274-WH.
إضاءة أبيض - Y-278,Y-278-WH,,,قطعة,قطعة,أبيض,,750,4,إضاءة بلون أبيض، بتصميم عصري يناسب الصالات وغرف المعيشة والاستقبال. الرمز الداخلي للمنتج: Y-278-WH.
إضاءة رمادي/فضي - Y-347,Y-347-GR,,,قطعة,قطعة,رمادي/فضي,,1100,4,إضاءة بلون رمادي/فضي، بتصميم عصري يناسب الصالات وغرف المعيشة والاستقبال. الرمز الداخلي للمنتج: Y-347-GR.
إضاءة - Y-350,Y-350-CF,,,قطعة,قطعة,,,1000,4,إضاءة، بتصميم عصري يناسب الصالات وغرف المعيشة والاستقبال. الرمز الداخلي للمنتج: Y-350-CF.
إضاءة أبيض - Y-373,Y-373-WH,,,قطعة,قطعة,أبيض,,1200,4,إضاءة بلون أبيض، بتصميم عصري يناسب الصالات وغرف المعيشة والاستقبال. الرمز الداخلي للمنتج: Y-373-WH.
إضاءة ذهبي - Y-392,Y-392-GD,,,قطعة,قطعة,ذهبي,,675,4,إضاءة بلون ذهبي، بتصميم عصري يناسب الصالات وغرف المعيشة والاستقبال. الرمز الداخلي للمنتج: Y-392-GD.
إضاءة أبيض - Y-396,Y-396-WH,,,قطعة,قطعة,أبيض,,1100,4,إضاءة بلون أبيض، بتصميم عصري يناسب الصالات وغرف المعيشة والاستقبال. الرمز الداخلي للمنتج: Y-396-WH.
إضاءة أسود - Y-397,Y-397-BK,,,قطعة,قطعة,أسود,,1000,4,إضاءة بلون أسود، بتصميم عصري يناسب الصالات وغرف المعيشة والاستقبال. الرمز الداخلي للمنتج: Y-397-BK.
إضاءة ذهبي - Y-400,Y-400-GD,,,قطعة,قطعة,ذهبي,,975,4,إضاءة بلون ذهبي، بتصميم عصري يناسب الصالات وغرف المعيشة والاستقبال. الرمز الداخلي للمنتج: Y-400-GD.
إضاءة ذهبي - Y-404,Y-404-GD,,,قطعة,قطعة,ذهبي,,800,4,إضاءة بلون ذهبي، بتصميم عصري يناسب الصالات وغرف المعيشة والاستقبال. الرمز الداخلي للمنتج: Y-404-GD.
إضاءة ذهبي - Y-405,Y-405-GD,,,قطعة,قطعة,ذهبي,,800,4,إضاءة بلون ذهبي، بتصميم عصري يناسب الصالات وغرف المعيشة والاستقبال. الرمز الداخلي للمنتج: Y-405-GD.
إضاءة ذهبي - Y-406,Y-406-GD,,,قطعة,قطعة,ذهبي,,725,4,إضاءة بلون ذهبي، بتصميم عصري يناسب الصالات وغرف المعيشة والاستقبال. الرمز الداخلي للمنتج: Y-406-GD.
إضاءة ذهبي - Y-811,Y-811-GD,,,قطعة,قطعة,ذهبي,,1300,4,إضاءة بلون ذهبي، بتصميم عصري يناسب الصالات وغرف المعيشة والاستقبال. الرمز الداخلي للمنتج: Y-811-GD.
إضاءة ذهبي - Y-812,Y-812-GD,,,قطعة,قطعة,ذهبي,,950,4,إضاءة بلون ذهبي، بتصميم عصري يناسب الصالات وغرف المعيشة والاستقبال. الرمز الداخلي للمنتج: Y-812-GD.
إضاءة ذهبي - Y-6032,Y-6032-GD,,,قطعة,قطعة,ذهبي,,1375,4,إضاءة بلون ذهبي، بتصميم عصري يناسب الصالات وغرف المعيشة والاستقبال. الرمز الداخلي للمنتج: Y-6032-GD.
إضاءة - YG535,YG535-CF,,,قطعة,قطعة,,,1100,4,إضاءة، بتصميم عصري يناسب الصالات وغرف المعيشة والاستقبال. الرمز الداخلي للمنتج: YG535-CF.
إضاءة ذهبي - YG536,YG536-FGD,,,قطعة,قطعة,ذهبي,,675,4,إضاءة بلون ذهبي، بتصميم عصري يناسب الصالات وغرف المعيشة والاستقبال. الرمز الداخلي للمنتج: YG536-FGD.
إضاءة ذهبي - YG-540,YG-540-GD,,,قطعة,قطعة,ذهبي,,1350,4,إضاءة بلون ذهبي، بتصميم عصري يناسب الصالات وغرف المعيشة والاستقبال. الرمز الداخلي للمنتج: YG-540-GD.
إضاءة ذهبي - YGS541,YGS541-FGD,,,قطعة,قطعة,ذهبي,,1275,4,إضاءة بلون ذهبي، بتصميم عصري يناسب الصالات وغرف المعيشة والاستقبال. الرمز الداخلي للمنتج: YGS541-FGD.
إضاءة ذهبي - YJY-57,YJY-57-GD,,,قطعة,قطعة,ذهبي,,875,4,إضاءة بلون ذهبي، بتصميم عصري يناسب الصالات وغرف المعيشة والاستقبال. الرمز الداخلي للمنتج: YJY-57-GD.
إضاءة - YJY-316,YJY-316-CF,,,قطعة,قطعة,,,1375,4,إضاءة، بتصميم عصري يناسب الصالات وغرف المعيشة والاستقبال. الرمز الداخلي للمنتج: YJY-316-CF.
إضاءة رمادي/فضي - YJY-316,YJY-316-GR,,,قطعة,قطعة,رمادي/فضي,,1250,4,إضاءة بلون رمادي/فضي، بتصميم عصري يناسب الصالات وغرف المعيشة والاستقبال. الرمز الداخلي للمنتج: YJY-316-GR.
إضاءة ذهبي - YJY-316,YJY-316-FGD,,,قطعة,قطعة,ذهبي,,1350,4,إضاءة بلون ذهبي، بتصميم عصري يناسب الصالات وغرف المعيشة والاستقبال. الرمز الداخلي للمنتج: YJY-316-FGD.
إضاءة شمبانيا - YJY-316,YJY-316-CPG,,,قطعة,قطعة,شمبانيا,,1250,4,إضاءة بلون شمبانيا، بتصميم عصري يناسب الصالات وغرف المعيشة والاستقبال. الرمز الداخلي للمنتج: YJY-316-CPG.
إضاءة ذهبي - YJY-316,YJY-316-GD,,,قطعة,قطعة,ذهبي,,1300,4,إضاءة بلون ذهبي، بتصميم عصري يناسب الصالات وغرف المعيشة والاستقبال. الرمز الداخلي للمنتج: YJY-316-GD.
إضاءة ذهبي - YJY-332,YJY-332-GD,,,قطعة,قطعة,ذهبي,,900,4,إضاءة بلون ذهبي، بتصميم عصري يناسب الصالات وغرف المعيشة والاستقبال. الرمز الداخلي للمنتج: YJY-332-GD.
إضاءة - YJY-332,YJY-332-CF,,,قطعة,قطعة,,,800,4,إضاءة، بتصميم عصري يناسب الصالات وغرف المعيشة والاستقبال. الرمز الداخلي للمنتج: YJY-332-CF.
إضاءة رمادي/فضي - YJY-332,YJY-332-GR,,,قطعة,قطعة,رمادي/فضي,,800,4,إضاءة بلون رمادي/فضي، بتصميم عصري يناسب الصالات وغرف المعيشة والاستقبال. الرمز الداخلي للمنتج: YJY-332-GR.
إضاءة ذهبي - YJY-332,YJY-332-FGD,,,قطعة,قطعة,ذهبي,,1150,4,إضاءة بلون ذهبي، بتصميم عصري يناسب الصالات وغرف المعيشة والاستقبال. الرمز الداخلي للمنتج: YJY-332-FGD.
إضاءة رمادي/فضي - YJY-346,YJY-346-GR,,,قطعة,قطعة,رمادي/فضي,,950,4,إضاءة بلون رمادي/فضي، بتصميم عصري يناسب الصالات وغرف المعيشة والاستقبال. الرمز الداخلي للمنتج: YJY-346-GR.
إضاءة - YJY-346,YJY-346-CF,,,قطعة,قطعة,,,950,4,إضاءة، بتصميم عصري يناسب الصالات وغرف المعيشة والاستقبال. الرمز الداخلي للمنتج: YJY-346-CF.
إضاءة ذهبي - YJY-346,YJY-346-GD,,,قطعة,قطعة,ذهبي,,1050,4,إضاءة بلون ذهبي، بتصميم عصري يناسب الصالات وغرف المعيشة والاستقبال. الرمز الداخلي للمنتج: YJY-346-GD.
إضاءة ذهبي - YJY-348,YJY-348-GD,,,قطعة,قطعة,ذهبي,,1050,4,إضاءة بلون ذهبي، بتصميم عصري يناسب الصالات وغرف المعيشة والاستقبال. الرمز الداخلي للمنتج: YJY-348-GD.
إضاءة - YJY-348,YJY-348-CF,,,قطعة,قطعة,,,950,4,إضاءة، بتصميم عصري يناسب الصالات وغرف المعيشة والاستقبال. الرمز الداخلي للمنتج: YJY-348-CF.
إضاءة رمادي/فضي - YJY-348,YJY-348-GR,,,قطعة,قطعة,رمادي/فضي,,950,4,إضاءة بلون رمادي/فضي، بتصميم عصري يناسب الصالات وغرف المعيشة والاستقبال. الرمز الداخلي للمنتج: YJY-348-GR.
إضاءة رمادي/فضي - YJY-353,YJY-353-GR,,,قطعة,قطعة,رمادي/فضي,,1100,4,إضاءة بلون رمادي/فضي، بتصميم عصري يناسب الصالات وغرف المعيشة والاستقبال. الرمز الداخلي للمنتج: YJY-353-GR.
إضاءة - YJY-353,YJY-353-CF,,,قطعة,قطعة,,,1000,4,إضاءة، بتصميم عصري يناسب الصالات وغرف المعيشة والاستقبال. الرمز الداخلي للمنتج: YJY-353-CF.
إضاءة ذهبي - YJY-353,YJY-353-GD,,,قطعة,قطعة,ذهبي,,800,4,إضاءة بلون ذهبي، بتصميم عصري يناسب الصالات وغرف المعيشة والاستقبال. الرمز الداخلي للمنتج: YJY-353-GD.
إضاءة - YJY-355,YJY-355-CF,,,قطعة,قطعة,,,950,4,إضاءة، بتصميم عصري يناسب الصالات وغرف المعيشة والاستقبال. الرمز الداخلي للمنتج: YJY-355-CF.
إضاءة ذهبي - YJY-355,YJY-355-GD,,,قطعة,قطعة,ذهبي,,1050,4,إضاءة بلون ذهبي، بتصميم عصري يناسب الصالات وغرف المعيشة والاستقبال. الرمز الداخلي للمنتج: YJY-355-GD.
إضاءة رمادي/فضي - YJY-355,YJY-355-GR,,,قطعة,قطعة,رمادي/فضي,,1050,4,إضاءة بلون رمادي/فضي، بتصميم عصري يناسب الصالات وغرف المعيشة والاستقبال. الرمز الداخلي للمنتج: YJY-355-GR.
إضاءة - YJY-357,YJY-357-CF,,,قطعة,قطعة,,,950,4,إضاءة، بتصميم عصري يناسب الصالات وغرف المعيشة والاستقبال. الرمز الداخلي للمنتج: YJY-357-CF.
إضاءة رمادي/فضي - YJY-357,YJY-357-GR,,,قطعة,قطعة,رمادي/فضي,,950,4,إضاءة بلون رمادي/فضي، بتصميم عصري يناسب الصالات وغرف المعيشة والاستقبال. الرمز الداخلي للمنتج: YJY-357-GR.
إضاءة ذهبي - YJY-357,YJY-357-GD,,,قطعة,قطعة,ذهبي,,1050,4,إضاءة بلون ذهبي، بتصميم عصري يناسب الصالات وغرف المعيشة والاستقبال. الرمز الداخلي للمنتج: YJY-357-GD.
إضاءة ذهبي - YJY-375,YJY-375-GD,,,قطعة,قطعة,ذهبي,,1100,4,إضاءة بلون ذهبي، بتصميم عصري يناسب الصالات وغرف المعيشة والاستقبال. الرمز الداخلي للمنتج: YJY-375-GD.
إضاءة ذهبي - YJY-405,YJY-405-GD,,,قطعة,قطعة,ذهبي,,975,4,إضاءة بلون ذهبي، بتصميم عصري يناسب الصالات وغرف المعيشة والاستقبال. الرمز الداخلي للمنتج: YJY-405-GD.
إضاءة ذهبي - YJY-416,YJY-416-GD,,,قطعة,قطعة,ذهبي,,950,4,إضاءة بلون ذهبي، بتصميم عصري يناسب الصالات وغرف المعيشة والاستقبال. الرمز الداخلي للمنتج: YJY-416-GD.
إضاءة - YJY-546,YJY-546-CF,,,قطعة,قطعة,,,1000,4,إضاءة، بتصميم عصري يناسب الصالات وغرف المعيشة والاستقبال. الرمز الداخلي للمنتج: YJY-546-CF.
إضاءة رمادي/فضي - YJY-546,YJY-546-GR,,,قطعة,قطعة,رمادي/فضي,,1000,4,إضاءة بلون رمادي/فضي، بتصميم عصري يناسب الصالات وغرف المعيشة والاستقبال. الرمز الداخلي للمنتج: YJY-546-GR.
إضاءة رمادي/فضي - YJY-549,YJY-549-GR,,,قطعة,قطعة,رمادي/فضي,,975,4,إضاءة بلون رمادي/فضي، بتصميم عصري يناسب الصالات وغرف المعيشة والاستقبال. الرمز الداخلي للمنتج: YJY-549-GR.
إضاءة ذهبي - YJY-803,YJY-803-GD,,,قطعة,قطعة,ذهبي,,875,4,إضاءة بلون ذهبي، بتصميم عصري يناسب الصالات وغرف المعيشة والاستقبال. الرمز الداخلي للمنتج: YJY-803-GD.
إضاءة ذهبي - YJY-811,YJY-811-FGD,,,قطعة,قطعة,ذهبي,,1175,4,إضاءة بلون ذهبي، بتصميم عصري يناسب الصالات وغرف المعيشة والاستقبال. الرمز الداخلي للمنتج: YJY-811-FGD.
إضاءة ذهبي - YJY-811,YJY-811-GD,,,قطعة,قطعة,ذهبي,,1050,4,إضاءة بلون ذهبي، بتصميم عصري يناسب الصالات وغرف المعيشة والاستقبال. الرمز الداخلي للمنتج: YJY-811-GD.
إضاءة ذهبي - YJY-813,YJY-813-GD,,,قطعة,قطعة,ذهبي,,700,4,إضاءة بلون ذهبي، بتصميم عصري يناسب الصالات وغرف المعيشة والاستقبال. الرمز الداخلي للمنتج: YJY-813-GD.
إضاءة ذهبي - YJY-815,YJY-815-GD,,,قطعة,قطعة,ذهبي,,800,4,إضاءة بلون ذهبي، بتصميم عصري يناسب الصالات وغرف المعيشة والاستقبال. الرمز الداخلي للمنتج: YJY-815-GD.
إضاءة ذهبي - YJY-816,YJY-816-GD,,,قطعة,قطعة,ذهبي,,950,4,إضاءة بلون ذهبي، بتصميم عصري يناسب الصالات وغرف المعيشة والاستقبال. الرمز الداخلي للمنتج: YJY-816-GD.
إضاءة - YJY-2081,YJY-2081-CF,,,قطعة,قطعة,,,700,4,إضاءة، بتصميم عصري يناسب الصالات وغرف المعيشة والاستقبال. الرمز الداخلي للمنتج: YJY-2081-CF.
إضاءة ذهبي - YJY-2081,YJY-2081-GD,,,قطعة,قطعة,ذهبي,,800,4,إضاءة بلون ذهبي، بتصميم عصري يناسب الصالات وغرف المعيشة والاستقبال. الرمز الداخلي للمنتج: YJY-2081-GD.
إضاءة رمادي/فضي - YJY-2081,YJY-2081-GR,,,قطعة,قطعة,رمادي/فضي,,700,4,إضاءة بلون رمادي/فضي، بتصميم عصري يناسب الصالات وغرف المعيشة والاستقبال. الرمز الداخلي للمنتج: YJY-2081-GR.
إضاءة رمادي/فضي - YJY-2092,YJY-2092-GR,,,قطعة,قطعة,رمادي/فضي,,1000,4,إضاءة بلون رمادي/فضي، بتصميم عصري يناسب الصالات وغرف المعيشة والاستقبال. الرمز الداخلي للمنتج: YJY-2092-GR.
إضاءة - YJY-2092,YJY-2092-CF,,,قطعة,قطعة,,,1000,4,إضاءة، بتصميم عصري يناسب الصالات وغرف المعيشة والاستقبال. الرمز الداخلي للمنتج: YJY-2092-CF.
إضاءة ذهبي - YJY-3114,YJY-3114-GD,,,قطعة,قطعة,ذهبي,,1100,4,إضاءة بلون ذهبي، بتصميم عصري يناسب الصالات وغرف المعيشة والاستقبال. الرمز الداخلي للمنتج: YJY-3114-GD.
إضاءة ذهبي - YJY-6000,YJY-6000-GD,,,قطعة,قطعة,ذهبي,,1100,4,إضاءة بلون ذهبي، بتصميم عصري يناسب الصالات وغرف المعيشة والاستقبال. الرمز الداخلي للمنتج: YJY-6000-GD.
إضاءة ذهبي - YJY-6030,YJY-6030-GD,,,قطعة,قطعة,ذهبي,,1100,4,إضاءة بلون ذهبي، بتصميم عصري يناسب الصالات وغرف المعيشة والاستقبال. الرمز الداخلي للمنتج: YJY-6030-GD.
إضاءة ذهبي - YJY-8012,YJY-8012-GD,,,قطعة,قطعة,ذهبي,,1100,4,إضاءة بلون ذهبي، بتصميم عصري يناسب الصالات وغرف المعيشة والاستقبال. الرمز الداخلي للمنتج: YJY-8012-GD.
إضاءة ذهبي - YJY-8015,YJY-8015-GD,,,قطعة,قطعة,ذهبي,,950,4,إضاءة بلون ذهبي، بتصميم عصري يناسب الصالات وغرف المعيشة والاستقبال. الرمز الداخلي للمنتج: YJY-8015-GD.
إضاءة ذهبي - YJY-8021,YJY-8021-GD,,,قطعة,قطعة,ذهبي,,975,4,إضاءة بلون ذهبي، بتصميم عصري يناسب الصالات وغرف المعيشة والاستقبال. الرمز الداخلي للمنتج: YJY-8021-GD.
إضاءة أبيض - YT-56,YT-56-WH,,,قطعة,قطعة,أبيض,,300,4,إضاءة بلون أبيض، بتصميم عصري يناسب الصالات وغرف المعيشة والاستقبال. الرمز الداخلي للمنتج: YT-56-WH.
إضاءة أبيض - YT-57,YT-57-WH,,,قطعة,قطعة,أبيض,,300,4,إضاءة بلون أبيض، بتصميم عصري يناسب الصالات وغرف المعيشة والاستقبال. الرمز الداخلي للمنتج: YT-57-WH.
إضاءة أبيض - YT-62,YT-62-WH,,,قطعة,قطعة,أبيض,,275,4,إضاءة بلون أبيض، بتصميم عصري يناسب الصالات وغرف المعيشة والاستقبال. الرمز الداخلي للمنتج: YT-62-WH.
إضاءة ذهبي - YT-75,YT-75-GD,,,قطعة,قطعة,ذهبي,,375,4,إضاءة بلون ذهبي، بتصميم عصري يناسب الصالات وغرف المعيشة والاستقبال. الرمز الداخلي للمنتج: YT-75-GD.
إضاءة ذهبي - YT-76,YT-76-GD,,,قطعة,قطعة,ذهبي,,375,4,إضاءة بلون ذهبي، بتصميم عصري يناسب الصالات وغرف المعيشة والاستقبال. الرمز الداخلي للمنتج: YT-76-GD.
إضاءة ذهبي - YT-84,YT-84-GD,,,قطعة,قطعة,ذهبي,,375,4,إضاءة بلون ذهبي، بتصميم عصري يناسب الصالات وغرف المعيشة والاستقبال. الرمز الداخلي للمنتج: YT-84-GD.
