name,sku,barcode,category,unit,unit_measurement,color,cost_price,sale_price,min_stock_threshold,description
نجف معلق ذهبي - Q-049,Q-049-APP-400-GD,,نجف,قطعة,قطعة,ذهبي,1175,,4,نجف معلق بلون ذهبي، بتصميم عصري يناسب الصالات وغرف المعيشة والاستقبال، يدعم التحكم عن بُعد باستخدام الريموت، كما يدعم التحكم عبر تطبيق الهاتف المحمول لمزيد من سهولة الاستخدام. الرمز الداخلي للمنتج: Q-049-APP-400-GD.
نجف معلق ذهبي - Q-049,Q-049-APP-500-GD,,نجف,قطعة,قطعة,ذهبي,1535,,4,نجف معلق بلون ذهبي، بتصميم عصري يناسب الصالات وغرف المعيشة والاستقبال، يدعم التحكم عن بُعد باستخدام الريموت، كما يدعم التحكم عبر تطبيق الهاتف المحمول لمزيد من سهولة الاستخدام. الرمز الداخلي للمنتج: Q-049-APP-500-GD.
نجف معلق كروم/فضي - Q-049,Q-049-APP-500-CH,,نجف,قطعة,قطعة,كروم/فضي,1535,,4,نجف معلق بلون كروم/فضي، بتصميم عصري يناسب الصالات وغرف المعيشة والاستقبال، يدعم التحكم عن بُعد باستخدام الريموت، كما يدعم التحكم عبر تطبيق الهاتف المحمول لمزيد من سهولة الاستخدام. الرمز الداخلي للمنتج: Q-049-APP-500-CH.
نجف معلق ذهبي - Q-049,Q-049-APP-600-GD,,نجف,قطعة,قطعة,ذهبي,1865,,4,نجف معلق بلون ذهبي، بتصميم عصري يناسب الصالات وغرف المعيشة والاستقبال، يدعم التحكم عن بُعد باستخدام الريموت، كما يدعم التحكم عبر تطبيق الهاتف المحمول لمزيد من سهولة الاستخدام. الرمز الداخلي للمنتج: Q-049-APP-600-GD.
نجف معلق كروم/فضي - Q-049,Q-049-APP-600-CH,,نجف,قطعة,قطعة,كروم/فضي,1865,,4,نجف معلق بلون كروم/فضي، بتصميم عصري يناسب الصالات وغرف المعيشة والاستقبال، يدعم التحكم عن بُعد باستخدام الريموت، كما يدعم التحكم عبر تطبيق الهاتف المحمول لمزيد من سهولة الاستخدام. الرمز الداخلي للمنتج: Q-049-APP-600-CH.
نجف معلق كروم/فضي - Q-049,Q-049-APP-800*350-CH,,نجف,قطعة,قطعة,كروم/فضي,1810,,4,نجف معلق بلون كروم/فضي، بتصميم عصري يناسب الصالات وغرف المعيشة والاستقبال، يدعم التحكم عن بُعد باستخدام الريموت، كما يدعم التحكم عبر تطبيق الهاتف المحمول لمزيد من سهولة الاستخدام. الرمز الداخلي للمنتج: Q-049-APP-800*350-CH.
نجف معلق ذهبي - Q-049,Q-049-APP-800*350-GD,,نجف,قطعة,قطعة,ذهبي,1810,,4,نجف معلق بلون ذهبي، بتصميم عصري يناسب الصالات وغرف المعيشة والاستقبال، يدعم التحكم عن بُعد باستخدام الريموت، كما يدعم التحكم عبر تطبيق الهاتف المحمول لمزيد من سهولة الاستخدام. الرمز الداخلي للمنتج: Q-049-APP-800*350-GD.
نجف معلق ذهبي - R-QS-201,R-QS-201-400-GD/S,,نجف,قطعة,قطعة,ذهبي,755,,4,نجف معلق بلون ذهبي، بتصميم عصري يناسب الصالات وغرف المعيشة والاستقبال. الرمز الداخلي للمنتج: R-QS-201-400-GD/S.
نجف معلق ذهبي - R-QS-201,R-QS-201-500-GD/S,,نجف,قطعة,قطعة,ذهبي,1050,,4,نجف معلق بلون ذهبي، بتصميم عصري يناسب الصالات وغرف المعيشة والاستقبال. الرمز الداخلي للمنتج: R-QS-201-500-GD/S.
نجف معلق ذهبي - R-QS-201,R-QS-201-600-GD/S,,نجف,قطعة,قطعة,ذهبي,1535,,4,نجف معلق بلون ذهبي، بتصميم عصري يناسب الصالات وغرف المعيشة والاستقبال. الرمز الداخلي للمنتج: R-QS-201-600-GD/S.
نجف معلق ذهبي - R-QS-201,R-QS-201-800*350-GD/S,,نجف,قطعة,قطعة,ذهبي,1495,,4,نجف معلق بلون ذهبي، بتصميم عصري يناسب الصالات وغرف المعيشة والاستقبال. الرمز الداخلي للمنتج: R-QS-201-800*350-GD/S.
نجف معلق ذهبي - R-QS-202,R-QS-202-400-GD/S,,نجف,قطعة,قطعة,ذهبي,755,,4,نجف معلق بلون ذهبي، بتصميم عصري يناسب الصالات وغرف المعيشة والاستقبال. الرمز الداخلي للمنتج: R-QS-202-400-GD/S.
نجف معلق ذهبي - R-QS-202,R-QS-202-500-GD/S,,نجف,قطعة,قطعة,ذهبي,1075,,4,نجف معلق بلون ذهبي، بتصميم عصري يناسب الصالات وغرف المعيشة والاستقبال. الرمز الداخلي للمنتج: R-QS-202-500-GD/S.
نجف معلق ذهبي - R-QS-202,R-QS-202-600-GD/S,,نجف,قطعة,قطعة,ذهبي,1525,,4,نجف معلق بلون ذهبي، بتصميم عصري يناسب الصالات وغرف المعيشة والاستقبال. الرمز الداخلي للمنتج: R-QS-202-600-GD/S.
نجف معلق ذهبي - R-QS-202,R-QS-202-800*350-GD/S,,نجف,قطعة,قطعة,ذهبي,1580,,4,نجف معلق بلون ذهبي، بتصميم عصري يناسب الصالات وغرف المعيشة والاستقبال. الرمز الداخلي للمنتج: R-QS-202-800*350-GD/S.
نجف معلق ذهبي - R-QS-203,R-QS-203-400-GD/S,,نجف,قطعة,قطعة,ذهبي,830,,4,نجف معلق بلون ذهبي، بتصميم عصري يناسب الصالات وغرف المعيشة والاستقبال. الرمز الداخلي للمنتج: R-QS-203-400-GD/S.
نجف معلق ذهبي - R-QS-203,R-QS-203-500-GD/S,,نجف,قطعة,قطعة,ذهبي,1135,,4,نجف معلق بلون ذهبي، بتصميم عصري يناسب الصالات وغرف المعيشة والاستقبال. الرمز الداخلي للمنتج: R-QS-203-500-GD/S.
نجف معلق ذهبي - R-QS-203,R-QS-203-600-GD/S,,نجف,قطعة,قطعة,ذهبي,1625,,4,نجف معلق بلون ذهبي، بتصميم عصري يناسب الصالات وغرف المعيشة والاستقبال. الرمز الداخلي للمنتج: R-QS-203-600-GD/S.
نجف معلق ذهبي - R-QS-203,R-QS-203-800*350-GD/S,,نجف,قطعة,قطعة,ذهبي,1660,,4,نجف معلق بلون ذهبي، بتصميم عصري يناسب الصالات وغرف المعيشة والاستقبال. الرمز الداخلي للمنتج: R-QS-203-800*350-GD/S.
نجف معلق ذهبي - R-QS-204,R-QS-204-400-GD/S,,نجف,قطعة,قطعة,ذهبي,815,,4,نجف معلق بلون ذهبي، بتصميم عصري يناسب الصالات وغرف المعيشة والاستقبال. الرمز الداخلي للمنتج: R-QS-204-400-GD/S.
نجف معلق ذهبي - R-QS-204,R-QS-204-500-GD/S,,نجف,قطعة,قطعة,ذهبي,1170,,4,نجف معلق بلون ذهبي، بتصميم عصري يناسب الصالات وغرف المعيشة والاستقبال. الرمز الداخلي للمنتج: R-QS-204-500-GD/S.
نجف معلق ذهبي - R-QS-204,R-QS-204-600-GD/S,,نجف,قطعة,قطعة,ذهبي,1460,,4,نجف معلق بلون ذهبي، بتصميم عصري يناسب الصالات وغرف المعيشة والاستقبال. الرمز الداخلي للمنتج: R-QS-204-600-GD/S.
نجف معلق ذهبي - R-QS-204,R-QS-204-800*350-GD/S,,نجف,قطعة,قطعة,ذهبي,1525,,4,نجف معلق بلون ذهبي، بتصميم عصري يناسب الصالات وغرف المعيشة والاستقبال. الرمز الداخلي للمنتج: R-QS-204-800*350-GD/S.
نجف معلق ذهبي - R-QS-208,R-QS-208-400-GD/S,,نجف,قطعة,قطعة,ذهبي,1010,,4,نجف معلق بلون ذهبي، بتصميم عصري يناسب الصالات وغرف المعيشة والاستقبال. الرمز الداخلي للمنتج: R-QS-208-400-GD/S.
نجف معلق ذهبي - R-QS-208,R-QS-208-500-GD/S,,نجف,قطعة,قطعة,ذهبي,1385,,4,نجف معلق بلون ذهبي، بتصميم عصري يناسب الصالات وغرف المعيشة والاستقبال. الرمز الداخلي للمنتج: R-QS-208-500-GD/S.
نجف معلق ذهبي - R-US-841,R-US-841-500/S-GD,,نجف,قطعة,قطعة,ذهبي,1300,,4,نجف معلق بلون ذهبي، بتصميم عصري يناسب الصالات وغرف المعيشة والاستقبال. الرمز الداخلي للمنتج: R-US-841-500/S-GD.
نجف معلق ذهبي - R-US-841,R-US-841-400/S-GD,,نجف,قطعة,قطعة,ذهبي,980,,4,نجف معلق بلون ذهبي، بتصميم عصري يناسب الصالات وغرف المعيشة والاستقبال. الرمز الداخلي للمنتج: R-US-841-400/S-GD.
نجف معلق ذهبي - R-US-841,R-US-841-600/S-GD,,نجف,قطعة,قطعة,ذهبي,1815,,4,نجف معلق بلون ذهبي، بتصميم عصري يناسب الصالات وغرف المعيشة والاستقبال. الرمز الداخلي للمنتج: R-US-841-600/S-GD.
نجف معلق ذهبي - R-US-842,R-US-842-400/S-GD,,نجف,قطعة,قطعة,ذهبي,1010,,4,نجف معلق بلون ذهبي، بتصميم عصري يناسب الصالات وغرف المعيشة والاستقبال. الرمز الداخلي للمنتج: R-US-842-400/S-GD.
نجف معلق ذهبي - R-US-842,R-US-842-500/S-GD,,نجف,قطعة,قطعة,ذهبي,1370,,4,نجف معلق بلون ذهبي، بتصميم عصري يناسب الصالات وغرف المعيشة والاستقبال. الرمز الداخلي للمنتج: R-US-842-500/S-GD.
نجف معلق ذهبي - R-US-842,R-US-842-600/S-GD,,نجف,قطعة,قطعة,ذهبي,1855,,4,نجف معلق بلون ذهبي، بتصميم عصري يناسب الصالات وغرف المعيشة والاستقبال. الرمز الداخلي للمنتج: R-US-842-600/S-GD.
نجف معلق ذهبي - R-US-843,R-US-843-500/S-GD,,نجف,قطعة,قطعة,ذهبي,1480,,4,نجف معلق بلون ذهبي، بتصميم عصري يناسب الصالات وغرف المعيشة والاستقبال. الرمز الداخلي للمنتج: R-US-843-500/S-GD.
نجف معلق ذهبي - R-US-843,R-US-843-400/S-GD,,نجف,قطعة,قطعة,ذهبي,1100,,4,نجف معلق بلون ذهبي، بتصميم عصري يناسب الصالات وغرف المعيشة والاستقبال. الرمز الداخلي للمنتج: R-US-843-400/S-GD.
نجف معلق ذهبي - R-US-843,R-US-843-600/S-GD,,نجف,قطعة,قطعة,ذهبي,1850,,4,نجف معلق بلون ذهبي، بتصميم عصري يناسب الصالات وغرف المعيشة والاستقبال. الرمز الداخلي للمنتج: R-US-843-600/S-GD.
نجف معلق ذهبي - R-US-844,R-US-844-500/S-GD,,نجف,قطعة,قطعة,ذهبي,1515,,4,نجف معلق بلون ذهبي، بتصميم عصري يناسب الصالات وغرف المعيشة والاستقبال. الرمز الداخلي للمنتج: R-US-844-500/S-GD.
نجف معلق ذهبي - R-US-844,R-US-844-400/S-GD,,نجف,قطعة,قطعة,ذهبي,1170,,4,نجف معلق بلون ذهبي، بتصميم عصري يناسب الصالات وغرف المعيشة والاستقبال. الرمز الداخلي للمنتج: R-US-844-400/S-GD.
نجف معلق ذهبي - R-US-844,R-US-844-600/S-GD,,نجف,قطعة,قطعة,ذهبي,1880,,4,نجف معلق بلون ذهبي، بتصميم عصري يناسب الصالات وغرف المعيشة والاستقبال. الرمز الداخلي للمنتج: R-US-844-600/S-GD.
نجف معلق ذهبي - R-US-845,R-US-845-500/S-GD,,نجف,قطعة,قطعة,ذهبي,1395,,4,نجف معلق بلون ذهبي، بتصميم عصري يناسب الصالات وغرف المعيشة والاستقبال. الرمز الداخلي للمنتج: R-US-845-500/S-GD.
نجف معلق ذهبي - R-US-845,R-US-845-400/S-GD,,نجف,قطعة,قطعة,ذهبي,975,,4,نجف معلق بلون ذهبي، بتصميم عصري يناسب الصالات وغرف المعيشة والاستقبال. الرمز الداخلي للمنتج: R-US-845-400/S-GD.
نجف معلق ذهبي - R-US-845,R-US-845-600/S-GD,,نجف,قطعة,قطعة,ذهبي,1730,,4,نجف معلق بلون ذهبي، بتصميم عصري يناسب الصالات وغرف المعيشة والاستقبال. الرمز الداخلي للمنتج: R-US-845-600/S-GD.
نجف معلق ذهبي - R-US-846,R-US-846-500/S-GD,,نجف,قطعة,قطعة,ذهبي,1380,,4,نجف معلق بلون ذهبي، بتصميم عصري يناسب الصالات وغرف المعيشة والاستقبال. الرمز الداخلي للمنتج: R-US-846-500/S-GD.
نجف معلق ذهبي - R-US-846,R-US-846-600/S-GD,,نجف,قطعة,قطعة,ذهبي,1730,,4,نجف معلق بلون ذهبي، بتصميم عصري يناسب الصالات وغرف المعيشة والاستقبال. الرمز الداخلي للمنتج: R-US-846-600/S-GD.
نجف معلق ذهبي - R-US-847,R-US-847-400/S-GD,,نجف,قطعة,قطعة,ذهبي,1030,,4,نجف معلق بلون ذهبي، بتصميم عصري يناسب الصالات وغرف المعيشة والاستقبال. الرمز الداخلي للمنتج: R-US-847-400/S-GD.
نجف معلق ذهبي - R-US-847,R-US-847-500/S-GD,,نجف,قطعة,قطعة,ذهبي,1420,,4,نجف معلق بلون ذهبي، بتصميم عصري يناسب الصالات وغرف المعيشة والاستقبال. الرمز الداخلي للمنتج: R-US-847-500/S-GD.
نجف معلق ذهبي - R-US-847,R-US-847-600/S-GD,,نجف,قطعة,قطعة,ذهبي,1825,,4,نجف معلق بلون ذهبي، بتصميم عصري يناسب الصالات وغرف المعيشة والاستقبال. الرمز الداخلي للمنتج: R-US-847-600/S-GD.
نجف معلق ذهبي - R-US-848,R-US-848-400/S-GD,,نجف,قطعة,قطعة,ذهبي,1075,,4,نجف معلق بلون ذهبي، بتصميم عصري يناسب الصالات وغرف المعيشة والاستقبال. الرمز الداخلي للمنتج: R-US-848-400/S-GD.
نجف معلق ذهبي - R-US-848,R-US-848-500/S-GD,,نجف,قطعة,قطعة,ذهبي,1490,,4,نجف معلق بلون ذهبي، بتصميم عصري يناسب الصالات وغرف المعيشة والاستقبال. الرمز الداخلي للمنتج: R-US-848-500/S-GD.
نجف معلق ذهبي - R-US-848,R-US-848-600/S-GD,,نجف,قطعة,قطعة,ذهبي,1880,,4,نجف معلق بلون ذهبي، بتصميم عصري يناسب الصالات وغرف المعيشة والاستقبال. الرمز الداخلي للمنتج: R-US-848-600/S-GD.
نجف معلق ذهبي - R-US-854,R-US-854-500-GD,,نجف,قطعة,قطعة,ذهبي,1250,,4,نجف معلق بلون ذهبي، بتصميم عصري يناسب الصالات وغرف المعيشة والاستقبال. الرمز الداخلي للمنتج: R-US-854-500-GD.
نجف معلق ذهبي - R-US-855,R-US-855-500-GD,,نجف,قطعة,قطعة,ذهبي,1250,,4,نجف معلق بلون ذهبي، بتصميم عصري يناسب الصالات وغرف المعيشة والاستقبال. الرمز الداخلي للمنتج: R-US-855-500-GD.
نجف معلق ذهبي - R-US-857,R-US-857-500-GD,,نجف,قطعة,قطعة,ذهبي,1325,,4,نجف معلق بلون ذهبي، بتصميم عصري يناسب الصالات وغرف المعيشة والاستقبال. الرمز الداخلي للمنتج: R-US-857-500-GD.
نجف معلق ذهبي - R-US-858,R-US-858-500-GD,,نجف,قطعة,قطعة,ذهبي,1240,,4,نجف معلق بلون ذهبي، بتصميم عصري يناسب الصالات وغرف المعيشة والاستقبال. الرمز الداخلي للمنتج: R-US-858-500-GD.
نجف معلق ذهبي - R-US-859,R-US-859-500-GD,,نجف,قطعة,قطعة,ذهبي,1205,,4,نجف معلق بلون ذهبي، بتصميم عصري يناسب الصالات وغرف المعيشة والاستقبال. الرمز الداخلي للمنتج: R-US-859-500-GD.
نجف معلق ذهبي - R-US-860,R-US-860-500-GD,,نجف,قطعة,قطعة,ذهبي,1370,,4,نجف معلق بلون ذهبي، بتصميم عصري يناسب الصالات وغرف المعيشة والاستقبال. الرمز الداخلي للمنتج: R-US-860-500-GD.
نجف معلق ذهبي - R-US-861,R-US-861-500-GD,,نجف,قطعة,قطعة,ذهبي,1120,,4,نجف معلق بلون ذهبي، بتصميم عصري يناسب الصالات وغرف المعيشة والاستقبال. الرمز الداخلي للمنتج: R-US-861-500-GD.
نجف معلق ذهبي - R-US-862,R-US-862-500-GD,,نجف,قطعة,قطعة,ذهبي,1130,,4,نجف معلق بلون ذهبي، بتصميم عصري يناسب الصالات وغرف المعيشة والاستقبال. الرمز الداخلي للمنتج: R-US-862-500-GD.
نجف معلق ذهبي - X1215,X1215-550-GD,,نجف,قطعة,قطعة,ذهبي,1190,,4,نجف معلق بلون ذهبي، بتصميم عصري يناسب الصالات وغرف المعيشة والاستقبال. الرمز الداخلي للمنتج: X1215-550-GD.
نجف معلق ذهبي - X1216,X1216-550-GD,,نجف,قطعة,قطعة,ذهبي,1190,,4,نجف معلق بلون ذهبي، بتصميم عصري يناسب الصالات وغرف المعيشة والاستقبال. الرمز الداخلي للمنتج: X1216-550-GD.
نجف معلق ذهبي - X18095,X18095-550GD-APP,,نجف,قطعة,قطعة,ذهبي,1190,,4,نجف معلق بلون ذهبي، بتصميم عصري يناسب الصالات وغرف المعيشة والاستقبال، يدعم التحكم عن بُعد باستخدام الريموت، كما يدعم التحكم عبر تطبيق الهاتف المحمول لمزيد من سهولة الاستخدام. الرمز الداخلي للمنتج: X18095-550GD-APP.
نجف معلق ذهبي - X18113,X18113-550GD-APP,,نجف,قطعة,قطعة,ذهبي,1190,,4,نجف معلق بلون ذهبي، بتصميم عصري يناسب الصالات وغرف المعيشة والاستقبال، يدعم التحكم عن بُعد باستخدام الريموت، كما يدعم التحكم عبر تطبيق الهاتف المحمول لمزيد من سهولة الاستخدام. الرمز الداخلي للمنتج: X18113-550GD-APP.
نجف معلق ذهبي - X18116,X18116-550GD-APP,,نجف,قطعة,قطعة,ذهبي,1190,,4,نجف معلق بلون ذهبي، بتصميم عصري يناسب الصالات وغرف المعيشة والاستقبال، يدعم التحكم عن بُعد باستخدام الريموت، كما يدعم التحكم عبر تطبيق الهاتف المحمول لمزيد من سهولة الاستخدام. الرمز الداخلي للمنتج: X18116-550GD-APP.
نجف معلق ذهبي - X18123,X18123-550GD-APP,,نجف,قطعة,قطعة,ذهبي,1190,,4,نجف معلق بلون ذهبي، بتصميم عصري يناسب الصالات وغرف المعيشة والاستقبال، يدعم التحكم عن بُعد باستخدام الريموت، كما يدعم التحكم عبر تطبيق الهاتف المحمول لمزيد من سهولة الاستخدام. الرمز الداخلي للمنتج: X18123-550GD-APP.
نجف معلق ذهبي - X18124,X18124-550GD-APP,,نجف,قطعة,قطعة,ذهبي,1190,,4,نجف معلق بلون ذهبي، بتصميم عصري يناسب الصالات وغرف المعيشة والاستقبال، يدعم التحكم عن بُعد باستخدام الريموت، كما يدعم التحكم عبر تطبيق الهاتف المحمول لمزيد من سهولة الاستخدام. الرمز الداخلي للمنتج: X18124-550GD-APP.
نجف معلق ذهبي - X18126,X18126-550GD-APP,,نجف,قطعة,قطعة,ذهبي,1190,,4,نجف معلق بلون ذهبي، بتصميم عصري يناسب الصالات وغرف المعيشة والاستقبال، يدعم التحكم عن بُعد باستخدام الريموت، كما يدعم التحكم عبر تطبيق الهاتف المحمول لمزيد من سهولة الاستخدام. الرمز الداخلي للمنتج: X18126-550GD-APP.
نجف معلق ذهبي - X18127,X18127-550GD-APP,,نجف,قطعة,قطعة,ذهبي,1190,,4,نجف معلق بلون ذهبي، بتصميم عصري يناسب الصالات وغرف المعيشة والاستقبال، يدعم التحكم عن بُعد باستخدام الريموت، كما يدعم التحكم عبر تطبيق الهاتف المحمول لمزيد من سهولة الاستخدام. الرمز الداخلي للمنتج: X18127-550GD-APP.
نجف معلق ذهبي - X18130,X18130-550GD-APP,,نجف,قطعة,قطعة,ذهبي,1190,,4,نجف معلق بلون ذهبي، بتصميم عصري يناسب الصالات وغرف المعيشة والاستقبال، يدعم التحكم عن بُعد باستخدام الريموت، كما يدعم التحكم عبر تطبيق الهاتف المحمول لمزيد من سهولة الاستخدام. الرمز الداخلي للمنتج: X18130-550GD-APP.
نجف معلق ذهبي - X18132,X18132-550GD-APP,,نجف,قطعة,قطعة,ذهبي,1190,,4,نجف معلق بلون ذهبي، بتصميم عصري يناسب الصالات وغرف المعيشة والاستقبال، يدعم التحكم عن بُعد باستخدام الريموت، كما يدعم التحكم عبر تطبيق الهاتف المحمول لمزيد من سهولة الاستخدام. الرمز الداخلي للمنتج: X18132-550GD-APP.
نجف معلق ذهبي - X18134,X18134-550GD-APP,,نجف,قطعة,قطعة,ذهبي,1190,,4,نجف معلق بلون ذهبي، بتصميم عصري يناسب الصالات وغرف المعيشة والاستقبال، يدعم التحكم عن بُعد باستخدام الريموت، كما يدعم التحكم عبر تطبيق الهاتف المحمول لمزيد من سهولة الاستخدام. الرمز الداخلي للمنتج: X18134-550GD-APP.
نجف معلق ذهبي - X18135,X18135-550GD-APP,,نجف,قطعة,قطعة,ذهبي,1190,,4,نجف معلق بلون ذهبي، بتصميم عصري يناسب الصالات وغرف المعيشة والاستقبال، يدعم التحكم عن بُعد باستخدام الريموت، كما يدعم التحكم عبر تطبيق الهاتف المحمول لمزيد من سهولة الاستخدام. الرمز الداخلي للمنتج: X18135-550GD-APP.
نجف معلق ذهبي - X18141,X18141-550GD-APP,,نجف,قطعة,قطعة,ذهبي,1190,,4,نجف معلق بلون ذهبي، بتصميم عصري يناسب الصالات وغرف المعيشة والاستقبال، يدعم التحكم عن بُعد باستخدام الريموت، كما يدعم التحكم عبر تطبيق الهاتف المحمول لمزيد من سهولة الاستخدام. الرمز الداخلي للمنتج: X18141-550GD-APP.
نجف معلق ذهبي - X18142,X18142-550GD-APP,,نجف,قطعة,قطعة,ذهبي,1190,,4,نجف معلق بلون ذهبي، بتصميم عصري يناسب الصالات وغرف المعيشة والاستقبال، يدعم التحكم عن بُعد باستخدام الريموت، كما يدعم التحكم عبر تطبيق الهاتف المحمول لمزيد من سهولة الاستخدام. الرمز الداخلي للمنتج: X18142-550GD-APP.
نجف معلق ذهبي - X18143,X18143-550GD-APP,,نجف,قطعة,قطعة,ذهبي,1190,,4,نجف معلق بلون ذهبي، بتصميم عصري يناسب الصالات وغرف المعيشة والاستقبال، يدعم التحكم عن بُعد باستخدام الريموت، كما يدعم التحكم عبر تطبيق الهاتف المحمول لمزيد من سهولة الاستخدام. الرمز الداخلي للمنتج: X18143-550GD-APP.
نجف معلق ذهبي - X18144,X18144-550GD-APP,,نجف,قطعة,قطعة,ذهبي,1190,,4,نجف معلق بلون ذهبي، بتصميم عصري يناسب الصالات وغرف المعيشة والاستقبال، يدعم التحكم عن بُعد باستخدام الريموت، كما يدعم التحكم عبر تطبيق الهاتف المحمول لمزيد من سهولة الاستخدام. الرمز الداخلي للمنتج: X18144-550GD-APP.
نجف معلق ذهبي - X18145,X18145-550GD-APP,,نجف,قطعة,قطعة,ذهبي,1190,,4,نجف معلق بلون ذهبي، بتصميم عصري يناسب الصالات وغرف المعيشة والاستقبال، يدعم التحكم عن بُعد باستخدام الريموت، كما يدعم التحكم عبر تطبيق الهاتف المحمول لمزيد من سهولة الاستخدام. الرمز الداخلي للمنتج: X18145-550GD-APP.
نجف معلق ذهبي - X18146,X18146-550GD-APP,,نجف,قطعة,قطعة,ذهبي,1190,,4,نجف معلق بلون ذهبي، بتصميم عصري يناسب الصالات وغرف المعيشة والاستقبال، يدعم التحكم عن بُعد باستخدام الريموت، كما يدعم التحكم عبر تطبيق الهاتف المحمول لمزيد من سهولة الاستخدام. الرمز الداخلي للمنتج: X18146-550GD-APP.
نجف معلق ذهبي - X18147,X18147-550GD-APP,,نجف,قطعة,قطعة,ذهبي,1190,,4,نجف معلق بلون ذهبي، بتصميم عصري يناسب الصالات وغرف المعيشة والاستقبال، يدعم التحكم عن بُعد باستخدام الريموت، كما يدعم التحكم عبر تطبيق الهاتف المحمول لمزيد من سهولة الاستخدام. الرمز الداخلي للمنتج: X18147-550GD-APP.
نجف معلق ذهبي - X18148,X18148-550GD-APP,,نجف,قطعة,قطعة,ذهبي,1190,,4,نجف معلق بلون ذهبي، بتصميم عصري يناسب الصالات وغرف المعيشة والاستقبال، يدعم التحكم عن بُعد باستخدام الريموت، كما يدعم التحكم عبر تطبيق الهاتف المحمول لمزيد من سهولة الاستخدام. الرمز الداخلي للمنتج: X18148-550GD-APP.
نجف معلق ذهبي - X18149,X18149-550GD-APP,,نجف,قطعة,قطعة,ذهبي,1190,,4,نجف معلق بلون ذهبي، بتصميم عصري يناسب الصالات وغرف المعيشة والاستقبال، يدعم التحكم عن بُعد باستخدام الريموت، كما يدعم التحكم عبر تطبيق الهاتف المحمول لمزيد من سهولة الاستخدام. الرمز الداخلي للمنتج: X18149-550GD-APP.
نجف معلق ذهبي - X18150,X18150-550GD-APP,,نجف,قطعة,قطعة,ذهبي,1190,,4,نجف معلق بلون ذهبي، بتصميم عصري يناسب الصالات وغرف المعيشة والاستقبال، يدعم التحكم عن بُعد باستخدام الريموت، كما يدعم التحكم عبر تطبيق الهاتف المحمول لمزيد من سهولة الاستخدام. الرمز الداخلي للمنتج: X18150-550GD-APP.
نجف معلق ذهبي - X18151,X18151-550GD-APP,,نجف,قطعة,قطعة,ذهبي,1190,,4,نجف معلق بلون ذهبي، بتصميم عصري يناسب الصالات وغرف المعيشة والاستقبال، يدعم التحكم عن بُعد باستخدام الريموت، كما يدعم التحكم عبر تطبيق الهاتف المحمول لمزيد من سهولة الاستخدام. الرمز الداخلي للمنتج: X18151-550GD-APP.
نجف معلق ذهبي - X18152,X18152-550GD-APP,,نجف,قطعة,قطعة,ذهبي,1190,,4,نجف معلق بلون ذهبي، بتصميم عصري يناسب الصالات وغرف المعيشة والاستقبال، يدعم التحكم عن بُعد باستخدام الريموت، كما يدعم التحكم عبر تطبيق الهاتف المحمول لمزيد من سهولة الاستخدام. الرمز الداخلي للمنتج: X18152-550GD-APP.
نجف معلق ذهبي - X18153,X18153-550GD-APP,,نجف,قطعة,قطعة,ذهبي,1190,,4,نجف معلق بلون ذهبي، بتصميم عصري يناسب الصالات وغرف المعيشة والاستقبال، يدعم التحكم عن بُعد باستخدام الريموت، كما يدعم التحكم عبر تطبيق الهاتف المحمول لمزيد من سهولة الاستخدام. الرمز الداخلي للمنتج: X18153-550GD-APP.
نجف معلق ذهبي - R-U501-3,R-U501-3-GD-APP,,نجف,قطعة,قطعة,ذهبي,1260,,4,نجف معلق بلون ذهبي، بتصميم عصري يناسب الصالات وغرف المعيشة والاستقبال، يدعم التحكم عن بُعد باستخدام الريموت، كما يدعم التحكم عبر تطبيق الهاتف المحمول لمزيد من سهولة الاستخدام. الرمز الداخلي للمنتج: R-U501-3-GD-APP.
نجف معلق ذهبي - R-U502-2,R-U502-2-GD-APP,,نجف,قطعة,قطعة,ذهبي,1110,,4,نجف معلق بلون ذهبي، بتصميم عصري يناسب الصالات وغرف المعيشة والاستقبال، يدعم التحكم عن بُعد باستخدام الريموت، كما يدعم التحكم عبر تطبيق الهاتف المحمول لمزيد من سهولة الاستخدام. الرمز الداخلي للمنتج: R-U502-2-GD-APP.
نجف معلق ذهبي - R-U504-3,R-U504-3-GD-APP,,نجف,قطعة,قطعة,ذهبي,1750,,4,نجف معلق بلون ذهبي، بتصميم عصري يناسب الصالات وغرف المعيشة والاستقبال، يدعم التحكم عن بُعد باستخدام الريموت، كما يدعم التحكم عبر تطبيق الهاتف المحمول لمزيد من سهولة الاستخدام. الرمز الداخلي للمنتج: R-U504-3-GD-APP.
نجف معلق ذهبي - R-U506-3,R-U506-3-GD-APP,,نجف,قطعة,قطعة,ذهبي,1255,,4,نجف معلق بلون ذهبي، بتصميم عصري يناسب الصالات وغرف المعيشة والاستقبال، يدعم التحكم عن بُعد باستخدام الريموت، كما يدعم التحكم عبر تطبيق الهاتف المحمول لمزيد من سهولة الاستخدام. الرمز الداخلي للمنتج: R-U506-3-GD-APP.
نجف معلق ذهبي - R-U507-3,R-U507-3-GD-APP,,نجف,قطعة,قطعة,ذهبي,1265,,4,نجف معلق بلون ذهبي، بتصميم عصري يناسب الصالات وغرف المعيشة والاستقبال، يدعم التحكم عن بُعد باستخدام الريموت، كما يدعم التحكم عبر تطبيق الهاتف المحمول لمزيد من سهولة الاستخدام. الرمز الداخلي للمنتج: R-U507-3-GD-APP.
نجف معلق ذهبي - R-U508-2,R-U508-2-GD-APP,,نجف,قطعة,قطعة,ذهبي,1190,,4,نجف معلق بلون ذهبي، بتصميم عصري يناسب الصالات وغرف المعيشة والاستقبال، يدعم التحكم عن بُعد باستخدام الريموت، كما يدعم التحكم عبر تطبيق الهاتف المحمول لمزيد من سهولة الاستخدام. الرمز الداخلي للمنتج: R-U508-2-GD-APP.
نجف معلق ذهبي - R-U509-3,R-U509-3-GD-APP,,نجف,قطعة,قطعة,ذهبي,1255,,4,نجف معلق بلون ذهبي، بتصميم عصري يناسب الصالات وغرف المعيشة والاستقبال، يدعم التحكم عن بُعد باستخدام الريموت، كما يدعم التحكم عبر تطبيق الهاتف المحمول لمزيد من سهولة الاستخدام. الرمز الداخلي للمنتج: R-U509-3-GD-APP.
نجف معلق ذهبي - R-U510-3,R-U510-3-GD-APP,,نجف,قطعة,قطعة,ذهبي,1480,,4,نجف معلق بلون ذهبي، بتصميم عصري يناسب الصالات وغرف المعيشة والاستقبال، يدعم التحكم عن بُعد باستخدام الريموت، كما يدعم التحكم عبر تطبيق الهاتف المحمول لمزيد من سهولة الاستخدام. الرمز الداخلي للمنتج: R-U510-3-GD-APP.
نجف معلق ذهبي - R-U511-3,R-U511-3-GD-APP,,نجف,قطعة,قطعة,ذهبي,1495,,4,نجف معلق بلون ذهبي، بتصميم عصري يناسب الصالات وغرف المعيشة والاستقبال، يدعم التحكم عن بُعد باستخدام الريموت، كما يدعم التحكم عبر تطبيق الهاتف المحمول لمزيد من سهولة الاستخدام. الرمز الداخلي للمنتج: R-U511-3-GD-APP.
نجف معلق ذهبي - R-U512-3,R-U512-3-GD-APP,,نجف,قطعة,قطعة,ذهبي,1710,,4,نجف معلق بلون ذهبي، بتصميم عصري يناسب الصالات وغرف المعيشة والاستقبال، يدعم التحكم عن بُعد باستخدام الريموت، كما يدعم التحكم عبر تطبيق الهاتف المحمول لمزيد من سهولة الاستخدام. الرمز الداخلي للمنتج: R-U512-3-GD-APP.
نجف معلق ذهبي - R-U513-4,R-U513-4-GD-APP,,نجف,قطعة,قطعة,ذهبي,1465,,4,نجف معلق بلون ذهبي، بتصميم عصري يناسب الصالات وغرف المعيشة والاستقبال، يدعم التحكم عن بُعد باستخدام الريموت، كما يدعم التحكم عبر تطبيق الهاتف المحمول لمزيد من سهولة الاستخدام. الرمز الداخلي للمنتج: R-U513-4-GD-APP.
نجف معلق ذهبي - R-U530-3,R-U530-3-GD-APP,,نجف,قطعة,قطعة,ذهبي,1475,,4,نجف معلق بلون ذهبي، بتصميم عصري يناسب الصالات وغرف المعيشة والاستقبال، يدعم التحكم عن بُعد باستخدام الريموت، كما يدعم التحكم عبر تطبيق الهاتف المحمول لمزيد من سهولة الاستخدام. الرمز الداخلي للمنتج: R-U530-3-GD-APP.
نجف معلق ذهبي - R-U531-3,R-U531-3-GD-APP,,نجف,قطعة,قطعة,ذهبي,1120,,4,نجف معلق بلون ذهبي، بتصميم عصري يناسب الصالات وغرف المعيشة والاستقبال، يدعم التحكم عن بُعد باستخدام الريموت، كما يدعم التحكم عبر تطبيق الهاتف المحمول لمزيد من سهولة الاستخدام. الرمز الداخلي للمنتج: R-U531-3-GD-APP.
نجف معلق ذهبي - R-U532-3,R-U532-3-GD-APP,,نجف,قطعة,قطعة,ذهبي,1375,,4,نجف معلق بلون ذهبي، بتصميم عصري يناسب الصالات وغرف المعيشة والاستقبال، يدعم التحكم عن بُعد باستخدام الريموت، كما يدعم التحكم عبر تطبيق الهاتف المحمول لمزيد من سهولة الاستخدام. الرمز الداخلي للمنتج: R-U532-3-GD-APP.
نجف معلق ذهبي - R-U533-2,R-U533-2-GD-APP,,نجف,قطعة,قطعة,ذهبي,1325,,4,نجف معلق بلون ذهبي، بتصميم عصري يناسب الصالات وغرف المعيشة والاستقبال، يدعم التحكم عن بُعد باستخدام الريموت، كما يدعم التحكم عبر تطبيق الهاتف المحمول لمزيد من سهولة الاستخدام. الرمز الداخلي للمنتج: R-U533-2-GD-APP.
نجف معلق ذهبي - R-U534-3,R-U534-3-GD-APP,,نجف,قطعة,قطعة,ذهبي,1185,,4,نجف معلق بلون ذهبي، بتصميم عصري يناسب الصالات وغرف المعيشة والاستقبال، يدعم التحكم عن بُعد باستخدام الريموت، كما يدعم التحكم عبر تطبيق الهاتف المحمول لمزيد من سهولة الاستخدام. الرمز الداخلي للمنتج: R-U534-3-GD-APP.
نجف معلق ذهبي - R-U535-3,R-U535-3-GD-APP,,نجف,قطعة,قطعة,ذهبي,1265,,4,نجف معلق بلون ذهبي، بتصميم عصري يناسب الصالات وغرف المعيشة والاستقبال، يدعم التحكم عن بُعد باستخدام الريموت، كما يدعم التحكم عبر تطبيق الهاتف المحمول لمزيد من سهولة الاستخدام. الرمز الداخلي للمنتج: R-U535-3-GD-APP.
نجف معلق ذهبي - R-U537-4,R-U537-4-GD-APP,,نجف,قطعة,قطعة,ذهبي,1300,,4,نجف معلق بلون ذهبي، بتصميم عصري يناسب الصالات وغرف المعيشة والاستقبال، يدعم التحكم عن بُعد باستخدام الريموت، كما يدعم التحكم عبر تطبيق الهاتف المحمول لمزيد من سهولة الاستخدام. الرمز الداخلي للمنتج: R-U537-4-GD-APP.
نجف معلق ذهبي - R-U538-3,R-U538-3-GD-APP,,نجف,قطعة,قطعة,ذهبي,1260,,4,نجف معلق بلون ذهبي، بتصميم عصري يناسب الصالات وغرف المعيشة والاستقبال، يدعم التحكم عن بُعد باستخدام الريموت، كما يدعم التحكم عبر تطبيق الهاتف المحمول لمزيد من سهولة الاستخدام. الرمز الداخلي للمنتج: R-U538-3-GD-APP.
نجف معلق ذهبي - R-U801,R-U801-700*300-GD-APP,,نجف,قطعة,قطعة,ذهبي,1620,,4,نجف معلق بلون ذهبي، بتصميم عصري يناسب الصالات وغرف المعيشة والاستقبال، يدعم التحكم عن بُعد باستخدام الريموت، كما يدعم التحكم عبر تطبيق الهاتف المحمول لمزيد من سهولة الاستخدام. الرمز الداخلي للمنتج: R-U801-700*300-GD-APP.
نجف معلق ذهبي - R-U802,R-U802-500-GD-APP,,نجف,قطعة,قطعة,ذهبي,1500,,4,نجف معلق بلون ذهبي، بتصميم عصري يناسب الصالات وغرف المعيشة والاستقبال، يدعم التحكم عن بُعد باستخدام الريموت، كما يدعم التحكم عبر تطبيق الهاتف المحمول لمزيد من سهولة الاستخدام. الرمز الداخلي للمنتج: R-U802-500-GD-APP.
نجف معلق ذهبي - R-U802,R-U802-700*300-GD-APP,,نجف,قطعة,قطعة,ذهبي,1640,,4,نجف معلق بلون ذهبي، بتصميم عصري يناسب الصالات وغرف المعيشة والاستقبال، يدعم التحكم عن بُعد باستخدام الريموت، كما يدعم التحكم عبر تطبيق الهاتف المحمول لمزيد من سهولة الاستخدام. الرمز الداخلي للمنتج: R-U802-700*300-GD-APP.
نجف معلق ذهبي - R-U803,R-U803-500-GD-APP,,نجف,قطعة,قطعة,ذهبي,1160,,4,نجف معلق بلون ذهبي، بتصميم عصري يناسب الصالات وغرف المعيشة والاستقبال، يدعم التحكم عن بُعد باستخدام الريموت، كما يدعم التحكم عبر تطبيق الهاتف المحمول لمزيد من سهولة الاستخدام. الرمز الداخلي للمنتج: R-U803-500-GD-APP.
نجف معلق ذهبي - R-U803,R-U803-800*300-GD-APP,,نجف,قطعة,قطعة,ذهبي,1300,,4,نجف معلق بلون ذهبي، بتصميم عصري يناسب الصالات وغرف المعيشة والاستقبال، يدعم التحكم عن بُعد باستخدام الريموت، كما يدعم التحكم عبر تطبيق الهاتف المحمول لمزيد من سهولة الاستخدام. الرمز الداخلي للمنتج: R-U803-800*300-GD-APP.
نجف معلق ذهبي - R-U804,R-U804-500-GD-APP,,نجف,قطعة,قطعة,ذهبي,1680,,4,نجف معلق بلون ذهبي، بتصميم عصري يناسب الصالات وغرف المعيشة والاستقبال، يدعم التحكم عن بُعد باستخدام الريموت، كما يدعم التحكم عبر تطبيق الهاتف المحمول لمزيد من سهولة الاستخدام. الرمز الداخلي للمنتج: R-U804-500-GD-APP.
نجف معلق ذهبي - R-U804,R-U804-700*300-GD-APP,,نجف,قطعة,قطعة,ذهبي,1740,,4,نجف معلق بلون ذهبي، بتصميم عصري يناسب الصالات وغرف المعيشة والاستقبال، يدعم التحكم عن بُعد باستخدام الريموت، كما يدعم التحكم عبر تطبيق الهاتف المحمول لمزيد من سهولة الاستخدام. الرمز الداخلي للمنتج: R-U804-700*300-GD-APP.
نجف معلق ذهبي - R-U805,R-U805-500-GD-APP,,نجف,قطعة,قطعة,ذهبي,1690,,4,نجف معلق بلون ذهبي، بتصميم عصري يناسب الصالات وغرف المعيشة والاستقبال، يدعم التحكم عن بُعد باستخدام الريموت، كما يدعم التحكم عبر تطبيق الهاتف المحمول لمزيد من سهولة الاستخدام. الرمز الداخلي للمنتج: R-U805-500-GD-APP.
نجف معلق ذهبي - R-U805,R-U805-700*300-GD-APP,,نجف,قطعة,قطعة,ذهبي,1840,,4,نجف معلق بلون ذهبي، بتصميم عصري يناسب الصالات وغرف المعيشة والاستقبال، يدعم التحكم عن بُعد باستخدام الريموت، كما يدعم التحكم عبر تطبيق الهاتف المحمول لمزيد من سهولة الاستخدام. الرمز الداخلي للمنتج: R-U805-700*300-GD-APP.
نجف معلق ذهبي - R-U806,R-U806-800*300-GD-APP,,نجف,قطعة,قطعة,ذهبي,1600,,4,نجف معلق بلون ذهبي، بتصميم عصري يناسب الصالات وغرف المعيشة والاستقبال، يدعم التحكم عن بُعد باستخدام الريموت، كما يدعم التحكم عبر تطبيق الهاتف المحمول لمزيد من سهولة الاستخدام. الرمز الداخلي للمنتج: R-U806-800*300-GD-APP.
نجف معلق شمبانيا - R-U807,R-U807-600-CPG-APP,,نجف,قطعة,قطعة,شمبانيا,1540,,4,نجف معلق بلون شمبانيا، بتصميم عصري يناسب الصالات وغرف المعيشة والاستقبال، يدعم التحكم عن بُعد باستخدام الريموت، كما يدعم التحكم عبر تطبيق الهاتف المحمول لمزيد من سهولة الاستخدام. الرمز الداخلي للمنتج: R-U807-600-CPG-APP.
نجف معلق ذهبي - R-U807,R-U807-800*300-GD-APP,,نجف,قطعة,قطعة,ذهبي,1480,,4,نجف معلق بلون ذهبي، بتصميم عصري يناسب الصالات وغرف المعيشة والاستقبال، يدعم التحكم عن بُعد باستخدام الريموت، كما يدعم التحكم عبر تطبيق الهاتف المحمول لمزيد من سهولة الاستخدام. الرمز الداخلي للمنتج: R-U807-800*300-GD-APP.
نجف معلق ذهبي - R-U809,R-U809-500-GD-APP,,نجف,قطعة,قطعة,ذهبي,1380,,4,نجف معلق بلون ذهبي، بتصميم عصري يناسب الصالات وغرف المعيشة والاستقبال، يدعم التحكم عن بُعد باستخدام الريموت، كما يدعم التحكم عبر تطبيق الهاتف المحمول لمزيد من سهولة الاستخدام. الرمز الداخلي للمنتج: R-U809-500-GD-APP.
نجف معلق ذهبي - R-U809,R-U809-700*300-GD-APP,,نجف,قطعة,قطعة,ذهبي,1870,,4,نجف معلق بلون ذهبي، بتصميم عصري يناسب الصالات وغرف المعيشة والاستقبال، يدعم التحكم عن بُعد باستخدام الريموت، كما يدعم التحكم عبر تطبيق الهاتف المحمول لمزيد من سهولة الاستخدام. الرمز الداخلي للمنتج: R-U809-700*300-GD-APP.
نجف معلق ذهبي - R-U810,R-U810-500-GD-APP,,نجف,قطعة,قطعة,ذهبي,1300,,4,نجف معلق بلون ذهبي، بتصميم عصري يناسب الصالات وغرف المعيشة والاستقبال، يدعم التحكم عن بُعد باستخدام الريموت، كما يدعم التحكم عبر تطبيق الهاتف المحمول لمزيد من سهولة الاستخدام. الرمز الداخلي للمنتج: R-U810-500-GD-APP.
نجف معلق ذهبي - R-U810,R-U810-800*300-GD-APP,,نجف,قطعة,قطعة,ذهبي,1400,,4,نجف معلق بلون ذهبي، بتصميم عصري يناسب الصالات وغرف المعيشة والاستقبال، يدعم التحكم عن بُعد باستخدام الريموت، كما يدعم التحكم عبر تطبيق الهاتف المحمول لمزيد من سهولة الاستخدام. الرمز الداخلي للمنتج: R-U810-800*300-GD-APP.
نجف معلق ذهبي - R-U811,R-U811-800*300-GD-APP,,نجف,قطعة,قطعة,ذهبي,1560,,4,نجف معلق بلون ذهبي، بتصميم عصري يناسب الصالات وغرف المعيشة والاستقبال، يدعم التحكم عن بُعد باستخدام الريموت، كما يدعم التحكم عبر تطبيق الهاتف المحمول لمزيد من سهولة الاستخدام. الرمز الداخلي للمنتج: R-U811-800*300-GD-APP.
نجف معلق ذهبي - R-U811,R-U811-800*300-GD-APP,,نجف,قطعة,قطعة,ذهبي,1560,,4,نجف معلق بلون ذهبي، بتصميم عصري يناسب الصالات وغرف المعيشة والاستقبال، يدعم التحكم عن بُعد باستخدام الريموت، كما يدعم التحكم عبر تطبيق الهاتف المحمول لمزيد من سهولة الاستخدام. الرمز الداخلي للمنتج: R-U811-800*300-GD-APP.
نجف معلق ذهبي - R-U811,R-U811-500-GD-APP,,نجف,قطعة,قطعة,ذهبي,1350,,4,نجف معلق بلون ذهبي، بتصميم عصري يناسب الصالات وغرف المعيشة والاستقبال، يدعم التحكم عن بُعد باستخدام الريموت، كما يدعم التحكم عبر تطبيق الهاتف المحمول لمزيد من سهولة الاستخدام. الرمز الداخلي للمنتج: R-U811-500-GD-APP.
نجف معلق ذهبي - R-U812,R-U812-500-GD-APP,,نجف,قطعة,قطعة,ذهبي,1600,,4,نجف معلق بلون ذهبي، بتصميم عصري يناسب الصالات وغرف المعيشة والاستقبال، يدعم التحكم عن بُعد باستخدام الريموت، كما يدعم التحكم عبر تطبيق الهاتف المحمول لمزيد من سهولة الاستخدام. الرمز الداخلي للمنتج: R-U812-500-GD-APP.
نجف معلق ذهبي - R-U812,R-U812-700*300-GD-APP,,نجف,قطعة,قطعة,ذهبي,1650,,4,نجف معلق بلون ذهبي، بتصميم عصري يناسب الصالات وغرف المعيشة والاستقبال، يدعم التحكم عن بُعد باستخدام الريموت، كما يدعم التحكم عبر تطبيق الهاتف المحمول لمزيد من سهولة الاستخدام. الرمز الداخلي للمنتج: R-U812-700*300-GD-APP.
نجف معلق ذهبي - R-U813,R-U813-500-GD-APP,,نجف,قطعة,قطعة,ذهبي,1490,,4,نجف معلق بلون ذهبي، بتصميم عصري يناسب الصالات وغرف المعيشة والاستقبال، يدعم التحكم عن بُعد باستخدام الريموت، كما يدعم التحكم عبر تطبيق الهاتف المحمول لمزيد من سهولة الاستخدام. الرمز الداخلي للمنتج: R-U813-500-GD-APP.
نجف معلق ذهبي - R-U813,R-U813-800*300-GD-APP,,نجف,قطعة,قطعة,ذهبي,1580,,4,نجف معلق بلون ذهبي، بتصميم عصري يناسب الصالات وغرف المعيشة والاستقبال، يدعم التحكم عن بُعد باستخدام الريموت، كما يدعم التحكم عبر تطبيق الهاتف المحمول لمزيد من سهولة الاستخدام. الرمز الداخلي للمنتج: R-U813-800*300-GD-APP.
نجف معلق ذهبي - R-U818,R-U818-500-GD-APP,,نجف,قطعة,قطعة,ذهبي,1380,,4,نجف معلق بلون ذهبي، بتصميم عصري يناسب الصالات وغرف المعيشة والاستقبال، يدعم التحكم عن بُعد باستخدام الريموت، كما يدعم التحكم عبر تطبيق الهاتف المحمول لمزيد من سهولة الاستخدام. الرمز الداخلي للمنتج: R-U818-500-GD-APP.
نجف معلق ذهبي - R-U818,R-U818-500*300-GD-APP,,نجف,قطعة,قطعة,ذهبي,1920,,4,نجف معلق بلون ذهبي، بتصميم عصري يناسب الصالات وغرف المعيشة والاستقبال، يدعم التحكم عن بُعد باستخدام الريموت، كما يدعم التحكم عبر تطبيق الهاتف المحمول لمزيد من سهولة الاستخدام. الرمز الداخلي للمنتج: R-U818-500*300-GD-APP.
نجف معلق ذهبي - R-U818,R-U818-800*300-GD-APP,,نجف,قطعة,قطعة,ذهبي,1470,,4,نجف معلق بلون ذهبي، بتصميم عصري يناسب الصالات وغرف المعيشة والاستقبال، يدعم التحكم عن بُعد باستخدام الريموت، كما يدعم التحكم عبر تطبيق الهاتف المحمول لمزيد من سهولة الاستخدام. الرمز الداخلي للمنتج: R-U818-800*300-GD-APP.
نجف معلق ذهبي - R-U821,R-U821-500-GD-APP,,نجف,قطعة,قطعة,ذهبي,1340,,4,نجف معلق بلون ذهبي، بتصميم عصري يناسب الصالات وغرف المعيشة والاستقبال، يدعم التحكم عن بُعد باستخدام الريموت، كما يدعم التحكم عبر تطبيق الهاتف المحمول لمزيد من سهولة الاستخدام. الرمز الداخلي للمنتج: R-U821-500-GD-APP.
نجف معلق ذهبي - R-U826,R-U826-450-GD-APP,,نجف,قطعة,قطعة,ذهبي,1220,,4,نجف معلق بلون ذهبي، بتصميم عصري يناسب الصالات وغرف المعيشة والاستقبال، يدعم التحكم عن بُعد باستخدام الريموت، كما يدعم التحكم عبر تطبيق الهاتف المحمول لمزيد من سهولة الاستخدام. الرمز الداخلي للمنتج: R-U826-450-GD-APP.
نجف معلق ذهبي - R-U827,R-U827-450-GD-APP,,نجف,قطعة,قطعة,ذهبي,1220,,4,نجف معلق بلون ذهبي، بتصميم عصري يناسب الصالات وغرف المعيشة والاستقبال، يدعم التحكم عن بُعد باستخدام الريموت، كما يدعم التحكم عبر تطبيق الهاتف المحمول لمزيد من سهولة الاستخدام. الرمز الداخلي للمنتج: R-U827-450-GD-APP.
نجف معلق ذهبي - R-U828,R-U828-450-GD-APP,,نجف,قطعة,قطعة,ذهبي,1220,,4,نجف معلق بلون ذهبي، بتصميم عصري يناسب الصالات وغرف المعيشة والاستقبال، يدعم التحكم عن بُعد باستخدام الريموت، كما يدعم التحكم عبر تطبيق الهاتف المحمول لمزيد من سهولة الاستخدام. الرمز الداخلي للمنتج: R-U828-450-GD-APP.
نجف معلق ذهبي - R-U829,R-U829-450-GD-APP,,نجف,قطعة,قطعة,ذهبي,1265,,4,نجف معلق بلون ذهبي، بتصميم عصري يناسب الصالات وغرف المعيشة والاستقبال، يدعم التحكم عن بُعد باستخدام الريموت، كما يدعم التحكم عبر تطبيق الهاتف المحمول لمزيد من سهولة الاستخدام. الرمز الداخلي للمنتج: R-U829-450-GD-APP.
نجف معلق ذهبي - R-U830,R-U830-450-GD-APP,,نجف,قطعة,قطعة,ذهبي,1550,,4,نجف معلق بلون ذهبي، بتصميم عصري يناسب الصالات وغرف المعيشة والاستقبال، يدعم التحكم عن بُعد باستخدام الريموت، كما يدعم التحكم عبر تطبيق الهاتف المحمول لمزيد من سهولة الاستخدام. الرمز الداخلي للمنتج: R-U830-450-GD-APP.
نجف معلق ذهبي - R-U831,R-U831-450-GD-APP,,نجف,قطعة,قطعة,ذهبي,1550,,4,نجف معلق بلون ذهبي، بتصميم عصري يناسب الصالات وغرف المعيشة والاستقبال، يدعم التحكم عن بُعد باستخدام الريموت، كما يدعم التحكم عبر تطبيق الهاتف المحمول لمزيد من سهولة الاستخدام. الرمز الداخلي للمنتج: R-U831-450-GD-APP.
نجف معلق ذهبي - R-U832,R-U832-450-GD-APP,,نجف,قطعة,قطعة,ذهبي,1550,,4,نجف معلق بلون ذهبي، بتصميم عصري يناسب الصالات وغرف المعيشة والاستقبال، يدعم التحكم عن بُعد باستخدام الريموت، كما يدعم التحكم عبر تطبيق الهاتف المحمول لمزيد من سهولة الاستخدام. الرمز الداخلي للمنتج: R-U832-450-GD-APP.
نجف معلق ذهبي - R-U833,R-U833-450-GD-APP,,نجف,قطعة,قطعة,ذهبي,1395,,4,نجف معلق بلون ذهبي، بتصميم عصري يناسب الصالات وغرف المعيشة والاستقبال، يدعم التحكم عن بُعد باستخدام الريموت، كما يدعم التحكم عبر تطبيق الهاتف المحمول لمزيد من سهولة الاستخدام. الرمز الداخلي للمنتج: R-U833-450-GD-APP.
نجف معلق ذهبي - R-U834,R-U834-450-GD-APP,,نجف,قطعة,قطعة,ذهبي,1550,,4,نجف معلق بلون ذهبي، بتصميم عصري يناسب الصالات وغرف المعيشة والاستقبال، يدعم التحكم عن بُعد باستخدام الريموت، كما يدعم التحكم عبر تطبيق الهاتف المحمول لمزيد من سهولة الاستخدام. الرمز الداخلي للمنتج: R-U834-450-GD-APP.
نجف معلق ذهبي - R-U835,R-U835-450-GD-APP,,نجف,قطعة,قطعة,ذهبي,1330,,4,نجف معلق بلون ذهبي، بتصميم عصري يناسب الصالات وغرف المعيشة والاستقبال، يدعم التحكم عن بُعد باستخدام الريموت، كما يدعم التحكم عبر تطبيق الهاتف المحمول لمزيد من سهولة الاستخدام. الرمز الداخلي للمنتج: R-U835-450-GD-APP.
نجف معلق ذهبي - R-U836,R-U836-400-GD-APP,,نجف,قطعة,قطعة,ذهبي,1040,,4,نجف معلق بلون ذهبي، بتصميم عصري يناسب الصالات وغرف المعيشة والاستقبال، يدعم التحكم عن بُعد باستخدام الريموت، كما يدعم التحكم عبر تطبيق الهاتف المحمول لمزيد من سهولة الاستخدام. الرمز الداخلي للمنتج: R-U836-400-GD-APP.
نجف معلق ذهبي - R-U836,R-U836-500-GD-APP,,نجف,قطعة,قطعة,ذهبي,1330,,4,نجف معلق بلون ذهبي، بتصميم عصري يناسب الصالات وغرف المعيشة والاستقبال، يدعم التحكم عن بُعد باستخدام الريموت، كما يدعم التحكم عبر تطبيق الهاتف المحمول لمزيد من سهولة الاستخدام. الرمز الداخلي للمنتج: R-U836-500-GD-APP.
نجف معلق ذهبي - R-U836,R-U836-600-GD-APP,,نجف,قطعة,قطعة,ذهبي,1600,,4,نجف معلق بلون ذهبي، بتصميم عصري يناسب الصالات وغرف المعيشة والاستقبال، يدعم التحكم عن بُعد باستخدام الريموت، كما يدعم التحكم عبر تطبيق الهاتف المحمول لمزيد من سهولة الاستخدام. الرمز الداخلي للمنتج: R-U836-600-GD-APP.
نجف معلق ذهبي - R-U836,R-U836-800*350-GD-APP,,نجف,قطعة,قطعة,ذهبي,1570,,4,نجف معلق بلون ذهبي، بتصميم عصري يناسب الصالات وغرف المعيشة والاستقبال، يدعم التحكم عن بُعد باستخدام الريموت، كما يدعم التحكم عبر تطبيق الهاتف المحمول لمزيد من سهولة الاستخدام. الرمز الداخلي للمنتج: R-U836-800*350-GD-APP.
نجف معلق ذهبي - R-U837,R-U837-400-GD-APP,,نجف,قطعة,قطعة,ذهبي,1110,,4,نجف معلق بلون ذهبي، بتصميم عصري يناسب الصالات وغرف المعيشة والاستقبال، يدعم التحكم عن بُعد باستخدام الريموت، كما يدعم التحكم عبر تطبيق الهاتف المحمول لمزيد من سهولة الاستخدام. الرمز الداخلي للمنتج: R-U837-400-GD-APP.
نجف معلق ذهبي - R-U837,R-U837-500-GD-APP,,نجف,قطعة,قطعة,ذهبي,1440,,4,نجف معلق بلون ذهبي، بتصميم عصري يناسب الصالات وغرف المعيشة والاستقبال، يدعم التحكم عن بُعد باستخدام الريموت، كما يدعم التحكم عبر تطبيق الهاتف المحمول لمزيد من سهولة الاستخدام. الرمز الداخلي للمنتج: R-U837-500-GD-APP.
نجف معلق ذهبي - R-U837,R-U837-600-GD-APP,,نجف,قطعة,قطعة,ذهبي,1770,,4,نجف معلق بلون ذهبي، بتصميم عصري يناسب الصالات وغرف المعيشة والاستقبال، يدعم التحكم عن بُعد باستخدام الريموت، كما يدعم التحكم عبر تطبيق الهاتف المحمول لمزيد من سهولة الاستخدام. الرمز الداخلي للمنتج: R-U837-600-GD-APP.
نجف معلق ذهبي - R-U837,R-U837-800*350-GD-APP,,نجف,قطعة,قطعة,ذهبي,1700,,4,نجف معلق بلون ذهبي، بتصميم عصري يناسب الصالات وغرف المعيشة والاستقبال، يدعم التحكم عن بُعد باستخدام الريموت، كما يدعم التحكم عبر تطبيق الهاتف المحمول لمزيد من سهولة الاستخدام. الرمز الداخلي للمنتج: R-U837-800*350-GD-APP.
نجف معلق ذهبي - R-U838,R-U838-400-GD-APP,,نجف,قطعة,قطعة,ذهبي,1380,,4,نجف معلق بلون ذهبي، بتصميم عصري يناسب الصالات وغرف المعيشة والاستقبال، يدعم التحكم عن بُعد باستخدام الريموت، كما يدعم التحكم عبر تطبيق الهاتف المحمول لمزيد من سهولة الاستخدام. الرمز الداخلي للمنتج: R-U838-400-GD-APP.
نجف معلق ذهبي - R-U839,R-U839-800*350-GD-APP,,نجف,قطعة,قطعة,ذهبي,2370,,4,نجف معلق بلون ذهبي، بتصميم عصري يناسب الصالات وغرف المعيشة والاستقبال، يدعم التحكم عن بُعد باستخدام الريموت، كما يدعم التحكم عبر تطبيق الهاتف المحمول لمزيد من سهولة الاستخدام. الرمز الداخلي للمنتج: R-U839-800*350-GD-APP.
نجف معلق ذهبي - R-U840,R-U840-800*350-GD-APP,,نجف,قطعة,قطعة,ذهبي,1900,,4,نجف معلق بلون ذهبي، بتصميم عصري يناسب الصالات وغرف المعيشة والاستقبال، يدعم التحكم عن بُعد باستخدام الريموت، كما يدعم التحكم عبر تطبيق الهاتف المحمول لمزيد من سهولة الاستخدام. الرمز الداخلي للمنتج: R-U840-800*350-GD-APP.
نجف معلق ذهبي - R-U856,R-U856-450-GD-APP,,نجف,قطعة,قطعة,ذهبي,1330,,4,نجف معلق بلون ذهبي، بتصميم عصري يناسب الصالات وغرف المعيشة والاستقبال، يدعم التحكم عن بُعد باستخدام الريموت، كما يدعم التحكم عبر تطبيق الهاتف المحمول لمزيد من سهولة الاستخدام. الرمز الداخلي للمنتج: R-U856-450-GD-APP.
نجف معلق ذهبي - R-U858,R-U858-450-GD-APP,,نجف,قطعة,قطعة,ذهبي,1305,,4,نجف معلق بلون ذهبي، بتصميم عصري يناسب الصالات وغرف المعيشة والاستقبال، يدعم التحكم عن بُعد باستخدام الريموت، كما يدعم التحكم عبر تطبيق الهاتف المحمول لمزيد من سهولة الاستخدام. الرمز الداخلي للمنتج: R-U858-450-GD-APP.
نجف معلق ذهبي - R-U870,R-U870-450-GD-APP,,نجف,قطعة,قطعة,ذهبي,1540,,4,نجف معلق بلون ذهبي، بتصميم عصري يناسب الصالات وغرف المعيشة والاستقبال، يدعم التحكم عن بُعد باستخدام الريموت، كما يدعم التحكم عبر تطبيق الهاتف المحمول لمزيد من سهولة الاستخدام. الرمز الداخلي للمنتج: R-U870-450-GD-APP.
نجف معلق ذهبي - R-U871,R-U871-450-GD-APP,,نجف,قطعة,قطعة,ذهبي,1400,,4,نجف معلق بلون ذهبي، بتصميم عصري يناسب الصالات وغرف المعيشة والاستقبال، يدعم التحكم عن بُعد باستخدام الريموت، كما يدعم التحكم عبر تطبيق الهاتف المحمول لمزيد من سهولة الاستخدام. الرمز الداخلي للمنتج: R-U871-450-GD-APP.
نجف معلق ذهبي - R-U872,R-U872-450-GD-APP,,نجف,قطعة,قطعة,ذهبي,1420,,4,نجف معلق بلون ذهبي، بتصميم عصري يناسب الصالات وغرف المعيشة والاستقبال، يدعم التحكم عن بُعد باستخدام الريموت، كما يدعم التحكم عبر تطبيق الهاتف المحمول لمزيد من سهولة الاستخدام. الرمز الداخلي للمنتج: R-U872-450-GD-APP.
نجف معلق ذهبي - R-U873,R-U873-450-GD-APP,,نجف,قطعة,قطعة,ذهبي,1560,,4,نجف معلق بلون ذهبي، بتصميم عصري يناسب الصالات وغرف المعيشة والاستقبال، يدعم التحكم عن بُعد باستخدام الريموت، كما يدعم التحكم عبر تطبيق الهاتف المحمول لمزيد من سهولة الاستخدام. الرمز الداخلي للمنتج: R-U873-450-GD-APP.
نجف معلق ذهبي - R-U874,R-U874-450-GD-APP,,نجف,قطعة,قطعة,ذهبي,1430,,4,نجف معلق بلون ذهبي، بتصميم عصري يناسب الصالات وغرف المعيشة والاستقبال، يدعم التحكم عن بُعد باستخدام الريموت، كما يدعم التحكم عبر تطبيق الهاتف المحمول لمزيد من سهولة الاستخدام. الرمز الداخلي للمنتج: R-U874-450-GD-APP.
نجف معلق ذهبي - R-U860,R-U860-500-GD-APP,,نجف,قطعة,قطعة,ذهبي,1330,,4,نجف معلق بلون ذهبي، بتصميم عصري يناسب الصالات وغرف المعيشة والاستقبال، يدعم التحكم عن بُعد باستخدام الريموت، كما يدعم التحكم عبر تطبيق الهاتف المحمول لمزيد من سهولة الاستخدام. الرمز الداخلي للمنتج: R-U860-500-GD-APP.
نجف معلق ذهبي - R-U861,R-U861-500-GD-APP,,نجف,قطعة,قطعة,ذهبي,1810,,4,نجف معلق بلون ذهبي، بتصميم عصري يناسب الصالات وغرف المعيشة والاستقبال، يدعم التحكم عن بُعد باستخدام الريموت، كما يدعم التحكم عبر تطبيق الهاتف المحمول لمزيد من سهولة الاستخدام. الرمز الداخلي للمنتج: R-U861-500-GD-APP.
وحدة إضاءة ذهبي - R-7711,R-7711-600-GD-APP,,,قطعة,قطعة,ذهبي,3500,,4,وحدة إضاءة بلون ذهبي، بتصميم عصري يناسب الصالات وغرف المعيشة والاستقبال، يدعم التحكم عن بُعد باستخدام الريموت، كما يدعم التحكم عبر تطبيق الهاتف المحمول لمزيد من سهولة الاستخدام. الرمز الداخلي للمنتج: R-7711-600-GD-APP.
وحدة إضاءة ذهبي - R-7711,R-7711-800-GD-APP,,,قطعة,قطعة,ذهبي,4500,,4,وحدة إضاءة بلون ذهبي، بتصميم عصري يناسب الصالات وغرف المعيشة والاستقبال، يدعم التحكم عن بُعد باستخدام الريموت، كما يدعم التحكم عبر تطبيق الهاتف المحمول لمزيد من سهولة الاستخدام. الرمز الداخلي للمنتج: R-7711-800-GD-APP.
وحدة إضاءة ذهبي - R-7711,R-7711-1000*300-GD-APP,,,قطعة,قطعة,ذهبي,4000,,4,وحدة إضاءة بلون ذهبي، بتصميم عصري يناسب الصالات وغرف المعيشة والاستقبال، يدعم التحكم عن بُعد باستخدام الريموت، كما يدعم التحكم عبر تطبيق الهاتف المحمول لمزيد من سهولة الاستخدام. الرمز الداخلي للمنتج: R-7711-1000*300-GD-APP.
وحدة إضاءة - R-SZ666,R-SZ666-400-EPG,,,قطعة,قطعة,,1890,,4,وحدة إضاءة، بتصميم عصري يناسب الصالات وغرف المعيشة والاستقبال. الرمز الداخلي للمنتج: R-SZ666-400-EPG.
وحدة إضاءة - R-SZ666,R-SZ666-600-EPG,,,قطعة,قطعة,,2940,,4,وحدة إضاءة، بتصميم عصري يناسب الصالات وغرف المعيشة والاستقبال. الرمز الداخلي للمنتج: R-SZ666-600-EPG.
وحدة إضاءة - R-SZ666,R-SZ666-800-EPG,,,قطعة,قطعة,,4430,,4,وحدة إضاءة، بتصميم عصري يناسب الصالات وغرف المعيشة والاستقبال. الرمز الداخلي للمنتج: R-SZ666-800-EPG.
وحدة إضاءة - R-SZ666,R-SZ666-1200-EPG,,,قطعة,قطعة,,5170,,4,وحدة إضاءة، بتصميم عصري يناسب الصالات وغرف المعيشة والاستقبال. الرمز الداخلي للمنتج: R-SZ666-1200-EPG.
وحدة إضاءة - R-SZ666,R-SZ666-2W-EPG,,,قطعة,قطعة,,720,,4,وحدة إضاءة، بتصميم عصري يناسب الصالات وغرف المعيشة والاستقبال. الرمز الداخلي للمنتج: R-SZ666-2W-EPG.
نجف معلق شمبانيا - HT-42001-400,HT-42001-400-CPG,,نجف,قطعة,قطعة,شمبانيا,725,,4,نجف معلق بلون شمبانيا، بتصميم عصري يناسب الصالات وغرف المعيشة والاستقبال. الرمز الداخلي للمنتج: HT-42001-400-CPG.
نجف معلق أسود وذهبي - HT-42001-400,HT-42001-400-BK+GD,,نجف,قطعة,قطعة,أسود وذهبي,700,,4,نجف معلق بلون أسود وذهبي، بتصميم عصري يناسب الصالات وغرف المعيشة والاستقبال. الرمز الداخلي للمنتج: HT-42001-400-BK+GD.
نجف معلق أسود وذهبي - HT-42001-500,HT-42001-500-BK+GD,,نجف,قطعة,قطعة,أسود وذهبي,800,,4,نجف معلق بلون أسود وذهبي، بتصميم عصري يناسب الصالات وغرف المعيشة والاستقبال. الرمز الداخلي للمنتج: HT-42001-500-BK+GD.
نجف معلق ذهبي - HT-42001-500,HT-42001-500-FGD,,نجف,قطعة,قطعة,ذهبي,930,,4,نجف معلق بلون ذهبي، بتصميم عصري يناسب الصالات وغرف المعيشة والاستقبال. الرمز الداخلي للمنتج: HT-42001-500-FGD.
نجف معلق شمبانيا - HT-42001-500,HT-42001-500-CPG,,نجف,قطعة,قطعة,شمبانيا,855,,4,نجف معلق بلون شمبانيا، بتصميم عصري يناسب الصالات وغرف المعيشة والاستقبال. الرمز الداخلي للمنتج: HT-42001-500-CPG.
نجف معلق أبيض وذهبي - HT-42001-500,HT-42001-500-WH+GD,,نجف,قطعة,قطعة,أبيض وذهبي,800,,4,نجف معلق بلون أبيض وذهبي، بتصميم عصري يناسب الصالات وغرف المعيشة والاستقبال. الرمز الداخلي للمنتج: HT-42001-500-WH+GD.
نجف معلق - HT-42001-500,HT-42001-500-CG,,نجف,قطعة,قطعة,,855,,4,نجف معلق، بتصميم عصري يناسب الصالات وغرف المعيشة والاستقبال. الرمز الداخلي للمنتج: HT-42001-500-CG.
نجف معلق أسود وذهبي - HT-52001-400,HT-52001-400-BK+GD,,نجف,قطعة,قطعة,أسود وذهبي,710,,4,نجف معلق بلون أسود وذهبي، بتصميم عصري يناسب الصالات وغرف المعيشة والاستقبال. الرمز الداخلي للمنتج: HT-52001-400-BK+GD.
نجف معلق ذهبي - HT-52001-400,HT-52001-400-FGD,,نجف,قطعة,قطعة,ذهبي,860,,4,نجف معلق بلون ذهبي، بتصميم عصري يناسب الصالات وغرف المعيشة والاستقبال. الرمز الداخلي للمنتج: HT-52001-400-FGD.
نجف معلق - HT-52001-400,HT-52001-400-CG,,نجف,قطعة,قطعة,,730,,4,نجف معلق، بتصميم عصري يناسب الصالات وغرف المعيشة والاستقبال. الرمز الداخلي للمنتج: HT-52001-400-CG.
نجف معلق شمبانيا - HT-52001-400,HT-52001-400-CPG,,نجف,قطعة,قطعة,شمبانيا,730,,4,نجف معلق بلون شمبانيا، بتصميم عصري يناسب الصالات وغرف المعيشة والاستقبال. الرمز الداخلي للمنتج: HT-52001-400-CPG.
نجف معلق أسود وذهبي - HT-52001,HT-52001-500-1-BK+GD,,نجف,قطعة,قطعة,أسود وذهبي,895,,4,نجف معلق بلون أسود وذهبي، بتصميم عصري يناسب الصالات وغرف المعيشة والاستقبال. الرمز الداخلي للمنتج: HT-52001-500-1-BK+GD.
نجف معلق - HT-52001-500,HT-52001-500-CG,,نجف,قطعة,قطعة,,920,,4,نجف معلق، بتصميم عصري يناسب الصالات وغرف المعيشة والاستقبال. الرمز الداخلي للمنتج: HT-52001-500-CG.
نجف معلق شمبانيا - HT-52001-500,HT-52001-500-CPG,,نجف,قطعة,قطعة,شمبانيا,920,,4,نجف معلق بلون شمبانيا، بتصميم عصري يناسب الصالات وغرف المعيشة والاستقبال. الرمز الداخلي للمنتج: HT-52001-500-CPG.
نجف معلق ذهبي - HT-52001-500,HT-52001-500-FGD,,نجف,قطعة,قطعة,ذهبي,960,,4,نجف معلق بلون ذهبي، بتصميم عصري يناسب الصالات وغرف المعيشة والاستقبال. الرمز الداخلي للمنتج: HT-52001-500-FGD.
نجف معلق أسود وذهبي - HT-52001-500,HT-52001-500-BK+GD,,نجف,قطعة,قطعة,أسود وذهبي,850,,4,نجف معلق بلون أسود وذهبي، بتصميم عصري يناسب الصالات وغرف المعيشة والاستقبال. الرمز الداخلي للمنتج: HT-52001-500-BK+GD.
نجف معلق أبيض وذهبي - HT-52001-500,HT-52001-500-WH+GD,,نجف,قطعة,قطعة,أبيض وذهبي,850,,4,نجف معلق بلون أبيض وذهبي، بتصميم عصري يناسب الصالات وغرف المعيشة والاستقبال. الرمز الداخلي للمنتج: HT-52001-500-WH+GD.
نجف معلق - HT-52001-600,HT-52001-600-CG,,نجف,قطعة,قطعة,,1425,,4,نجف معلق، بتصميم عصري يناسب الصالات وغرف المعيشة والاستقبال. الرمز الداخلي للمنتج: HT-52001-600-CG.
نجف معلق شمبانيا - HT-52001-600,HT-52001-600-CPG,,نجف,قطعة,قطعة,شمبانيا,1425,,4,نجف معلق بلون شمبانيا، بتصميم عصري يناسب الصالات وغرف المعيشة والاستقبال. الرمز الداخلي للمنتج: HT-52001-600-CPG.
نجف معلق أسود وذهبي - HT-52001-600,HT-52001-600-BK+GD,,نجف,قطعة,قطعة,أسود وذهبي,1375,,4,نجف معلق بلون أسود وذهبي، بتصميم عصري يناسب الصالات وغرف المعيشة والاستقبال. الرمز الداخلي للمنتج: HT-52001-600-BK+GD.
نجف معلق - HT-52001-800*350,HT-52001-800*350-CG,,نجف,قطعة,قطعة,,1465,,4,نجف معلق، بتصميم عصري يناسب الصالات وغرف المعيشة والاستقبال. الرمز الداخلي للمنتج: HT-52001-800*350-CG.
نجف معلق شمبانيا - HT-52001-800*350,HT-52001-800*350-CPG,,نجف,قطعة,قطعة,شمبانيا,1465,,4,نجف معلق بلون شمبانيا، بتصميم عصري يناسب الصالات وغرف المعيشة والاستقبال. الرمز الداخلي للمنتج: HT-52001-800*350-CPG.
نجف معلق أسود وذهبي - HT-52001-800*350,HT-52001-800*350-BK+GD,,نجف,قطعة,قطعة,أسود وذهبي,1405,,4,نجف معلق بلون أسود وذهبي، بتصميم عصري يناسب الصالات وغرف المعيشة والاستقبال. الرمز الداخلي للمنتج: HT-52001-800*350-BK+GD.
نجف معلق أسود وذهبي - HT-52002,HT-52002-500-GD+BK,,نجف,قطعة,قطعة,أسود وذهبي,905,,4,نجف معلق بلون أسود وذهبي، بتصميم عصري يناسب الصالات وغرف المعيشة والاستقبال. الرمز الداخلي للمنتج: HT-52002-500-GD+BK.
نجف معلق أسود وذهبي - HT-52002,HT-52002-500-BK+GD,,نجف,قطعة,قطعة,أسود وذهبي,905,,4,نجف معلق بلون أسود وذهبي، بتصميم عصري يناسب الصالات وغرف المعيشة والاستقبال. الرمز الداخلي للمنتج: HT-52002-500-BK+GD.
نجف معلق ذهبي - HT-52002,HT-52002-500-FGD,,نجف,قطعة,قطعة,ذهبي,1060,,4,نجف معلق بلون ذهبي، بتصميم عصري يناسب الصالات وغرف المعيشة والاستقبال. الرمز الداخلي للمنتج: HT-52002-500-FGD.
نجف معلق - HT-52002,HT-52002-500-CG,,نجف,قطعة,قطعة,,1020,,4,نجف معلق، بتصميم عصري يناسب الصالات وغرف المعيشة والاستقبال. الرمز الداخلي للمنتج: HT-52002-500-CG.
نجف معلق شمبانيا - HT-52002,HT-52002-500-CPG,,نجف,قطعة,قطعة,شمبانيا,1020,,4,نجف معلق بلون شمبانيا، بتصميم عصري يناسب الصالات وغرف المعيشة والاستقبال. الرمز الداخلي للمنتج: HT-52002-500-CPG.
نجف معلق ذهبي - HT-52003,HT-52003-500-FGD,,نجف,قطعة,قطعة,ذهبي,980,,4,نجف معلق بلون ذهبي، بتصميم عصري يناسب الصالات وغرف المعيشة والاستقبال. الرمز الداخلي للمنتج: HT-52003-500-FGD.
نجف معلق ذهبي - HT-52005,HT-52005-500-FGD,,نجف,قطعة,قطعة,ذهبي,980,,4,نجف معلق بلون ذهبي، بتصميم عصري يناسب الصالات وغرف المعيشة والاستقبال. الرمز الداخلي للمنتج: HT-52005-500-FGD.
نجف معلق ذهبي - HT-52007,HT-52007-500-FGD,,نجف,قطعة,قطعة,ذهبي,950,,4,نجف معلق بلون ذهبي، بتصميم عصري يناسب الصالات وغرف المعيشة والاستقبال. الرمز الداخلي للمنتج: HT-52007-500-FGD.
نجف معلق ذهبي - HT-53001,HT-53001-500-FGD,,نجف,قطعة,قطعة,ذهبي,1050,,4,نجف معلق بلون ذهبي، بتصميم عصري يناسب الصالات وغرف المعيشة والاستقبال. الرمز الداخلي للمنتج: HT-53001-500-FGD.
نجف معلق ذهبي - HT-53002,HT-53002-500-FGD,,نجف,قطعة,قطعة,ذهبي,980,,4,نجف معلق بلون ذهبي، بتصميم عصري يناسب الصالات وغرف المعيشة والاستقبال. الرمز الداخلي للمنتج: HT-53002-500-FGD.
نجف معلق ذهبي - HT-53004,HT-53004-500-FGD,,نجف,قطعة,قطعة,ذهبي,1050,,4,نجف معلق بلون ذهبي، بتصميم عصري يناسب الصالات وغرف المعيشة والاستقبال. الرمز الداخلي للمنتج: HT-53004-500-FGD.
نجف معلق ذهبي - HT-53007,HT-53007-500-FGD,,نجف,قطعة,قطعة,ذهبي,1080,,4,نجف معلق بلون ذهبي، بتصميم عصري يناسب الصالات وغرف المعيشة والاستقبال. الرمز الداخلي للمنتج: HT-53007-500-FGD.
نجف معلق ذهبي - HT-53008,HT-53008-500-FGD,,نجف,قطعة,قطعة,ذهبي,1100,,4,نجف معلق بلون ذهبي، بتصميم عصري يناسب الصالات وغرف المعيشة والاستقبال. الرمز الداخلي للمنتج: HT-53008-500-FGD.
نجف معلق ذهبي - HT-53009,HT-53009-500-FGD,,نجف,قطعة,قطعة,ذهبي,1000,,4,نجف معلق بلون ذهبي، بتصميم عصري يناسب الصالات وغرف المعيشة والاستقبال. الرمز الداخلي للمنتج: HT-53009-500-FGD.
نجف معلق ذهبي - HT-53010,HT-53010-500-FGD,,نجف,قطعة,قطعة,ذهبي,1530,,4,نجف معلق بلون ذهبي، بتصميم عصري يناسب الصالات وغرف المعيشة والاستقبال. الرمز الداخلي للمنتج: HT-53010-500-FGD.
نجف معلق ذهبي - HT-53011,HT-53011-500-FGD,,نجف,قطعة,قطعة,ذهبي,1105,,4,نجف معلق بلون ذهبي، بتصميم عصري يناسب الصالات وغرف المعيشة والاستقبال. الرمز الداخلي للمنتج: HT-53011-500-FGD.
نجف معلق ذهبي - HT-53013,HT-53013-500-FGD,,نجف,قطعة,قطعة,ذهبي,1100,,4,نجف معلق بلون ذهبي، بتصميم عصري يناسب الصالات وغرف المعيشة والاستقبال. الرمز الداخلي للمنتج: HT-53013-500-FGD.
نجف معلق ذهبي - HT-53016,HT-53016-500-FGD,,نجف,قطعة,قطعة,ذهبي,1035,,4,نجف معلق بلون ذهبي، بتصميم عصري يناسب الصالات وغرف المعيشة والاستقبال. الرمز الداخلي للمنتج: HT-53016-500-FGD.
نجف معلق رمادي/فضي - HT-106-3-C10,HT-106-3-C10-APP-GR,,نجف,قطعة,قطعة,رمادي/فضي,510,,4,نجف معلق بلون رمادي/فضي، بتصميم عصري يناسب الصالات وغرف المعيشة والاستقبال، يدعم التحكم عن بُعد باستخدام الريموت، كما يدعم التحكم عبر تطبيق الهاتف المحمول لمزيد من سهولة الاستخدام. الرمز الداخلي للمنتج: HT-106-3-C10-APP-GR.
نجف معلق شمبانيا - HT-819,HT-819-APP-CPG,,نجف,قطعة,قطعة,شمبانيا,580,,4,نجف معلق بلون شمبانيا، بتصميم عصري يناسب الصالات وغرف المعيشة والاستقبال، يدعم التحكم عن بُعد باستخدام الريموت، كما يدعم التحكم عبر تطبيق الهاتف المحمول لمزيد من سهولة الاستخدام. الرمز الداخلي للمنتج: HT-819-APP-CPG.
نجف معلق أبيض - HT-106,HT-106-MP3-WH-APP,,نجف,قطعة,قطعة,أبيض,590,,4,نجف معلق بلون أبيض، بتصميم عصري يناسب الصالات وغرف المعيشة والاستقبال، يدعم التحكم عن بُعد باستخدام الريموت، كما يدعم التحكم عبر تطبيق الهاتف المحمول لمزيد من سهولة الاستخدام، ويتميز بخاصية مزامنة الموسيقى عبر البلوتوث. الرمز الداخلي للمنتج: HT-106-MP3-WH-APP.
نجف معلق ذهبي - HT-106,HT-106-MP3-GD-APP,,نجف,قطعة,قطعة,ذهبي,615,,4,نجف معلق بلون ذهبي، بتصميم عصري يناسب الصالات وغرف المعيشة والاستقبال، يدعم التحكم عن بُعد باستخدام الريموت، كما يدعم التحكم عبر تطبيق الهاتف المحمول لمزيد من سهولة الاستخدام. الرمز الداخلي للمنتج: HT-106-MP3-GD-APP.
نجف معلق أسود - HT-106,HT-106-MP3-BK-APP,,نجف,قطعة,قطعة,أسود,590,,4,نجف معلق بلون أسود، بتصميم عصري يناسب الصالات وغرف المعيشة والاستقبال، يدعم التحكم عن بُعد باستخدام الريموت، كما يدعم التحكم عبر تطبيق الهاتف المحمول لمزيد من سهولة الاستخدام. الرمز الداخلي للمنتج: HT-106-MP3-BK-APP.
نجف معلق رمادي/فضي - HT-106,HT-106-MP3-GR-APP,,نجف,قطعة,قطعة,رمادي/فضي,590,,4,نجف معلق بلون رمادي/فضي، بتصميم عصري يناسب الصالات وغرف المعيشة والاستقبال، يدعم التحكم عن بُعد باستخدام الريموت، كما يدعم التحكم عبر تطبيق الهاتف المحمول لمزيد من سهولة الاستخدام. الرمز الداخلي للمنتج: HT-106-MP3-GR-APP.
نجف معلق شمبانيا - HT-106,HT-106-MP3-CPG-APP,,نجف,قطعة,قطعة,شمبانيا,615,,4,نجف معلق بلون شمبانيا، بتصميم عصري يناسب الصالات وغرف المعيشة والاستقبال، يدعم التحكم عن بُعد باستخدام الريموت، كما يدعم التحكم عبر تطبيق الهاتف المحمول لمزيد من سهولة الاستخدام. الرمز الداخلي للمنتج: HT-106-MP3-CPG-APP.
نجف معلق ذهبي - HT-106,HT-106-MP3-FGD-APP,,نجف,قطعة,قطعة,ذهبي,700,,4,نجف معلق بلون ذهبي، بتصميم عصري يناسب الصالات وغرف المعيشة والاستقبال، يدعم التحكم عن بُعد باستخدام الريموت، كما يدعم التحكم عبر تطبيق الهاتف المحمول لمزيد من سهولة الاستخدام. الرمز الداخلي للمنتج: HT-106-MP3-FGD-APP.
نجف معلق - HT-106,HT-106-MP3-CF-APP,,نجف,قطعة,قطعة,,590,,4,نجف معلق، بتصميم عصري يناسب الصالات وغرف المعيشة والاستقبال، يدعم التحكم عن بُعد باستخدام الريموت، كما يدعم التحكم عبر تطبيق الهاتف المحمول لمزيد من سهولة الاستخدام. الرمز الداخلي للمنتج: HT-106-MP3-CF-APP.
نجف معلق أبيض - HT-106-C10,HT-106-C10-MP3-WH-APP,,نجف,قطعة,قطعة,أبيض,655,,4,نجف معلق بلون أبيض، بتصميم عصري يناسب الصالات وغرف المعيشة والاستقبال، يدعم التحكم عن بُعد باستخدام الريموت، كما يدعم التحكم عبر تطبيق الهاتف المحمول لمزيد من سهولة الاستخدام. الرمز الداخلي للمنتج: HT-106-C10-MP3-WH-APP.
نجف معلق ذهبي - HT-106-C10,HT-106-C10-MP3-GD-APP,,نجف,قطعة,قطعة,ذهبي,690,,4,نجف معلق بلون ذهبي، بتصميم عصري يناسب الصالات وغرف المعيشة والاستقبال، يدعم التحكم عن بُعد باستخدام الريموت، كما يدعم التحكم عبر تطبيق الهاتف المحمول لمزيد من سهولة الاستخدام. الرمز الداخلي للمنتج: HT-106-C10-MP3-GD-APP.
نجف معلق أسود - HT-106-C10,HT-106-C10-MP3-BK-APP,,نجف,قطعة,قطعة,أسود,655,,4,نجف معلق بلون أسود، بتصميم عصري يناسب الصالات وغرف المعيشة والاستقبال، يدعم التحكم عن بُعد باستخدام الريموت، كما يدعم التحكم عبر تطبيق الهاتف المحمول لمزيد من سهولة الاستخدام. الرمز الداخلي للمنتج: HT-106-C10-MP3-BK-APP.
نجف معلق رمادي/فضي - HT-106-C10,HT-106-C10-MP3-GR-APP,,نجف,قطعة,قطعة,رمادي/فضي,655,,4,نجف معلق بلون رمادي/فضي، بتصميم عصري يناسب الصالات وغرف المعيشة والاستقبال، يدعم التحكم عن بُعد باستخدام الريموت، كما يدعم التحكم عبر تطبيق الهاتف المحمول لمزيد من سهولة الاستخدام. الرمز الداخلي للمنتج: HT-106-C10-MP3-GR-APP.
نجف معلق - HT-106-C10,HT-106-C10-MP3-CF-APP,,نجف,قطعة,قطعة,,655,,4,نجف معلق، بتصميم عصري يناسب الصالات وغرف المعيشة والاستقبال، يدعم التحكم عن بُعد باستخدام الريموت، كما يدعم التحكم عبر تطبيق الهاتف المحمول لمزيد من سهولة الاستخدام. الرمز الداخلي للمنتج: HT-106-C10-MP3-CF-APP.
نجف معلق ذهبي - HT-106-C10,HT-106-C10-MP3-FGD-APP,,نجف,قطعة,قطعة,ذهبي,760,,4,نجف معلق بلون ذهبي، بتصميم عصري يناسب الصالات وغرف المعيشة والاستقبال، يدعم التحكم عن بُعد باستخدام الريموت، كما يدعم التحكم عبر تطبيق الهاتف المحمول لمزيد من سهولة الاستخدام. الرمز الداخلي للمنتج: HT-106-C10-MP3-FGD-APP.
نجف معلق شمبانيا - HT-106-C10,HT-106-C10-MP3-CPG-APP,,نجف,قطعة,قطعة,شمبانيا,690,,4,نجف معلق بلون شمبانيا، بتصميم عصري يناسب الصالات وغرف المعيشة والاستقبال، يدعم التحكم عن بُعد باستخدام الريموت، كما يدعم التحكم عبر تطبيق الهاتف المحمول لمزيد من سهولة الاستخدام. الرمز الداخلي للمنتج: HT-106-C10-MP3-CPG-APP.
نجف معلق أسود - HT-106-C15,HT-106-C15-APP-BK,,نجف,قطعة,قطعة,أسود,595,,4,نجف معلق بلون أسود، بتصميم عصري يناسب الصالات وغرف المعيشة والاستقبال، يدعم التحكم عن بُعد باستخدام الريموت، كما يدعم التحكم عبر تطبيق الهاتف المحمول لمزيد من سهولة الاستخدام. الرمز الداخلي للمنتج: HT-106-C15-APP-BK.
نجف معلق - HT-107,HT-107-APP-CF,,نجف,قطعة,قطعة,,385,,4,نجف معلق، بتصميم عصري يناسب الصالات وغرف المعيشة والاستقبال، يدعم التحكم عن بُعد باستخدام الريموت، كما يدعم التحكم عبر تطبيق الهاتف المحمول لمزيد من سهولة الاستخدام. الرمز الداخلي للمنتج: HT-107-APP-CF.
نجف معلق أسود - HT-107,HT-107-APP-BK,,نجف,قطعة,قطعة,أسود,385,,4,نجف معلق بلون أسود، بتصميم عصري يناسب الصالات وغرف المعيشة والاستقبال، يدعم التحكم عن بُعد باستخدام الريموت، كما يدعم التحكم عبر تطبيق الهاتف المحمول لمزيد من سهولة الاستخدام. الرمز الداخلي للمنتج: HT-107-APP-BK.
نجف معلق ذهبي - HT-110-C10,HT-110-C10-APP-FGD,,نجف,قطعة,قطعة,ذهبي,690,,4,نجف معلق بلون ذهبي، بتصميم عصري يناسب الصالات وغرف المعيشة والاستقبال، يدعم التحكم عن بُعد باستخدام الريموت، كما يدعم التحكم عبر تطبيق الهاتف المحمول لمزيد من سهولة الاستخدام. الرمز الداخلي للمنتج: HT-110-C10-APP-FGD.
نجف معلق أسود - HT-110-C10,HT-110-C10-APP-BK,,نجف,قطعة,قطعة,أسود,540,,4,نجف معلق بلون أسود، بتصميم عصري يناسب الصالات وغرف المعيشة والاستقبال، يدعم التحكم عن بُعد باستخدام الريموت، كما يدعم التحكم عبر تطبيق الهاتف المحمول لمزيد من سهولة الاستخدام. الرمز الداخلي للمنتج: HT-110-C10-APP-BK.
نجف معلق - HT-110-C10,HT-110-C10-APP-CF,,نجف,قطعة,قطعة,,540,,4,نجف معلق، بتصميم عصري يناسب الصالات وغرف المعيشة والاستقبال، يدعم التحكم عن بُعد باستخدام الريموت، كما يدعم التحكم عبر تطبيق الهاتف المحمول لمزيد من سهولة الاستخدام. الرمز الداخلي للمنتج: HT-110-C10-APP-CF.
نجف معلق أبيض - HT-110-C10,HT-110-C10-APP-WH,,نجف,قطعة,قطعة,أبيض,540,,4,نجف معلق بلون أبيض، بتصميم عصري يناسب الصالات وغرف المعيشة والاستقبال، يدعم التحكم عن بُعد باستخدام الريموت، كما يدعم التحكم عبر تطبيق الهاتف المحمول لمزيد من سهولة الاستخدام. الرمز الداخلي للمنتج: HT-110-C10-APP-WH.
نجف معلق شمبانيا - HT-110-C10,HT-110-C10-APP-CPG,,نجف,قطعة,قطعة,شمبانيا,590,,4,نجف معلق بلون شمبانيا، بتصميم عصري يناسب الصالات وغرف المعيشة والاستقبال، يدعم التحكم عن بُعد باستخدام الريموت، كما يدعم التحكم عبر تطبيق الهاتف المحمول لمزيد من سهولة الاستخدام. الرمز الداخلي للمنتج: HT-110-C10-APP-CPG.
نجف معلق ذهبي - HT-112-C12,HT-112-C12-APP-FGD,,نجف,قطعة,قطعة,ذهبي,705,,4,نجف معلق بلون ذهبي، بتصميم عصري يناسب الصالات وغرف المعيشة والاستقبال، يدعم التحكم عن بُعد باستخدام الريموت، كما يدعم التحكم عبر تطبيق الهاتف المحمول لمزيد من سهولة الاستخدام. الرمز الداخلي للمنتج: HT-112-C12-APP-FGD.
نجف معلق أبيض - HT-123-C1,HT-123-C1-APP-WH,,نجف,قطعة,قطعة,أبيض,660,,4,نجف معلق بلون أبيض، بتصميم عصري يناسب الصالات وغرف المعيشة والاستقبال، يدعم التحكم عن بُعد باستخدام الريموت، كما يدعم التحكم عبر تطبيق الهاتف المحمول لمزيد من سهولة الاستخدام. الرمز الداخلي للمنتج: HT-123-C1-APP-WH.
نجف معلق أسود - HT-123-C1,HT-123-C1-APP-BK,,نجف,قطعة,قطعة,أسود,660,,4,نجف معلق بلون أسود، بتصميم عصري يناسب الصالات وغرف المعيشة والاستقبال، يدعم التحكم عن بُعد باستخدام الريموت، كما يدعم التحكم عبر تطبيق الهاتف المحمول لمزيد من سهولة الاستخدام. الرمز الداخلي للمنتج: HT-123-C1-APP-BK.
نجف معلق أسود - HT-131-G33,HT-131-G33-BK,,نجف,قطعة,قطعة,أسود,280,,4,نجف معلق بلون أسود، بتصميم عصري يناسب الصالات وغرف المعيشة والاستقبال. الرمز الداخلي للمنتج: HT-131-G33-BK.
نجف معلق أسود - HT-131-G30,HT-131-G30-BK,,نجف,قطعة,قطعة,أسود,280,,4,نجف معلق بلون أسود، بتصميم عصري يناسب الصالات وغرف المعيشة والاستقبال. الرمز الداخلي للمنتج: HT-131-G30-BK.
نجف معلق ذهبي - HT-131-C5,HT-131-C5-FGD,,نجف,قطعة,قطعة,ذهبي,335,,4,نجف معلق بلون ذهبي، بتصميم عصري يناسب الصالات وغرف المعيشة والاستقبال. الرمز الداخلي للمنتج: HT-131-C5-FGD.
نجف معلق ذهبي - HT-133,HT-133-GD,,نجف,قطعة,قطعة,ذهبي,275,,4,نجف معلق بلون ذهبي، بتصميم عصري يناسب الصالات وغرف المعيشة والاستقبال. الرمز الداخلي للمنتج: HT-133-GD.
نجف معلق ذهبي - HT-133-C8,HT-133-C8-FGD,,نجف,قطعة,قطعة,ذهبي,310,,4,نجف معلق بلون ذهبي، بتصميم عصري يناسب الصالات وغرف المعيشة والاستقبال. الرمز الداخلي للمنتج: HT-133-C8-FGD.
نجف معلق ذهبي - HT-132,HT-132-FGD,,نجف,قطعة,قطعة,ذهبي,290,,4,نجف معلق بلون ذهبي، بتصميم عصري يناسب الصالات وغرف المعيشة والاستقبال. الرمز الداخلي للمنتج: HT-132-FGD.
نجف معلق ذهبي - HT-137-G23,HT-137-G23-FGD,,نجف,قطعة,قطعة,ذهبي,340,,4,نجف معلق بلون ذهبي، بتصميم عصري يناسب الصالات وغرف المعيشة والاستقبال. الرمز الداخلي للمنتج: HT-137-G23-FGD.
نجف معلق أسود - HT-139,HT-139-BK,,نجف,قطعة,قطعة,أسود,265,,4,نجف معلق بلون أسود، بتصميم عصري يناسب الصالات وغرف المعيشة والاستقبال. الرمز الداخلي للمنتج: HT-139-BK.
نجف معلق ذهبي - HT-142,HT-142-APP-FGD,,نجف,قطعة,قطعة,ذهبي,910,,4,نجف معلق بلون ذهبي، بتصميم عصري يناسب الصالات وغرف المعيشة والاستقبال، يدعم التحكم عن بُعد باستخدام الريموت، كما يدعم التحكم عبر تطبيق الهاتف المحمول لمزيد من سهولة الاستخدام. الرمز الداخلي للمنتج: HT-142-APP-FGD.
نجف معلق ذهبي - HT-143,HT-143-DZ-5-APP-FGD,,نجف,قطعة,قطعة,ذهبي,1365,,4,نجف معلق بلون ذهبي، بتصميم عصري يناسب الصالات وغرف المعيشة والاستقبال، يدعم التحكم عن بُعد باستخدام الريموت، كما يدعم التحكم عبر تطبيق الهاتف المحمول لمزيد من سهولة الاستخدام. الرمز الداخلي للمنتج: HT-143-DZ-5-APP-FGD.
نجف معلق أسود - HT-145-G23,HT-145-G23-BK,,نجف,قطعة,قطعة,أسود,255,,4,نجف معلق بلون أسود، بتصميم عصري يناسب الصالات وغرف المعيشة والاستقبال. الرمز الداخلي للمنتج: HT-145-G23-BK.
نجف معلق أبيض - HT-145-G23,HT-145-G23-WH,,نجف,قطعة,قطعة,أبيض,255,,4,نجف معلق بلون أبيض، بتصميم عصري يناسب الصالات وغرف المعيشة والاستقبال. الرمز الداخلي للمنتج: HT-145-G23-WH.
نجف معلق - HT-145-G23,HT-145-G23-CF,,نجف,قطعة,قطعة,,255,,4,نجف معلق، بتصميم عصري يناسب الصالات وغرف المعيشة والاستقبال. الرمز الداخلي للمنتج: HT-145-G23-CF.
نجف معلق ذهبي - HT-145-G23,HT-145-G23-FGD,,نجف,قطعة,قطعة,ذهبي,310,,4,نجف معلق بلون ذهبي، بتصميم عصري يناسب الصالات وغرف المعيشة والاستقبال. الرمز الداخلي للمنتج: HT-145-G23-FGD.
نجف معلق شمبانيا - HT-145-G23,HT-145-G23-CPG,,نجف,قطعة,قطعة,شمبانيا,270,,4,نجف معلق بلون شمبانيا، بتصميم عصري يناسب الصالات وغرف المعيشة والاستقبال. الرمز الداخلي للمنتج: HT-145-G23-CPG.
نجف معلق - HT-145-G23,HT-145-G23-CG,,نجف,قطعة,قطعة,,270,,4,نجف معلق، بتصميم عصري يناسب الصالات وغرف المعيشة والاستقبال. الرمز الداخلي للمنتج: HT-145-G23-CG.
نجف معلق أبيض - HT-146,HT-146-APP-WH,,نجف,قطعة,قطعة,أبيض,550,,4,نجف معلق بلون أبيض، بتصميم عصري يناسب الصالات وغرف المعيشة والاستقبال، يدعم التحكم عن بُعد باستخدام الريموت، كما يدعم التحكم عبر تطبيق الهاتف المحمول لمزيد من سهولة الاستخدام. الرمز الداخلي للمنتج: HT-146-APP-WH.
نجف معلق أسود - HT-146,HT-146-APP-BK,,نجف,قطعة,قطعة,أسود,550,,4,نجف معلق بلون أسود، بتصميم عصري يناسب الصالات وغرف المعيشة والاستقبال، يدعم التحكم عن بُعد باستخدام الريموت، كما يدعم التحكم عبر تطبيق الهاتف المحمول لمزيد من سهولة الاستخدام. الرمز الداخلي للمنتج: HT-146-APP-BK.
نجف معلق ذهبي - HT-146,HT-146-APP-FGD,,نجف,قطعة,قطعة,ذهبي,650,,4,نجف معلق بلون ذهبي، بتصميم عصري يناسب الصالات وغرف المعيشة والاستقبال، يدعم التحكم عن بُعد باستخدام الريموت، كما يدعم التحكم عبر تطبيق الهاتف المحمول لمزيد من سهولة الاستخدام. الرمز الداخلي للمنتج: HT-146-APP-FGD.
نجف معلق ذهبي - HT-146,HT-146-APP-GD,,نجف,قطعة,قطعة,ذهبي,600,,4,نجف معلق بلون ذهبي، بتصميم عصري يناسب الصالات وغرف المعيشة والاستقبال، يدعم التحكم عن بُعد باستخدام الريموت، كما يدعم التحكم عبر تطبيق الهاتف المحمول لمزيد من سهولة الاستخدام. الرمز الداخلي للمنتج: HT-146-APP-GD.
نجف معلق أسود - HT-147-G23,HT-147-G23-BK,,نجف,قطعة,قطعة,أسود,315,,4,نجف معلق بلون أسود، بتصميم عصري يناسب الصالات وغرف المعيشة والاستقبال. الرمز الداخلي للمنتج: HT-147-G23-BK.
نجف معلق شمبانيا - HT-147-G30,HT-147-G30-CPG,,نجف,قطعة,قطعة,شمبانيا,360,,4,نجف معلق بلون شمبانيا، بتصميم عصري يناسب الصالات وغرف المعيشة والاستقبال. الرمز الداخلي للمنتج: HT-147-G30-CPG.
نجف معلق - HT-147-G30,HT-147-G30-CF,,نجف,قطعة,قطعة,,315,,4,نجف معلق، بتصميم عصري يناسب الصالات وغرف المعيشة والاستقبال. الرمز الداخلي للمنتج: HT-147-G30-CF.
نجف معلق شمبانيا - HT-147-G33,HT-147-G33-CPG,,نجف,قطعة,قطعة,شمبانيا,360,,4,نجف معلق بلون شمبانيا، بتصميم عصري يناسب الصالات وغرف المعيشة والاستقبال. الرمز الداخلي للمنتج: HT-147-G33-CPG.
نجف معلق - HT-147-G33,HT-147-G33-CF,,نجف,قطعة,قطعة,,315,,4,نجف معلق، بتصميم عصري يناسب الصالات وغرف المعيشة والاستقبال. الرمز الداخلي للمنتج: HT-147-G33-CF.
نجف معلق أسود - HT-147-G33,HT-147-G33-BK,,نجف,قطعة,قطعة,أسود,315,,4,نجف معلق بلون أسود، بتصميم عصري يناسب الصالات وغرف المعيشة والاستقبال. الرمز الداخلي للمنتج: HT-147-G33-BK.
نجف معلق ذهبي - HT-147-G33,HT-147-G33-FGD,,نجف,قطعة,قطعة,ذهبي,405,,4,نجف معلق بلون ذهبي، بتصميم عصري يناسب الصالات وغرف المعيشة والاستقبال. الرمز الداخلي للمنتج: HT-147-G33-FGD.
نجف معلق ذهبي - HT-148-G30,HT-148-G30-APP-FGD,,نجف,قطعة,قطعة,ذهبي,705,,4,نجف معلق بلون ذهبي، بتصميم عصري يناسب الصالات وغرف المعيشة والاستقبال، يدعم التحكم عن بُعد باستخدام الريموت، كما يدعم التحكم عبر تطبيق الهاتف المحمول لمزيد من سهولة الاستخدام. الرمز الداخلي للمنتج: HT-148-G30-APP-FGD.
نجف معلق ذهبي - HT-148-G31,HT-148-G31-APP-FGD,,نجف,قطعة,قطعة,ذهبي,655,,4,نجف معلق بلون ذهبي، بتصميم عصري يناسب الصالات وغرف المعيشة والاستقبال، يدعم التحكم عن بُعد باستخدام الريموت، كما يدعم التحكم عبر تطبيق الهاتف المحمول لمزيد من سهولة الاستخدام. الرمز الداخلي للمنتج: HT-148-G31-APP-FGD.
نجف معلق ذهبي - HT-148-G33,HT-148-G33-APP-FGD,,نجف,قطعة,قطعة,ذهبي,705,,4,نجف معلق بلون ذهبي، بتصميم عصري يناسب الصالات وغرف المعيشة والاستقبال، يدعم التحكم عن بُعد باستخدام الريموت، كما يدعم التحكم عبر تطبيق الهاتف المحمول لمزيد من سهولة الاستخدام. الرمز الداخلي للمنتج: HT-148-G33-APP-FGD.
نجف معلق أسود - HT-148-G33,HT-148-G33-APP-BK,,نجف,قطعة,قطعة,أسود,550,,4,نجف معلق بلون أسود، بتصميم عصري يناسب الصالات وغرف المعيشة والاستقبال، يدعم التحكم عن بُعد باستخدام الريموت، كما يدعم التحكم عبر تطبيق الهاتف المحمول لمزيد من سهولة الاستخدام. الرمز الداخلي للمنتج: HT-148-G33-APP-BK.
نجف معلق - HT-148-G33,HT-148-G33-APP-CF,,نجف,قطعة,قطعة,,550,,4,نجف معلق، بتصميم عصري يناسب الصالات وغرف المعيشة والاستقبال، يدعم التحكم عن بُعد باستخدام الريموت، كما يدعم التحكم عبر تطبيق الهاتف المحمول لمزيد من سهولة الاستخدام. الرمز الداخلي للمنتج: HT-148-G33-APP-CF.
نجف معلق أبيض - HT-148-G33,HT-148-G33-APP-WH,,نجف,قطعة,قطعة,أبيض,550,,4,نجف معلق بلون أبيض، بتصميم عصري يناسب الصالات وغرف المعيشة والاستقبال، يدعم التحكم عن بُعد باستخدام الريموت، كما يدعم التحكم عبر تطبيق الهاتف المحمول لمزيد من سهولة الاستخدام. الرمز الداخلي للمنتج: HT-148-G33-APP-WH.
نجف معلق شمبانيا - HT-148-G33,HT-148-G33-APP-CPG,,نجف,قطعة,قطعة,شمبانيا,600,,4,نجف معلق بلون شمبانيا، بتصميم عصري يناسب الصالات وغرف المعيشة والاستقبال، يدعم التحكم عن بُعد باستخدام الريموت، كما يدعم التحكم عبر تطبيق الهاتف المحمول لمزيد من سهولة الاستخدام. الرمز الداخلي للمنتج: HT-148-G33-APP-CPG.
نجف معلق ذهبي - HT-148-Q-G33,HT-148-Q-G33-APP-FGD,,نجف,قطعة,قطعة,ذهبي,840,,4,نجف معلق بلون ذهبي، بتصميم عصري يناسب الصالات وغرف المعيشة والاستقبال، يدعم التحكم عن بُعد باستخدام الريموت، كما يدعم التحكم عبر تطبيق الهاتف المحمول لمزيد من سهولة الاستخدام. الرمز الداخلي للمنتج: HT-148-Q-G33-APP-FGD.
نجف معلق ذهبي - HT-148-Q-G33,HT-148-Q-G33-A-APP-FGD,,نجف,قطعة,قطعة,ذهبي,815,,4,نجف معلق بلون ذهبي، بتصميم عصري يناسب الصالات وغرف المعيشة والاستقبال، يدعم التحكم عن بُعد باستخدام الريموت، كما يدعم التحكم عبر تطبيق الهاتف المحمول لمزيد من سهولة الاستخدام. الرمز الداخلي للمنتج: HT-148-Q-G33-A-APP-FGD.
نجف معلق ذهبي - HT-149-G31,HT-149-G31-APP-FGD,,نجف,قطعة,قطعة,ذهبي,955,,4,نجف معلق بلون ذهبي، بتصميم عصري يناسب الصالات وغرف المعيشة والاستقبال، يدعم التحكم عن بُعد باستخدام الريموت، كما يدعم التحكم عبر تطبيق الهاتف المحمول لمزيد من سهولة الاستخدام. الرمز الداخلي للمنتج: HT-149-G31-APP-FGD.
نجف معلق ذهبي - HT-149-G30,HT-149-G30-APP-FGD,,نجف,قطعة,قطعة,ذهبي,990,,4,نجف معلق بلون ذهبي، بتصميم عصري يناسب الصالات وغرف المعيشة والاستقبال، يدعم التحكم عن بُعد باستخدام الريموت، كما يدعم التحكم عبر تطبيق الهاتف المحمول لمزيد من سهولة الاستخدام. الرمز الداخلي للمنتج: HT-149-G30-APP-FGD.
نجف معلق ذهبي - HT-149-G33,HT-149-G33-APP-FGD,,نجف,قطعة,قطعة,ذهبي,990,,4,نجف معلق بلون ذهبي، بتصميم عصري يناسب الصالات وغرف المعيشة والاستقبال، يدعم التحكم عن بُعد باستخدام الريموت، كما يدعم التحكم عبر تطبيق الهاتف المحمول لمزيد من سهولة الاستخدام. الرمز الداخلي للمنتج: HT-149-G33-APP-FGD.
نجف معلق أسود - HT-149-G33,HT-149-G33-APP-BK,,نجف,قطعة,قطعة,أسود,745,,4,نجف معلق بلون أسود، بتصميم عصري يناسب الصالات وغرف المعيشة والاستقبال، يدعم التحكم عن بُعد باستخدام الريموت، كما يدعم التحكم عبر تطبيق الهاتف المحمول لمزيد من سهولة الاستخدام. الرمز الداخلي للمنتج: HT-149-G33-APP-BK.
نجف معلق أبيض - HT-149-G33,HT-149-G33-APP-WH,,نجف,قطعة,قطعة,أبيض,745,,4,نجف معلق بلون أبيض، بتصميم عصري يناسب الصالات وغرف المعيشة والاستقبال، يدعم التحكم عن بُعد باستخدام الريموت، كما يدعم التحكم عبر تطبيق الهاتف المحمول لمزيد من سهولة الاستخدام. الرمز الداخلي للمنتج: HT-149-G33-APP-WH.
نجف معلق ذهبي - HT-149-G40,HT-149-G40-APP-FGD,,نجف,قطعة,قطعة,ذهبي,990,,4,نجف معلق بلون ذهبي، بتصميم عصري يناسب الصالات وغرف المعيشة والاستقبال، يدعم التحكم عن بُعد باستخدام الريموت، كما يدعم التحكم عبر تطبيق الهاتف المحمول لمزيد من سهولة الاستخدام. الرمز الداخلي للمنتج: HT-149-G40-APP-FGD.
نجف معلق أبيض - HT-149-G40,HT-149-G40-APP-WH,,نجف,قطعة,قطعة,أبيض,745,,4,نجف معلق بلون أبيض، بتصميم عصري يناسب الصالات وغرف المعيشة والاستقبال، يدعم التحكم عن بُعد باستخدام الريموت، كما يدعم التحكم عبر تطبيق الهاتف المحمول لمزيد من سهولة الاستخدام. الرمز الداخلي للمنتج: HT-149-G40-APP-WH.
نجف معلق ذهبي - HT-150-C5,HT-150-C5-APP-FGD,,نجف,قطعة,قطعة,ذهبي,730,,4,نجف معلق بلون ذهبي، بتصميم عصري يناسب الصالات وغرف المعيشة والاستقبال، يدعم التحكم عن بُعد باستخدام الريموت، كما يدعم التحكم عبر تطبيق الهاتف المحمول لمزيد من سهولة الاستخدام. الرمز الداخلي للمنتج: HT-150-C5-APP-FGD.
نجف معلق ذهبي - HT-150-G30,HT-150-G30-APP-FGD,,نجف,قطعة,قطعة,ذهبي,730,,4,نجف معلق بلون ذهبي، بتصميم عصري يناسب الصالات وغرف المعيشة والاستقبال، يدعم التحكم عن بُعد باستخدام الريموت، كما يدعم التحكم عبر تطبيق الهاتف المحمول لمزيد من سهولة الاستخدام. الرمز الداخلي للمنتج: HT-150-G30-APP-FGD.
نجف معلق أسود - HT-150-G30,HT-150-G30-APP-BK,,نجف,قطعة,قطعة,أسود,550,,4,نجف معلق بلون أسود، بتصميم عصري يناسب الصالات وغرف المعيشة والاستقبال، يدعم التحكم عن بُعد باستخدام الريموت، كما يدعم التحكم عبر تطبيق الهاتف المحمول لمزيد من سهولة الاستخدام. الرمز الداخلي للمنتج: HT-150-G30-APP-BK.
نجف معلق أبيض - HT-150-G30,HT-150-G30-APP-WH,,نجف,قطعة,قطعة,أبيض,550,,4,نجف معلق بلون أبيض، بتصميم عصري يناسب الصالات وغرف المعيشة والاستقبال، يدعم التحكم عن بُعد باستخدام الريموت، كما يدعم التحكم عبر تطبيق الهاتف المحمول لمزيد من سهولة الاستخدام. الرمز الداخلي للمنتج: HT-150-G30-APP-WH.
نجف معلق ذهبي - HT-150-G33,HT-150-G33-APP-FGD,,نجف,قطعة,قطعة,ذهبي,730,,4,نجف معلق بلون ذهبي، بتصميم عصري يناسب الصالات وغرف المعيشة والاستقبال، يدعم التحكم عن بُعد باستخدام الريموت، كما يدعم التحكم عبر تطبيق الهاتف المحمول لمزيد من سهولة الاستخدام. الرمز الداخلي للمنتج: HT-150-G33-APP-FGD.
نجف معلق أسود - HT-150-G33,HT-150-G33-APP-BK,,نجف,قطعة,قطعة,أسود,520,,4,نجف معلق بلون أسود، بتصميم عصري يناسب الصالات وغرف المعيشة والاستقبال، يدعم التحكم عن بُعد باستخدام الريموت، كما يدعم التحكم عبر تطبيق الهاتف المحمول لمزيد من سهولة الاستخدام. الرمز الداخلي للمنتج: HT-150-G33-APP-BK.
نجف معلق أبيض - HT-150-G33,HT-150-G33-APP-WH,,نجف,قطعة,قطعة,أبيض,520,,4,نجف معلق بلون أبيض، بتصميم عصري يناسب الصالات وغرف المعيشة والاستقبال، يدعم التحكم عن بُعد باستخدام الريموت، كما يدعم التحكم عبر تطبيق الهاتف المحمول لمزيد من سهولة الاستخدام. الرمز الداخلي للمنتج: HT-150-G33-APP-WH.
نجف معلق - HT-150-G33,HT-150-G33-APP-CF,,نجف,قطعة,قطعة,,520,,4,نجف معلق، بتصميم عصري يناسب الصالات وغرف المعيشة والاستقبال، يدعم التحكم عن بُعد باستخدام الريموت، كما يدعم التحكم عبر تطبيق الهاتف المحمول لمزيد من سهولة الاستخدام. الرمز الداخلي للمنتج: HT-150-G33-APP-CF.
نجف معلق شمبانيا - HT-150-G33,HT-150-G33-APP-CPG,,نجف,قطعة,قطعة,شمبانيا,575,,4,نجف معلق بلون شمبانيا، بتصميم عصري يناسب الصالات وغرف المعيشة والاستقبال، يدعم التحكم عن بُعد باستخدام الريموت، كما يدعم التحكم عبر تطبيق الهاتف المحمول لمزيد من سهولة الاستخدام. الرمز الداخلي للمنتج: HT-150-G33-APP-CPG.
نجف معلق أسود - HT-150-G40,HT-150-G40-APP-BK,,نجف,قطعة,قطعة,أسود,520,,4,نجف معلق بلون أسود، بتصميم عصري يناسب الصالات وغرف المعيشة والاستقبال، يدعم التحكم عن بُعد باستخدام الريموت، كما يدعم التحكم عبر تطبيق الهاتف المحمول لمزيد من سهولة الاستخدام. الرمز الداخلي للمنتج: HT-150-G40-APP-BK.
نجف معلق ذهبي - HT-150-G40,HT-150-G40-APP-FGD,,نجف,قطعة,قطعة,ذهبي,700,,4,نجف معلق بلون ذهبي، بتصميم عصري يناسب الصالات وغرف المعيشة والاستقبال، يدعم التحكم عن بُعد باستخدام الريموت، كما يدعم التحكم عبر تطبيق الهاتف المحمول لمزيد من سهولة الاستخدام. الرمز الداخلي للمنتج: HT-150-G40-APP-FGD.
نجف معلق ذهبي - HT-151-G40,HT-151-G40-APP-FGD,,نجف,قطعة,قطعة,ذهبي,865,,4,نجف معلق بلون ذهبي، بتصميم عصري يناسب الصالات وغرف المعيشة والاستقبال، يدعم التحكم عن بُعد باستخدام الريموت، كما يدعم التحكم عبر تطبيق الهاتف المحمول لمزيد من سهولة الاستخدام. الرمز الداخلي للمنتج: HT-151-G40-APP-FGD.
نجف معلق أبيض - HT-151-G40,HT-151-G40-APP-WH,,نجف,قطعة,قطعة,أبيض,600,,4,نجف معلق بلون أبيض، بتصميم عصري يناسب الصالات وغرف المعيشة والاستقبال، يدعم التحكم عن بُعد باستخدام الريموت، كما يدعم التحكم عبر تطبيق الهاتف المحمول لمزيد من سهولة الاستخدام. الرمز الداخلي للمنتج: HT-151-G40-APP-WH.
نجف معلق أبيض - HT-151-G33,HT-151-G33-APP-WH,,نجف,قطعة,قطعة,أبيض,600,,4,نجف معلق بلون أبيض، بتصميم عصري يناسب الصالات وغرف المعيشة والاستقبال، يدعم التحكم عن بُعد باستخدام الريموت، كما يدعم التحكم عبر تطبيق الهاتف المحمول لمزيد من سهولة الاستخدام. الرمز الداخلي للمنتج: HT-151-G33-APP-WH.
نجف معلق أسود - HT-151-G33,HT-151-G33-APP-BK,,نجف,قطعة,قطعة,أسود,600,,4,نجف معلق بلون أسود، بتصميم عصري يناسب الصالات وغرف المعيشة والاستقبال، يدعم التحكم عن بُعد باستخدام الريموت، كما يدعم التحكم عبر تطبيق الهاتف المحمول لمزيد من سهولة الاستخدام. الرمز الداخلي للمنتج: HT-151-G33-APP-BK.
نجف معلق - HT-151-G33,HT-151-G33-APP-CF,,نجف,قطعة,قطعة,,600,,4,نجف معلق، بتصميم عصري يناسب الصالات وغرف المعيشة والاستقبال، يدعم التحكم عن بُعد باستخدام الريموت، كما يدعم التحكم عبر تطبيق الهاتف المحمول لمزيد من سهولة الاستخدام. الرمز الداخلي للمنتج: HT-151-G33-APP-CF.
نجف معلق ذهبي - HT-151-G33,HT-151-G33-APP-FGD,,نجف,قطعة,قطعة,ذهبي,865,,4,نجف معلق بلون ذهبي، بتصميم عصري يناسب الصالات وغرف المعيشة والاستقبال، يدعم التحكم عن بُعد باستخدام الريموت، كما يدعم التحكم عبر تطبيق الهاتف المحمول لمزيد من سهولة الاستخدام. الرمز الداخلي للمنتج: HT-151-G33-APP-FGD.
نجف معلق ذهبي - HT-152,HT-152-APP-FGD,,نجف,قطعة,قطعة,ذهبي,515,,4,نجف معلق بلون ذهبي، بتصميم عصري يناسب الصالات وغرف المعيشة والاستقبال، يدعم التحكم عن بُعد باستخدام الريموت، كما يدعم التحكم عبر تطبيق الهاتف المحمول لمزيد من سهولة الاستخدام. الرمز الداخلي للمنتج: HT-152-APP-FGD.
نجف معلق ذهبي - HT-153,HT-153-APP-FGD,,نجف,قطعة,قطعة,ذهبي,475,,4,نجف معلق بلون ذهبي، بتصميم عصري يناسب الصالات وغرف المعيشة والاستقبال، يدعم التحكم عن بُعد باستخدام الريموت، كما يدعم التحكم عبر تطبيق الهاتف المحمول لمزيد من سهولة الاستخدام. الرمز الداخلي للمنتج: HT-153-APP-FGD.
نجف معلق ذهبي - HT-155,HT-155-DZ-2-FGD,,نجف,قطعة,قطعة,ذهبي,,,4,نجف معلق بلون ذهبي، بتصميم عصري يناسب الصالات وغرف المعيشة والاستقبال. الرمز الداخلي للمنتج: HT-155-DZ-2-FGD.
نجف معلق أسود - HT-155,HT-155-DZ-2-BK,,نجف,قطعة,قطعة,أسود,,,4,نجف معلق بلون أسود، بتصميم عصري يناسب الصالات وغرف المعيشة والاستقبال. الرمز الداخلي للمنتج: HT-155-DZ-2-BK.
نجف معلق أبيض - HT-155,HT-155-DZ-2-WH,,نجف,قطعة,قطعة,أبيض,,,4,نجف معلق بلون أبيض، بتصميم عصري يناسب الصالات وغرف المعيشة والاستقبال. الرمز الداخلي للمنتج: HT-155-DZ-2-WH.
نجف معلق أسود - HT-155,HT-155-DZ-003-BK,,نجف,قطعة,قطعة,أسود,430,,4,نجف معلق بلون أسود، بتصميم عصري يناسب الصالات وغرف المعيشة والاستقبال. الرمز الداخلي للمنتج: HT-155-DZ-003-BK.
نجف معلق أبيض - HT-155,HT-155-DZ-003-WH,,نجف,قطعة,قطعة,أبيض,430,,4,نجف معلق بلون أبيض، بتصميم عصري يناسب الصالات وغرف المعيشة والاستقبال. الرمز الداخلي للمنتج: HT-155-DZ-003-WH.
نجف معلق أبيض - HT-155,HT-155-DZ-16-WH,,نجف,قطعة,قطعة,أبيض,460,,4,نجف معلق بلون أبيض، بتصميم عصري يناسب الصالات وغرف المعيشة والاستقبال. الرمز الداخلي للمنتج: HT-155-DZ-16-WH.
نجف معلق أسود - HT-155,HT-155-DZ-16-BK,,نجف,قطعة,قطعة,أسود,460,,4,نجف معلق بلون أسود، بتصميم عصري يناسب الصالات وغرف المعيشة والاستقبال. الرمز الداخلي للمنتج: HT-155-DZ-16-BK.
نجف معلق ذهبي - HT-155,HT-155-Z028-APP-FGD,,نجف,قطعة,قطعة,ذهبي,,,4,نجف معلق بلون ذهبي، بتصميم عصري يناسب الصالات وغرف المعيشة والاستقبال، يدعم التحكم عن بُعد باستخدام الريموت، كما يدعم التحكم عبر تطبيق الهاتف المحمول لمزيد من سهولة الاستخدام. الرمز الداخلي للمنتج: HT-155-Z028-APP-FGD.
نجف معلق ذهبي - HT-155,HT-155-Z041-APP-FGD,,نجف,قطعة,قطعة,ذهبي,515,,4,نجف معلق بلون ذهبي، بتصميم عصري يناسب الصالات وغرف المعيشة والاستقبال، يدعم التحكم عن بُعد باستخدام الريموت، كما يدعم التحكم عبر تطبيق الهاتف المحمول لمزيد من سهولة الاستخدام. الرمز الداخلي للمنتج: HT-155-Z041-APP-FGD.
نجف معلق أبيض - HT-155,HT-155-Z035-APP-WH,,نجف,قطعة,قطعة,أبيض,460,,4,نجف معلق بلون أبيض، بتصميم عصري يناسب الصالات وغرف المعيشة والاستقبال، يدعم التحكم عن بُعد باستخدام الريموت، كما يدعم التحكم عبر تطبيق الهاتف المحمول لمزيد من سهولة الاستخدام. الرمز الداخلي للمنتج: HT-155-Z035-APP-WH.
نجف معلق ذهبي - HT-158,HT-158-DZ-12-APP-FGD,,نجف,قطعة,قطعة,ذهبي,560,,4,نجف معلق بلون ذهبي، بتصميم عصري يناسب الصالات وغرف المعيشة والاستقبال، يدعم التحكم عن بُعد باستخدام الريموت، كما يدعم التحكم عبر تطبيق الهاتف المحمول لمزيد من سهولة الاستخدام. الرمز الداخلي للمنتج: HT-158-DZ-12-APP-FGD.
نجف معلق أسود - HT-158,HT-158-DZ-12-APP-BK,,نجف,قطعة,قطعة,أسود,,,4,نجف معلق بلون أسود، بتصميم عصري يناسب الصالات وغرف المعيشة والاستقبال، يدعم التحكم عن بُعد باستخدام الريموت، كما يدعم التحكم عبر تطبيق الهاتف المحمول لمزيد من سهولة الاستخدام. الرمز الداخلي للمنتج: HT-158-DZ-12-APP-BK.
نجف معلق أسود - HT-158,HT-158-DZ-10-APP-BK,,نجف,قطعة,قطعة,أسود,,,4,نجف معلق بلون أسود، بتصميم عصري يناسب الصالات وغرف المعيشة والاستقبال، يدعم التحكم عن بُعد باستخدام الريموت، كما يدعم التحكم عبر تطبيق الهاتف المحمول لمزيد من سهولة الاستخدام. الرمز الداخلي للمنتج: HT-158-DZ-10-APP-BK.
نجف معلق أبيض - HT-158,HT-158-DZ-10-APP-WH,,نجف,قطعة,قطعة,أبيض,,,4,نجف معلق بلون أبيض، بتصميم عصري يناسب الصالات وغرف المعيشة والاستقبال، يدعم التحكم عن بُعد باستخدام الريموت، كما يدعم التحكم عبر تطبيق الهاتف المحمول لمزيد من سهولة الاستخدام. الرمز الداخلي للمنتج: HT-158-DZ-10-APP-WH.
نجف معلق ذهبي - HT-158,HT-158-Z035-APP-FGD,,نجف,قطعة,قطعة,ذهبي,540,,4,نجف معلق بلون ذهبي، بتصميم عصري يناسب الصالات وغرف المعيشة والاستقبال، يدعم التحكم عن بُعد باستخدام الريموت، كما يدعم التحكم عبر تطبيق الهاتف المحمول لمزيد من سهولة الاستخدام. الرمز الداخلي للمنتج: HT-158-Z035-APP-FGD.
نجف معلق ذهبي - HT-158,HT-158-Z038-APP-FGD,,نجف,قطعة,قطعة,ذهبي,560,,4,نجف معلق بلون ذهبي، بتصميم عصري يناسب الصالات وغرف المعيشة والاستقبال، يدعم التحكم عن بُعد باستخدام الريموت، كما يدعم التحكم عبر تطبيق الهاتف المحمول لمزيد من سهولة الاستخدام. الرمز الداخلي للمنتج: HT-158-Z038-APP-FGD.
نجف معلق ذهبي - HT-160-G30,HT-160-G30-APP-FGD,,نجف,قطعة,قطعة,ذهبي,880,,4,نجف معلق بلون ذهبي، بتصميم عصري يناسب الصالات وغرف المعيشة والاستقبال، يدعم التحكم عن بُعد باستخدام الريموت، كما يدعم التحكم عبر تطبيق الهاتف المحمول لمزيد من سهولة الاستخدام. الرمز الداخلي للمنتج: HT-160-G30-APP-FGD.
نجف معلق ذهبي - HT-160-G33,HT-160-G33-APP-FGD,,نجف,قطعة,قطعة,ذهبي,880,,4,نجف معلق بلون ذهبي، بتصميم عصري يناسب الصالات وغرف المعيشة والاستقبال، يدعم التحكم عن بُعد باستخدام الريموت، كما يدعم التحكم عبر تطبيق الهاتف المحمول لمزيد من سهولة الاستخدام. الرمز الداخلي للمنتج: HT-160-G33-APP-FGD.
نجف معلق ذهبي - HT-160-G40,HT-160-G40-APP-FGD,,نجف,قطعة,قطعة,ذهبي,880,,4,نجف معلق بلون ذهبي، بتصميم عصري يناسب الصالات وغرف المعيشة والاستقبال، يدعم التحكم عن بُعد باستخدام الريموت، كما يدعم التحكم عبر تطبيق الهاتف المحمول لمزيد من سهولة الاستخدام. الرمز الداخلي للمنتج: HT-160-G40-APP-FGD.
نجف معلق ذهبي - HT-161-G30,HT-161-G30-APP-FGD,,نجف,قطعة,قطعة,ذهبي,790,,4,نجف معلق بلون ذهبي، بتصميم عصري يناسب الصالات وغرف المعيشة والاستقبال، يدعم التحكم عن بُعد باستخدام الريموت، كما يدعم التحكم عبر تطبيق الهاتف المحمول لمزيد من سهولة الاستخدام. الرمز الداخلي للمنتج: HT-161-G30-APP-FGD.
نجف معلق ذهبي - HT-161-G33,HT-161-G33-APP-FGD,,نجف,قطعة,قطعة,ذهبي,790,,4,نجف معلق بلون ذهبي، بتصميم عصري يناسب الصالات وغرف المعيشة والاستقبال، يدعم التحكم عن بُعد باستخدام الريموت، كما يدعم التحكم عبر تطبيق الهاتف المحمول لمزيد من سهولة الاستخدام. الرمز الداخلي للمنتج: HT-161-G33-APP-FGD.
نجف معلق أسود - HT-161-G33,HT-161-G33-APP-BK,,نجف,قطعة,قطعة,أسود,690,,4,نجف معلق بلون أسود، بتصميم عصري يناسب الصالات وغرف المعيشة والاستقبال، يدعم التحكم عن بُعد باستخدام الريموت، كما يدعم التحكم عبر تطبيق الهاتف المحمول لمزيد من سهولة الاستخدام. الرمز الداخلي للمنتج: HT-161-G33-APP-BK.
نجف معلق ذهبي - HT-161-G40,HT-161-G40-APP-FGD,,نجف,قطعة,قطعة,ذهبي,790,,4,نجف معلق بلون ذهبي، بتصميم عصري يناسب الصالات وغرف المعيشة والاستقبال، يدعم التحكم عن بُعد باستخدام الريموت، كما يدعم التحكم عبر تطبيق الهاتف المحمول لمزيد من سهولة الاستخدام. الرمز الداخلي للمنتج: HT-161-G40-APP-FGD.
نجف معلق ذهبي - HT-162,HT-162-APP-FGD,,نجف,قطعة,قطعة,ذهبي,1175,,4,نجف معلق بلون ذهبي، بتصميم عصري يناسب الصالات وغرف المعيشة والاستقبال، يدعم التحكم عن بُعد باستخدام الريموت، كما يدعم التحكم عبر تطبيق الهاتف المحمول لمزيد من سهولة الاستخدام. الرمز الداخلي للمنتج: HT-162-APP-FGD.
نجف معلق ذهبي - HT-163-C10,HT-163-C10-APP-FGD,,نجف,قطعة,قطعة,ذهبي,1100,,4,نجف معلق بلون ذهبي، بتصميم عصري يناسب الصالات وغرف المعيشة والاستقبال، يدعم التحكم عن بُعد باستخدام الريموت، كما يدعم التحكم عبر تطبيق الهاتف المحمول لمزيد من سهولة الاستخدام. الرمز الداخلي للمنتج: HT-163-C10-APP-FGD.
نجف معلق ذهبي - HT-164,HT-164-APP-FGD,,نجف,قطعة,قطعة,ذهبي,980,,4,نجف معلق بلون ذهبي، بتصميم عصري يناسب الصالات وغرف المعيشة والاستقبال، يدعم التحكم عن بُعد باستخدام الريموت، كما يدعم التحكم عبر تطبيق الهاتف المحمول لمزيد من سهولة الاستخدام. الرمز الداخلي للمنتج: HT-164-APP-FGD.
نجف معلق ذهبي - HT-166,HT-166-G20-APP-FGD,,نجف,قطعة,قطعة,ذهبي,915,,4,نجف معلق بلون ذهبي، بتصميم عصري يناسب الصالات وغرف المعيشة والاستقبال، يدعم التحكم عن بُعد باستخدام الريموت، كما يدعم التحكم عبر تطبيق الهاتف المحمول لمزيد من سهولة الاستخدام. الرمز الداخلي للمنتج: HT-166-G20-APP-FGD.
نجف معلق ذهبي - HT-167-G30,HT-167-G30-APP-FGD,,نجف,قطعة,قطعة,ذهبي,950,,4,نجف معلق بلون ذهبي، بتصميم عصري يناسب الصالات وغرف المعيشة والاستقبال، يدعم التحكم عن بُعد باستخدام الريموت، كما يدعم التحكم عبر تطبيق الهاتف المحمول لمزيد من سهولة الاستخدام. الرمز الداخلي للمنتج: HT-167-G30-APP-FGD.
نجف معلق ذهبي - HT-170-C1,HT-170-C1-APP-FGD,,نجف,قطعة,قطعة,ذهبي,815,,4,نجف معلق بلون ذهبي، بتصميم عصري يناسب الصالات وغرف المعيشة والاستقبال، يدعم التحكم عن بُعد باستخدام الريموت، كما يدعم التحكم عبر تطبيق الهاتف المحمول لمزيد من سهولة الاستخدام. الرمز الداخلي للمنتج: HT-170-C1-APP-FGD.
نجف معلق ذهبي - HT-170-C2,HT-170-C2-APP-FGD,,نجف,قطعة,قطعة,ذهبي,815,,4,نجف معلق بلون ذهبي، بتصميم عصري يناسب الصالات وغرف المعيشة والاستقبال، يدعم التحكم عن بُعد باستخدام الريموت، كما يدعم التحكم عبر تطبيق الهاتف المحمول لمزيد من سهولة الاستخدام. الرمز الداخلي للمنتج: HT-170-C2-APP-FGD.
نجف معلق أبيض - HT-170-C2,HT-170-C2-APP-WH,,نجف,قطعة,قطعة,أبيض,590,,4,نجف معلق بلون أبيض، بتصميم عصري يناسب الصالات وغرف المعيشة والاستقبال، يدعم التحكم عن بُعد باستخدام الريموت، كما يدعم التحكم عبر تطبيق الهاتف المحمول لمزيد من سهولة الاستخدام. الرمز الداخلي للمنتج: HT-170-C2-APP-WH.
نجف معلق أسود - HT-170-C2,HT-170-C2-APP-BK,,نجف,قطعة,قطعة,أسود,590,,4,نجف معلق بلون أسود، بتصميم عصري يناسب الصالات وغرف المعيشة والاستقبال، يدعم التحكم عن بُعد باستخدام الريموت، كما يدعم التحكم عبر تطبيق الهاتف المحمول لمزيد من سهولة الاستخدام. الرمز الداخلي للمنتج: HT-170-C2-APP-BK.
نجف معلق ذهبي - HT-171-C1,HT-171-C1-APP-FGD,,نجف,قطعة,قطعة,ذهبي,935,,4,نجف معلق بلون ذهبي، بتصميم عصري يناسب الصالات وغرف المعيشة والاستقبال، يدعم التحكم عن بُعد باستخدام الريموت، كما يدعم التحكم عبر تطبيق الهاتف المحمول لمزيد من سهولة الاستخدام. الرمز الداخلي للمنتج: HT-171-C1-APP-FGD.
نجف معلق أبيض - HT-171-C2,HT-171-C2-APP-WH,,نجف,قطعة,قطعة,أبيض,750,,4,نجف معلق بلون أبيض، بتصميم عصري يناسب الصالات وغرف المعيشة والاستقبال، يدعم التحكم عن بُعد باستخدام الريموت، كما يدعم التحكم عبر تطبيق الهاتف المحمول لمزيد من سهولة الاستخدام. الرمز الداخلي للمنتج: HT-171-C2-APP-WH.
نجف معلق أسود - HT-171-C2,HT-171-C2-APP-BK,,نجف,قطعة,قطعة,أسود,750,,4,نجف معلق بلون أسود، بتصميم عصري يناسب الصالات وغرف المعيشة والاستقبال، يدعم التحكم عن بُعد باستخدام الريموت، كما يدعم التحكم عبر تطبيق الهاتف المحمول لمزيد من سهولة الاستخدام. الرمز الداخلي للمنتج: HT-171-C2-APP-BK.
نجف معلق ذهبي - HT-171-C2,HT-171-C2-APP-FGD,,نجف,قطعة,قطعة,ذهبي,920,,4,نجف معلق بلون ذهبي، بتصميم عصري يناسب الصالات وغرف المعيشة والاستقبال، يدعم التحكم عن بُعد باستخدام الريموت، كما يدعم التحكم عبر تطبيق الهاتف المحمول لمزيد من سهولة الاستخدام. الرمز الداخلي للمنتج: HT-171-C2-APP-FGD.
نجف معلق أسود - HT-802,HT-802-APP-BK,,نجف,قطعة,قطعة,أسود,470,,4,نجف معلق بلون أسود، بتصميم عصري يناسب الصالات وغرف المعيشة والاستقبال، يدعم التحكم عن بُعد باستخدام الريموت، كما يدعم التحكم عبر تطبيق الهاتف المحمول لمزيد من سهولة الاستخدام. الرمز الداخلي للمنتج: HT-802-APP-BK.
نجف معلق ذهبي - HT-802,HT-802-APP-FGD,,نجف,قطعة,قطعة,ذهبي,600,,4,نجف معلق بلون ذهبي، بتصميم عصري يناسب الصالات وغرف المعيشة والاستقبال، يدعم التحكم عن بُعد باستخدام الريموت، كما يدعم التحكم عبر تطبيق الهاتف المحمول لمزيد من سهولة الاستخدام. الرمز الداخلي للمنتج: HT-802-APP-FGD.
نجف معلق أبيض - HT-802,HT-802-APP-WH,,نجف,قطعة,قطعة,أبيض,470,,4,نجف معلق بلون أبيض، بتصميم عصري يناسب الصالات وغرف المعيشة والاستقبال، يدعم التحكم عن بُعد باستخدام الريموت، كما يدعم التحكم عبر تطبيق الهاتف المحمول لمزيد من سهولة الاستخدام. الرمز الداخلي للمنتج: HT-802-APP-WH.
نجف معلق - HT-802,HT-802-APP-CF,,نجف,قطعة,قطعة,,470,,4,نجف معلق، بتصميم عصري يناسب الصالات وغرف المعيشة والاستقبال، يدعم التحكم عن بُعد باستخدام الريموت، كما يدعم التحكم عبر تطبيق الهاتف المحمول لمزيد من سهولة الاستخدام. الرمز الداخلي للمنتج: HT-802-APP-CF.
نجف معلق شمبانيا - HT-802,HT-802-APP-CPG,,نجف,قطعة,قطعة,شمبانيا,530,,4,نجف معلق بلون شمبانيا، بتصميم عصري يناسب الصالات وغرف المعيشة والاستقبال، يدعم التحكم عن بُعد باستخدام الريموت، كما يدعم التحكم عبر تطبيق الهاتف المحمول لمزيد من سهولة الاستخدام. الرمز الداخلي للمنتج: HT-802-APP-CPG.
نجف معلق أبيض - HT-803,HT-803-APP-WH,,نجف,قطعة,قطعة,أبيض,455,,4,نجف معلق بلون أبيض، بتصميم عصري يناسب الصالات وغرف المعيشة والاستقبال، يدعم التحكم عن بُعد باستخدام الريموت، كما يدعم التحكم عبر تطبيق الهاتف المحمول لمزيد من سهولة الاستخدام. الرمز الداخلي للمنتج: HT-803-APP-WH.
نجف معلق أسود - HT-803,HT-803-APP-BK,,نجف,قطعة,قطعة,أسود,455,,4,نجف معلق بلون أسود، بتصميم عصري يناسب الصالات وغرف المعيشة والاستقبال، يدعم التحكم عن بُعد باستخدام الريموت، كما يدعم التحكم عبر تطبيق الهاتف المحمول لمزيد من سهولة الاستخدام. الرمز الداخلي للمنتج: HT-803-APP-BK.
نجف معلق أبيض - HT-804,HT-804-APP-WH,,نجف,قطعة,قطعة,أبيض,480,,4,نجف معلق بلون أبيض، بتصميم عصري يناسب الصالات وغرف المعيشة والاستقبال، يدعم التحكم عن بُعد باستخدام الريموت، كما يدعم التحكم عبر تطبيق الهاتف المحمول لمزيد من سهولة الاستخدام. الرمز الداخلي للمنتج: HT-804-APP-WH.
نجف معلق أسود - HT-804,HT-804-APP-BK,,نجف,قطعة,قطعة,أسود,480,,4,نجف معلق بلون أسود، بتصميم عصري يناسب الصالات وغرف المعيشة والاستقبال، يدعم التحكم عن بُعد باستخدام الريموت، كما يدعم التحكم عبر تطبيق الهاتف المحمول لمزيد من سهولة الاستخدام. الرمز الداخلي للمنتج: HT-804-APP-BK.
نجف معلق ذهبي - HT-804,HT-804-APP-GD,,نجف,قطعة,قطعة,ذهبي,550,,4,نجف معلق بلون ذهبي، بتصميم عصري يناسب الصالات وغرف المعيشة والاستقبال، يدعم التحكم عن بُعد باستخدام الريموت، كما يدعم التحكم عبر تطبيق الهاتف المحمول لمزيد من سهولة الاستخدام. الرمز الداخلي للمنتج: HT-804-APP-GD.
نجف معلق ذهبي - HT-804,HT-804-APP-FGD,,نجف,قطعة,قطعة,ذهبي,620,,4,نجف معلق بلون ذهبي، بتصميم عصري يناسب الصالات وغرف المعيشة والاستقبال، يدعم التحكم عن بُعد باستخدام الريموت، كما يدعم التحكم عبر تطبيق الهاتف المحمول لمزيد من سهولة الاستخدام. الرمز الداخلي للمنتج: HT-804-APP-FGD.
نجف معلق أسود - HT-805,HT-805-APP-BK,,نجف,قطعة,قطعة,أسود,410,,4,نجف معلق بلون أسود، بتصميم عصري يناسب الصالات وغرف المعيشة والاستقبال، يدعم التحكم عن بُعد باستخدام الريموت، كما يدعم التحكم عبر تطبيق الهاتف المحمول لمزيد من سهولة الاستخدام. الرمز الداخلي للمنتج: HT-805-APP-BK.
نجف معلق أبيض - HT-805,HT-805-APP-WH,,نجف,قطعة,قطعة,أبيض,410,,4,نجف معلق بلون أبيض، بتصميم عصري يناسب الصالات وغرف المعيشة والاستقبال، يدعم التحكم عن بُعد باستخدام الريموت، كما يدعم التحكم عبر تطبيق الهاتف المحمول لمزيد من سهولة الاستخدام. الرمز الداخلي للمنتج: HT-805-APP-WH.
نجف معلق ذهبي - HT-805,HT-805-APP-FGD,,نجف,قطعة,قطعة,ذهبي,560,,4,نجف معلق بلون ذهبي، بتصميم عصري يناسب الصالات وغرف المعيشة والاستقبال، يدعم التحكم عن بُعد باستخدام الريموت، كما يدعم التحكم عبر تطبيق الهاتف المحمول لمزيد من سهولة الاستخدام. الرمز الداخلي للمنتج: HT-805-APP-FGD.
نجف معلق - HT-805,HT-805-APP-CF,,نجف,قطعة,قطعة,,410,,4,نجف معلق، بتصميم عصري يناسب الصالات وغرف المعيشة والاستقبال، يدعم التحكم عن بُعد باستخدام الريموت، كما يدعم التحكم عبر تطبيق الهاتف المحمول لمزيد من سهولة الاستخدام. الرمز الداخلي للمنتج: HT-805-APP-CF.
نجف معلق ذهبي - HT-805-G20,HT-805-G20-APP-FGD,,نجف,قطعة,قطعة,ذهبي,600,,4,نجف معلق بلون ذهبي، بتصميم عصري يناسب الصالات وغرف المعيشة والاستقبال، يدعم التحكم عن بُعد باستخدام الريموت، كما يدعم التحكم عبر تطبيق الهاتف المحمول لمزيد من سهولة الاستخدام. الرمز الداخلي للمنتج: HT-805-G20-APP-FGD.
نجف معلق أسود - HT-806,HT-806-APP-BK,,نجف,قطعة,قطعة,أسود,435,,4,نجف معلق بلون أسود، بتصميم عصري يناسب الصالات وغرف المعيشة والاستقبال، يدعم التحكم عن بُعد باستخدام الريموت، كما يدعم التحكم عبر تطبيق الهاتف المحمول لمزيد من سهولة الاستخدام. الرمز الداخلي للمنتج: HT-806-APP-BK.
نجف معلق ذهبي - HT-806,HT-806-APP-FGD,,نجف,قطعة,قطعة,ذهبي,535,,4,نجف معلق بلون ذهبي، بتصميم عصري يناسب الصالات وغرف المعيشة والاستقبال، يدعم التحكم عن بُعد باستخدام الريموت، كما يدعم التحكم عبر تطبيق الهاتف المحمول لمزيد من سهولة الاستخدام. الرمز الداخلي للمنتج: HT-806-APP-FGD.
نجف معلق - HT-806,HT-806-APP-CF,,نجف,قطعة,قطعة,,435,,4,نجف معلق، بتصميم عصري يناسب الصالات وغرف المعيشة والاستقبال، يدعم التحكم عن بُعد باستخدام الريموت، كما يدعم التحكم عبر تطبيق الهاتف المحمول لمزيد من سهولة الاستخدام. الرمز الداخلي للمنتج: HT-806-APP-CF.
نجف معلق أبيض - HT-806,HT-806-APP-WH,,نجف,قطعة,قطعة,أبيض,435,,4,نجف معلق بلون أبيض، بتصميم عصري يناسب الصالات وغرف المعيشة والاستقبال، يدعم التحكم عن بُعد باستخدام الريموت، كما يدعم التحكم عبر تطبيق الهاتف المحمول لمزيد من سهولة الاستخدام. الرمز الداخلي للمنتج: HT-806-APP-WH.
نجف معلق شمبانيا - HT-806,HT-806-APP-CPG,,نجف,قطعة,قطعة,شمبانيا,460,,4,نجف معلق بلون شمبانيا، بتصميم عصري يناسب الصالات وغرف المعيشة والاستقبال، يدعم التحكم عن بُعد باستخدام الريموت، كما يدعم التحكم عبر تطبيق الهاتف المحمول لمزيد من سهولة الاستخدام. الرمز الداخلي للمنتج: HT-806-APP-CPG.
نجف معلق - HT-806,HT-806-APP-CG,,نجف,قطعة,قطعة,,460,,4,نجف معلق، بتصميم عصري يناسب الصالات وغرف المعيشة والاستقبال، يدعم التحكم عن بُعد باستخدام الريموت، كما يدعم التحكم عبر تطبيق الهاتف المحمول لمزيد من سهولة الاستخدام. الرمز الداخلي للمنتج: HT-806-APP-CG.
نجف معلق أبيض - HT-807,HT-807-APP-WH,,نجف,قطعة,قطعة,أبيض,440,,4,نجف معلق بلون أبيض، بتصميم عصري يناسب الصالات وغرف المعيشة والاستقبال، يدعم التحكم عن بُعد باستخدام الريموت، كما يدعم التحكم عبر تطبيق الهاتف المحمول لمزيد من سهولة الاستخدام. الرمز الداخلي للمنتج: HT-807-APP-WH.
نجف معلق - HT-807,HT-807-APP-CG,,نجف,قطعة,قطعة,,530,,4,نجف معلق، بتصميم عصري يناسب الصالات وغرف المعيشة والاستقبال، يدعم التحكم عن بُعد باستخدام الريموت، كما يدعم التحكم عبر تطبيق الهاتف المحمول لمزيد من سهولة الاستخدام. الرمز الداخلي للمنتج: HT-807-APP-CG.
نجف معلق - HT-807,HT-807-APP-CF,,نجف,قطعة,قطعة,,440,,4,نجف معلق، بتصميم عصري يناسب الصالات وغرف المعيشة والاستقبال، يدعم التحكم عن بُعد باستخدام الريموت، كما يدعم التحكم عبر تطبيق الهاتف المحمول لمزيد من سهولة الاستخدام. الرمز الداخلي للمنتج: HT-807-APP-CF.
نجف معلق أسود - HT-807,HT-807-APP-BK,,نجف,قطعة,قطعة,أسود,440,,4,نجف معلق بلون أسود، بتصميم عصري يناسب الصالات وغرف المعيشة والاستقبال، يدعم التحكم عن بُعد باستخدام الريموت، كما يدعم التحكم عبر تطبيق الهاتف المحمول لمزيد من سهولة الاستخدام. الرمز الداخلي للمنتج: HT-807-APP-BK.
نجف معلق ذهبي - HT-807,HT-807-APP-FGD,,نجف,قطعة,قطعة,ذهبي,600,,4,نجف معلق بلون ذهبي، بتصميم عصري يناسب الصالات وغرف المعيشة والاستقبال، يدعم التحكم عن بُعد باستخدام الريموت، كما يدعم التحكم عبر تطبيق الهاتف المحمول لمزيد من سهولة الاستخدام. الرمز الداخلي للمنتج: HT-807-APP-FGD.
نجف معلق شمبانيا - HT-807,HT-807-APP-CPG,,نجف,قطعة,قطعة,شمبانيا,530,,4,نجف معلق بلون شمبانيا، بتصميم عصري يناسب الصالات وغرف المعيشة والاستقبال، يدعم التحكم عن بُعد باستخدام الريموت، كما يدعم التحكم عبر تطبيق الهاتف المحمول لمزيد من سهولة الاستخدام. الرمز الداخلي للمنتج: HT-807-APP-CPG.
نجف معلق ذهبي - HT-808,HT-808-APP-FGD,,نجف,قطعة,قطعة,ذهبي,625,,4,نجف معلق بلون ذهبي، بتصميم عصري يناسب الصالات وغرف المعيشة والاستقبال، يدعم التحكم عن بُعد باستخدام الريموت، كما يدعم التحكم عبر تطبيق الهاتف المحمول لمزيد من سهولة الاستخدام. الرمز الداخلي للمنتج: HT-808-APP-FGD.
نجف معلق أسود - HT-809,HT-809-APP-BK,,نجف,قطعة,قطعة,أسود,395,,4,نجف معلق بلون أسود، بتصميم عصري يناسب الصالات وغرف المعيشة والاستقبال، يدعم التحكم عن بُعد باستخدام الريموت، كما يدعم التحكم عبر تطبيق الهاتف المحمول لمزيد من سهولة الاستخدام. الرمز الداخلي للمنتج: HT-809-APP-BK.
نجف معلق ذهبي - HT-809,HT-809-APP-FGD,,نجف,قطعة,قطعة,ذهبي,530,,4,نجف معلق بلون ذهبي، بتصميم عصري يناسب الصالات وغرف المعيشة والاستقبال، يدعم التحكم عن بُعد باستخدام الريموت، كما يدعم التحكم عبر تطبيق الهاتف المحمول لمزيد من سهولة الاستخدام. الرمز الداخلي للمنتج: HT-809-APP-FGD.
نجف معلق شمبانيا - HT-809,HT-809-APP-CPG,,نجف,قطعة,قطعة,شمبانيا,460,,4,نجف معلق بلون شمبانيا، بتصميم عصري يناسب الصالات وغرف المعيشة والاستقبال، يدعم التحكم عن بُعد باستخدام الريموت، كما يدعم التحكم عبر تطبيق الهاتف المحمول لمزيد من سهولة الاستخدام. الرمز الداخلي للمنتج: HT-809-APP-CPG.
نجف معلق أبيض - HT-809,HT-809-APP-WH,,نجف,قطعة,قطعة,أبيض,395,,4,نجف معلق بلون أبيض، بتصميم عصري يناسب الصالات وغرف المعيشة والاستقبال، يدعم التحكم عن بُعد باستخدام الريموت، كما يدعم التحكم عبر تطبيق الهاتف المحمول لمزيد من سهولة الاستخدام. الرمز الداخلي للمنتج: HT-809-APP-WH.
نجف معلق ذهبي - HT-809-G23,HT-809-G23-APP-FGD,,نجف,قطعة,قطعة,ذهبي,570,,4,نجف معلق بلون ذهبي، بتصميم عصري يناسب الصالات وغرف المعيشة والاستقبال، يدعم التحكم عن بُعد باستخدام الريموت، كما يدعم التحكم عبر تطبيق الهاتف المحمول لمزيد من سهولة الاستخدام. الرمز الداخلي للمنتج: HT-809-G23-APP-FGD.
نجف معلق أسود - HT-809-G23,HT-809-G23-APP-BK,,نجف,قطعة,قطعة,أسود,420,,4,نجف معلق بلون أسود، بتصميم عصري يناسب الصالات وغرف المعيشة والاستقبال، يدعم التحكم عن بُعد باستخدام الريموت، كما يدعم التحكم عبر تطبيق الهاتف المحمول لمزيد من سهولة الاستخدام. الرمز الداخلي للمنتج: HT-809-G23-APP-BK.
نجف معلق أبيض - HT-809-G23,HT-809-G23-APP-WH,,نجف,قطعة,قطعة,أبيض,420,,4,نجف معلق بلون أبيض، بتصميم عصري يناسب الصالات وغرف المعيشة والاستقبال، يدعم التحكم عن بُعد باستخدام الريموت، كما يدعم التحكم عبر تطبيق الهاتف المحمول لمزيد من سهولة الاستخدام. الرمز الداخلي للمنتج: HT-809-G23-APP-WH.
نجف معلق أسود - HT-810,HT-810-APP-BK,,نجف,قطعة,قطعة,أسود,475,,4,نجف معلق بلون أسود، بتصميم عصري يناسب الصالات وغرف المعيشة والاستقبال، يدعم التحكم عن بُعد باستخدام الريموت، كما يدعم التحكم عبر تطبيق الهاتف المحمول لمزيد من سهولة الاستخدام. الرمز الداخلي للمنتج: HT-810-APP-BK.
نجف معلق رمادي/فضي - HT-810,HT-810-APP-GR,,نجف,قطعة,قطعة,رمادي/فضي,475,,4,نجف معلق بلون رمادي/فضي، بتصميم عصري يناسب الصالات وغرف المعيشة والاستقبال، يدعم التحكم عن بُعد باستخدام الريموت، كما يدعم التحكم عبر تطبيق الهاتف المحمول لمزيد من سهولة الاستخدام. الرمز الداخلي للمنتج: HT-810-APP-GR.
نجف معلق ذهبي - HT-811,HT-811-APP-FGD,,نجف,قطعة,قطعة,ذهبي,610,,4,نجف معلق بلون ذهبي، بتصميم عصري يناسب الصالات وغرف المعيشة والاستقبال، يدعم التحكم عن بُعد باستخدام الريموت، كما يدعم التحكم عبر تطبيق الهاتف المحمول لمزيد من سهولة الاستخدام. الرمز الداخلي للمنتج: HT-811-APP-FGD.
نجف معلق أسود - HT-811,HT-811-APP-BK,,نجف,قطعة,قطعة,أسود,460,,4,نجف معلق بلون أسود، بتصميم عصري يناسب الصالات وغرف المعيشة والاستقبال، يدعم التحكم عن بُعد باستخدام الريموت، كما يدعم التحكم عبر تطبيق الهاتف المحمول لمزيد من سهولة الاستخدام. الرمز الداخلي للمنتج: HT-811-APP-BK.
نجف معلق أبيض - HT-811,HT-811-APP-WH,,نجف,قطعة,قطعة,أبيض,460,,4,نجف معلق بلون أبيض، بتصميم عصري يناسب الصالات وغرف المعيشة والاستقبال، يدعم التحكم عن بُعد باستخدام الريموت، كما يدعم التحكم عبر تطبيق الهاتف المحمول لمزيد من سهولة الاستخدام. الرمز الداخلي للمنتج: HT-811-APP-WH.
نجف معلق - HT-811,HT-811-APP-CF,,نجف,قطعة,قطعة,,460,,4,نجف معلق، بتصميم عصري يناسب الصالات وغرف المعيشة والاستقبال، يدعم التحكم عن بُعد باستخدام الريموت، كما يدعم التحكم عبر تطبيق الهاتف المحمول لمزيد من سهولة الاستخدام. الرمز الداخلي للمنتج: HT-811-APP-CF.
نجف معلق ذهبي - HT-812,HT-812-APP-FGD,,نجف,قطعة,قطعة,ذهبي,705,,4,نجف معلق بلون ذهبي، بتصميم عصري يناسب الصالات وغرف المعيشة والاستقبال، يدعم التحكم عن بُعد باستخدام الريموت، كما يدعم التحكم عبر تطبيق الهاتف المحمول لمزيد من سهولة الاستخدام. الرمز الداخلي للمنتج: HT-812-APP-FGD.
نجف معلق أسود - HT-812,HT-812-APP-BK,,نجف,قطعة,قطعة,أسود,480,,4,نجف معلق بلون أسود، بتصميم عصري يناسب الصالات وغرف المعيشة والاستقبال، يدعم التحكم عن بُعد باستخدام الريموت، كما يدعم التحكم عبر تطبيق الهاتف المحمول لمزيد من سهولة الاستخدام. الرمز الداخلي للمنتج: HT-812-APP-BK.
نجف معلق أبيض - HT-812,HT-812-APP-WH,,نجف,قطعة,قطعة,أبيض,480,,4,نجف معلق بلون أبيض، بتصميم عصري يناسب الصالات وغرف المعيشة والاستقبال، يدعم التحكم عن بُعد باستخدام الريموت، كما يدعم التحكم عبر تطبيق الهاتف المحمول لمزيد من سهولة الاستخدام. الرمز الداخلي للمنتج: HT-812-APP-WH.
نجف معلق - HT-812,HT-812-APP-CF,,نجف,قطعة,قطعة,,480,,4,نجف معلق، بتصميم عصري يناسب الصالات وغرف المعيشة والاستقبال، يدعم التحكم عن بُعد باستخدام الريموت، كما يدعم التحكم عبر تطبيق الهاتف المحمول لمزيد من سهولة الاستخدام. الرمز الداخلي للمنتج: HT-812-APP-CF.
نجف معلق شمبانيا - HT-812,HT-812-APP-CPG,,نجف,قطعة,قطعة,شمبانيا,530,,4,نجف معلق بلون شمبانيا، بتصميم عصري يناسب الصالات وغرف المعيشة والاستقبال، يدعم التحكم عن بُعد باستخدام الريموت، كما يدعم التحكم عبر تطبيق الهاتف المحمول لمزيد من سهولة الاستخدام. الرمز الداخلي للمنتج: HT-812-APP-CPG.
نجف معلق ذهبي - HT-814,HT-814-APP-FGD,,نجف,قطعة,قطعة,ذهبي,775,,4,نجف معلق بلون ذهبي، بتصميم عصري يناسب الصالات وغرف المعيشة والاستقبال، يدعم التحكم عن بُعد باستخدام الريموت، كما يدعم التحكم عبر تطبيق الهاتف المحمول لمزيد من سهولة الاستخدام. الرمز الداخلي للمنتج: HT-814-APP-FGD.
نجف معلق أبيض - HT-814,HT-814-APP-WH,,نجف,قطعة,قطعة,أبيض,615,,4,نجف معلق بلون أبيض، بتصميم عصري يناسب الصالات وغرف المعيشة والاستقبال، يدعم التحكم عن بُعد باستخدام الريموت، كما يدعم التحكم عبر تطبيق الهاتف المحمول لمزيد من سهولة الاستخدام. الرمز الداخلي للمنتج: HT-814-APP-WH.
نجف معلق أسود - HT-814,HT-814-APP-BK,,نجف,قطعة,قطعة,أسود,615,,4,نجف معلق بلون أسود، بتصميم عصري يناسب الصالات وغرف المعيشة والاستقبال، يدعم التحكم عن بُعد باستخدام الريموت، كما يدعم التحكم عبر تطبيق الهاتف المحمول لمزيد من سهولة الاستخدام. الرمز الداخلي للمنتج: HT-814-APP-BK.
نجف معلق أسود - HT-816,HT-816-APP-BK,,نجف,قطعة,قطعة,أسود,540,,4,نجف معلق بلون أسود، بتصميم عصري يناسب الصالات وغرف المعيشة والاستقبال، يدعم التحكم عن بُعد باستخدام الريموت، كما يدعم التحكم عبر تطبيق الهاتف المحمول لمزيد من سهولة الاستخدام. الرمز الداخلي للمنتج: HT-816-APP-BK.
نجف معلق ذهبي - HT-816,HT-816-APP-FGD,,نجف,قطعة,قطعة,ذهبي,715,,4,نجف معلق بلون ذهبي، بتصميم عصري يناسب الصالات وغرف المعيشة والاستقبال، يدعم التحكم عن بُعد باستخدام الريموت، كما يدعم التحكم عبر تطبيق الهاتف المحمول لمزيد من سهولة الاستخدام. الرمز الداخلي للمنتج: HT-816-APP-FGD.
نجف معلق أبيض - HT-816,HT-816-APP-WH,,نجف,قطعة,قطعة,أبيض,540,,4,نجف معلق بلون أبيض، بتصميم عصري يناسب الصالات وغرف المعيشة والاستقبال، يدعم التحكم عن بُعد باستخدام الريموت، كما يدعم التحكم عبر تطبيق الهاتف المحمول لمزيد من سهولة الاستخدام. الرمز الداخلي للمنتج: HT-816-APP-WH.
نجف معلق - HT-817,HT-817-APP-CF,,نجف,قطعة,قطعة,,605,,4,نجف معلق، بتصميم عصري يناسب الصالات وغرف المعيشة والاستقبال، يدعم التحكم عن بُعد باستخدام الريموت، كما يدعم التحكم عبر تطبيق الهاتف المحمول لمزيد من سهولة الاستخدام. الرمز الداخلي للمنتج: HT-817-APP-CF.
نجف معلق أسود - HT-817,HT-817-APP-BK,,نجف,قطعة,قطعة,أسود,525,,4,نجف معلق بلون أسود، بتصميم عصري يناسب الصالات وغرف المعيشة والاستقبال، يدعم التحكم عن بُعد باستخدام الريموت، كما يدعم التحكم عبر تطبيق الهاتف المحمول لمزيد من سهولة الاستخدام. الرمز الداخلي للمنتج: HT-817-APP-BK.
نجف معلق أبيض - HT-817,HT-817-APP-WH,,نجف,قطعة,قطعة,أبيض,525,,4,نجف معلق بلون أبيض، بتصميم عصري يناسب الصالات وغرف المعيشة والاستقبال، يدعم التحكم عن بُعد باستخدام الريموت، كما يدعم التحكم عبر تطبيق الهاتف المحمول لمزيد من سهولة الاستخدام. الرمز الداخلي للمنتج: HT-817-APP-WH.
نجف معلق - HT-817,HT-817-APP-CG,,نجف,قطعة,قطعة,,605,,4,نجف معلق، بتصميم عصري يناسب الصالات وغرف المعيشة والاستقبال، يدعم التحكم عن بُعد باستخدام الريموت، كما يدعم التحكم عبر تطبيق الهاتف المحمول لمزيد من سهولة الاستخدام. الرمز الداخلي للمنتج: HT-817-APP-CG.
نجف معلق أبيض - HT-820,HT-820-APP-WH,,نجف,قطعة,قطعة,أبيض,540,,4,نجف معلق بلون أبيض، بتصميم عصري يناسب الصالات وغرف المعيشة والاستقبال، يدعم التحكم عن بُعد باستخدام الريموت، كما يدعم التحكم عبر تطبيق الهاتف المحمول لمزيد من سهولة الاستخدام. الرمز الداخلي للمنتج: HT-820-APP-WH.
نجف معلق أسود - HT-820,HT-820-APP-BK,,نجف,قطعة,قطعة,أسود,540,,4,نجف معلق بلون أسود، بتصميم عصري يناسب الصالات وغرف المعيشة والاستقبال، يدعم التحكم عن بُعد باستخدام الريموت، كما يدعم التحكم عبر تطبيق الهاتف المحمول لمزيد من سهولة الاستخدام. الرمز الداخلي للمنتج: HT-820-APP-BK.
نجف معلق أبيض - HT-821,HT-821-APP-WH,,نجف,قطعة,قطعة,أبيض,560,,4,نجف معلق بلون أبيض، بتصميم عصري يناسب الصالات وغرف المعيشة والاستقبال، يدعم التحكم عن بُعد باستخدام الريموت، كما يدعم التحكم عبر تطبيق الهاتف المحمول لمزيد من سهولة الاستخدام. الرمز الداخلي للمنتج: HT-821-APP-WH.
نجف معلق ذهبي - HT-821,HT-821-APP-FGD,,نجف,قطعة,قطعة,ذهبي,725,,4,نجف معلق بلون ذهبي، بتصميم عصري يناسب الصالات وغرف المعيشة والاستقبال، يدعم التحكم عن بُعد باستخدام الريموت، كما يدعم التحكم عبر تطبيق الهاتف المحمول لمزيد من سهولة الاستخدام. الرمز الداخلي للمنتج: HT-821-APP-FGD.
نجف معلق أسود - HT-821,HT-821-APP-BK,,نجف,قطعة,قطعة,أسود,560,,4,نجف معلق بلون أسود، بتصميم عصري يناسب الصالات وغرف المعيشة والاستقبال، يدعم التحكم عن بُعد باستخدام الريموت، كما يدعم التحكم عبر تطبيق الهاتف المحمول لمزيد من سهولة الاستخدام. الرمز الداخلي للمنتج: HT-821-APP-BK.
نجف معلق - HT-821,HT-821-APP-CF,,نجف,قطعة,قطعة,,560,,4,نجف معلق، بتصميم عصري يناسب الصالات وغرف المعيشة والاستقبال، يدعم التحكم عن بُعد باستخدام الريموت، كما يدعم التحكم عبر تطبيق الهاتف المحمول لمزيد من سهولة الاستخدام. الرمز الداخلي للمنتج: HT-821-APP-CF.
نجف معلق ذهبي - HT-823,HT-823-APP-FGD,,نجف,قطعة,قطعة,ذهبي,655,,4,نجف معلق بلون ذهبي، بتصميم عصري يناسب الصالات وغرف المعيشة والاستقبال، يدعم التحكم عن بُعد باستخدام الريموت، كما يدعم التحكم عبر تطبيق الهاتف المحمول لمزيد من سهولة الاستخدام. الرمز الداخلي للمنتج: HT-823-APP-FGD.
نجف معلق أسود - HT-823,HT-823-APP-BK,,نجف,قطعة,قطعة,أسود,490,,4,نجف معلق بلون أسود، بتصميم عصري يناسب الصالات وغرف المعيشة والاستقبال، يدعم التحكم عن بُعد باستخدام الريموت، كما يدعم التحكم عبر تطبيق الهاتف المحمول لمزيد من سهولة الاستخدام. الرمز الداخلي للمنتج: HT-823-APP-BK.
نجف معلق أبيض - HT-823,HT-823-APP-WH,,نجف,قطعة,قطعة,أبيض,490,,4,نجف معلق بلون أبيض، بتصميم عصري يناسب الصالات وغرف المعيشة والاستقبال، يدعم التحكم عن بُعد باستخدام الريموت، كما يدعم التحكم عبر تطبيق الهاتف المحمول لمزيد من سهولة الاستخدام. الرمز الداخلي للمنتج: HT-823-APP-WH.
نجف معلق ذهبي - HT-823-G23,HT-823-G23-APP-FGD,,نجف,قطعة,قطعة,ذهبي,710,,4,نجف معلق بلون ذهبي، بتصميم عصري يناسب الصالات وغرف المعيشة والاستقبال، يدعم التحكم عن بُعد باستخدام الريموت، كما يدعم التحكم عبر تطبيق الهاتف المحمول لمزيد من سهولة الاستخدام. الرمز الداخلي للمنتج: HT-823-G23-APP-FGD.
نجف معلق ذهبي - HT-824,HT-824-APP-FGD,,نجف,قطعة,قطعة,ذهبي,590,,4,نجف معلق بلون ذهبي، بتصميم عصري يناسب الصالات وغرف المعيشة والاستقبال، يدعم التحكم عن بُعد باستخدام الريموت، كما يدعم التحكم عبر تطبيق الهاتف المحمول لمزيد من سهولة الاستخدام. الرمز الداخلي للمنتج: HT-824-APP-FGD.
نجف معلق - HT-824,HT-824-APP-CF,,نجف,قطعة,قطعة,,455,,4,نجف معلق، بتصميم عصري يناسب الصالات وغرف المعيشة والاستقبال، يدعم التحكم عن بُعد باستخدام الريموت، كما يدعم التحكم عبر تطبيق الهاتف المحمول لمزيد من سهولة الاستخدام. الرمز الداخلي للمنتج: HT-824-APP-CF.
نجف معلق شمبانيا - HT-824,HT-824-APP-CPG,,نجف,قطعة,قطعة,شمبانيا,505,,4,نجف معلق بلون شمبانيا، بتصميم عصري يناسب الصالات وغرف المعيشة والاستقبال، يدعم التحكم عن بُعد باستخدام الريموت، كما يدعم التحكم عبر تطبيق الهاتف المحمول لمزيد من سهولة الاستخدام. الرمز الداخلي للمنتج: HT-824-APP-CPG.
نجف معلق ذهبي - HT-825,HT-825-APP-FGD,,نجف,قطعة,قطعة,ذهبي,540,,4,نجف معلق بلون ذهبي، بتصميم عصري يناسب الصالات وغرف المعيشة والاستقبال، يدعم التحكم عن بُعد باستخدام الريموت، كما يدعم التحكم عبر تطبيق الهاتف المحمول لمزيد من سهولة الاستخدام. الرمز الداخلي للمنتج: HT-825-APP-FGD.
نجف معلق ذهبي - HT-826,HT-826-APP-FGD,,نجف,قطعة,قطعة,ذهبي,705,,4,نجف معلق بلون ذهبي، بتصميم عصري يناسب الصالات وغرف المعيشة والاستقبال، يدعم التحكم عن بُعد باستخدام الريموت، كما يدعم التحكم عبر تطبيق الهاتف المحمول لمزيد من سهولة الاستخدام. الرمز الداخلي للمنتج: HT-826-APP-FGD.
نجف معلق ذهبي - HT-827,HT-827-APP-FGD,,نجف,قطعة,قطعة,ذهبي,610,,4,نجف معلق بلون ذهبي، بتصميم عصري يناسب الصالات وغرف المعيشة والاستقبال، يدعم التحكم عن بُعد باستخدام الريموت، كما يدعم التحكم عبر تطبيق الهاتف المحمول لمزيد من سهولة الاستخدام. الرمز الداخلي للمنتج: HT-827-APP-FGD.
نجف معلق أسود - HT-827,HT-827-APP-BK,,نجف,قطعة,قطعة,أسود,525,,4,نجف معلق بلون أسود، بتصميم عصري يناسب الصالات وغرف المعيشة والاستقبال، يدعم التحكم عن بُعد باستخدام الريموت، كما يدعم التحكم عبر تطبيق الهاتف المحمول لمزيد من سهولة الاستخدام. الرمز الداخلي للمنتج: HT-827-APP-BK.
نجف معلق أبيض - HT-827,HT-827-APP-WH,,نجف,قطعة,قطعة,أبيض,525,,4,نجف معلق بلون أبيض، بتصميم عصري يناسب الصالات وغرف المعيشة والاستقبال، يدعم التحكم عن بُعد باستخدام الريموت، كما يدعم التحكم عبر تطبيق الهاتف المحمول لمزيد من سهولة الاستخدام. الرمز الداخلي للمنتج: HT-827-APP-WH.
نجف معلق أسود - HT-828,HT-828-APP-BK,,نجف,قطعة,قطعة,أسود,475,,4,نجف معلق بلون أسود، بتصميم عصري يناسب الصالات وغرف المعيشة والاستقبال، يدعم التحكم عن بُعد باستخدام الريموت، كما يدعم التحكم عبر تطبيق الهاتف المحمول لمزيد من سهولة الاستخدام. الرمز الداخلي للمنتج: HT-828-APP-BK.
نجف معلق أبيض - HT-828,HT-828-APP-WH,,نجف,قطعة,قطعة,أبيض,475,,4,نجف معلق بلون أبيض، بتصميم عصري يناسب الصالات وغرف المعيشة والاستقبال، يدعم التحكم عن بُعد باستخدام الريموت، كما يدعم التحكم عبر تطبيق الهاتف المحمول لمزيد من سهولة الاستخدام. الرمز الداخلي للمنتج: HT-828-APP-WH.
نجف معلق ذهبي - HT-828,HT-828-APP-FGD,,نجف,قطعة,قطعة,ذهبي,565,,4,نجف معلق بلون ذهبي، بتصميم عصري يناسب الصالات وغرف المعيشة والاستقبال، يدعم التحكم عن بُعد باستخدام الريموت، كما يدعم التحكم عبر تطبيق الهاتف المحمول لمزيد من سهولة الاستخدام. الرمز الداخلي للمنتج: HT-828-APP-FGD.
نجف معلق - HT-828,HT-828-APP-CF,,نجف,قطعة,قطعة,,475,,4,نجف معلق، بتصميم عصري يناسب الصالات وغرف المعيشة والاستقبال، يدعم التحكم عن بُعد باستخدام الريموت، كما يدعم التحكم عبر تطبيق الهاتف المحمول لمزيد من سهولة الاستخدام. الرمز الداخلي للمنتج: HT-828-APP-CF.
نجف معلق ذهبي - HT-828-C12,HT-828-C12-APP-FGD,,نجف,قطعة,قطعة,ذهبي,,,4,نجف معلق بلون ذهبي، بتصميم عصري يناسب الصالات وغرف المعيشة والاستقبال، يدعم التحكم عن بُعد باستخدام الريموت، كما يدعم التحكم عبر تطبيق الهاتف المحمول لمزيد من سهولة الاستخدام. الرمز الداخلي للمنتج: HT-828-C12-APP-FGD.
نجف معلق أبيض - HT-830,HT-830-APP-WH,,نجف,قطعة,قطعة,أبيض,480,,4,نجف معلق بلون أبيض، بتصميم عصري يناسب الصالات وغرف المعيشة والاستقبال، يدعم التحكم عن بُعد باستخدام الريموت، كما يدعم التحكم عبر تطبيق الهاتف المحمول لمزيد من سهولة الاستخدام. الرمز الداخلي للمنتج: HT-830-APP-WH.
نجف معلق ذهبي - HT-830,HT-830-APP-FGD,,نجف,قطعة,قطعة,ذهبي,605,,4,نجف معلق بلون ذهبي، بتصميم عصري يناسب الصالات وغرف المعيشة والاستقبال، يدعم التحكم عن بُعد باستخدام الريموت، كما يدعم التحكم عبر تطبيق الهاتف المحمول لمزيد من سهولة الاستخدام. الرمز الداخلي للمنتج: HT-830-APP-FGD.
نجف معلق أسود - HT-830,HT-830-APP-BK,,نجف,قطعة,قطعة,أسود,480,,4,نجف معلق بلون أسود، بتصميم عصري يناسب الصالات وغرف المعيشة والاستقبال، يدعم التحكم عن بُعد باستخدام الريموت، كما يدعم التحكم عبر تطبيق الهاتف المحمول لمزيد من سهولة الاستخدام. الرمز الداخلي للمنتج: HT-830-APP-BK.
نجف معلق - HT-830,HT-830-APP-CF,,نجف,قطعة,قطعة,,480,,4,نجف معلق، بتصميم عصري يناسب الصالات وغرف المعيشة والاستقبال، يدعم التحكم عن بُعد باستخدام الريموت، كما يدعم التحكم عبر تطبيق الهاتف المحمول لمزيد من سهولة الاستخدام. الرمز الداخلي للمنتج: HT-830-APP-CF.
نجف معلق ذهبي - HT-831,HT-831-APP-FGD,,نجف,قطعة,قطعة,ذهبي,1065,,4,نجف معلق بلون ذهبي، بتصميم عصري يناسب الصالات وغرف المعيشة والاستقبال، يدعم التحكم عن بُعد باستخدام الريموت، كما يدعم التحكم عبر تطبيق الهاتف المحمول لمزيد من سهولة الاستخدام. الرمز الداخلي للمنتج: HT-831-APP-FGD.
نجف معلق ذهبي - HT-832,HT-832-APP-FGD,,نجف,قطعة,قطعة,ذهبي,975,,4,نجف معلق بلون ذهبي، بتصميم عصري يناسب الصالات وغرف المعيشة والاستقبال، يدعم التحكم عن بُعد باستخدام الريموت، كما يدعم التحكم عبر تطبيق الهاتف المحمول لمزيد من سهولة الاستخدام. الرمز الداخلي للمنتج: HT-832-APP-FGD.
نجف معلق أبيض - HT-832,HT-832-APP-WH,,نجف,قطعة,قطعة,أبيض,625,,4,نجف معلق بلون أبيض، بتصميم عصري يناسب الصالات وغرف المعيشة والاستقبال، يدعم التحكم عن بُعد باستخدام الريموت، كما يدعم التحكم عبر تطبيق الهاتف المحمول لمزيد من سهولة الاستخدام. الرمز الداخلي للمنتج: HT-832-APP-WH.
نجف معلق أبيض - HT-834,HT-834-APP-WH,,نجف,قطعة,قطعة,أبيض,475,,4,نجف معلق بلون أبيض، بتصميم عصري يناسب الصالات وغرف المعيشة والاستقبال، يدعم التحكم عن بُعد باستخدام الريموت، كما يدعم التحكم عبر تطبيق الهاتف المحمول لمزيد من سهولة الاستخدام. الرمز الداخلي للمنتج: HT-834-APP-WH.
نجف معلق شمبانيا - HT-834,HT-834-APP-CPG,,نجف,قطعة,قطعة,شمبانيا,525,,4,نجف معلق بلون شمبانيا، بتصميم عصري يناسب الصالات وغرف المعيشة والاستقبال، يدعم التحكم عن بُعد باستخدام الريموت، كما يدعم التحكم عبر تطبيق الهاتف المحمول لمزيد من سهولة الاستخدام. الرمز الداخلي للمنتج: HT-834-APP-CPG.
نجف معلق ذهبي - HT-834,HT-834-APP-FGD,,نجف,قطعة,قطعة,ذهبي,605,,4,نجف معلق بلون ذهبي، بتصميم عصري يناسب الصالات وغرف المعيشة والاستقبال، يدعم التحكم عن بُعد باستخدام الريموت، كما يدعم التحكم عبر تطبيق الهاتف المحمول لمزيد من سهولة الاستخدام. الرمز الداخلي للمنتج: HT-834-APP-FGD.
نجف معلق ذهبي - HT-835,HT-835-APP-FGD,,نجف,قطعة,قطعة,ذهبي,625,,4,نجف معلق بلون ذهبي، بتصميم عصري يناسب الصالات وغرف المعيشة والاستقبال، يدعم التحكم عن بُعد باستخدام الريموت، كما يدعم التحكم عبر تطبيق الهاتف المحمول لمزيد من سهولة الاستخدام. الرمز الداخلي للمنتج: HT-835-APP-FGD.
نجف معلق أسود - HT-835,HT-835-APP-BK,,نجف,قطعة,قطعة,أسود,495,,4,نجف معلق بلون أسود، بتصميم عصري يناسب الصالات وغرف المعيشة والاستقبال، يدعم التحكم عن بُعد باستخدام الريموت، كما يدعم التحكم عبر تطبيق الهاتف المحمول لمزيد من سهولة الاستخدام. الرمز الداخلي للمنتج: HT-835-APP-BK.
نجف معلق شمبانيا - HT-835,HT-835-APP-CPG,,نجف,قطعة,قطعة,شمبانيا,550,,4,نجف معلق بلون شمبانيا، بتصميم عصري يناسب الصالات وغرف المعيشة والاستقبال، يدعم التحكم عن بُعد باستخدام الريموت، كما يدعم التحكم عبر تطبيق الهاتف المحمول لمزيد من سهولة الاستخدام. الرمز الداخلي للمنتج: HT-835-APP-CPG.
نجف معلق أبيض - HT-835,HT-835-APP-WH,,نجف,قطعة,قطعة,أبيض,495,,4,نجف معلق بلون أبيض، بتصميم عصري يناسب الصالات وغرف المعيشة والاستقبال، يدعم التحكم عن بُعد باستخدام الريموت، كما يدعم التحكم عبر تطبيق الهاتف المحمول لمزيد من سهولة الاستخدام. الرمز الداخلي للمنتج: HT-835-APP-WH.
نجف معلق أسود - HT-835-C10,HT-835-C10-APP-BK,,نجف,قطعة,قطعة,أسود,495,,4,نجف معلق بلون أسود، بتصميم عصري يناسب الصالات وغرف المعيشة والاستقبال، يدعم التحكم عن بُعد باستخدام الريموت، كما يدعم التحكم عبر تطبيق الهاتف المحمول لمزيد من سهولة الاستخدام. الرمز الداخلي للمنتج: HT-835-C10-APP-BK.
نجف معلق شمبانيا - HT-835-C10,HT-835-C10-APP-CPG,,نجف,قطعة,قطعة,شمبانيا,550,,4,نجف معلق بلون شمبانيا، بتصميم عصري يناسب الصالات وغرف المعيشة والاستقبال، يدعم التحكم عن بُعد باستخدام الريموت، كما يدعم التحكم عبر تطبيق الهاتف المحمول لمزيد من سهولة الاستخدام. الرمز الداخلي للمنتج: HT-835-C10-APP-CPG.
نجف معلق أبيض - HT-835-C10,HT-835-C10-APP-WH,,نجف,قطعة,قطعة,أبيض,495,,4,نجف معلق بلون أبيض، بتصميم عصري يناسب الصالات وغرف المعيشة والاستقبال، يدعم التحكم عن بُعد باستخدام الريموت، كما يدعم التحكم عبر تطبيق الهاتف المحمول لمزيد من سهولة الاستخدام. الرمز الداخلي للمنتج: HT-835-C10-APP-WH.
نجف معلق ذهبي - HT-835-C10,HT-835-C10-APP-FGD,,نجف,قطعة,قطعة,ذهبي,625,,4,نجف معلق بلون ذهبي، بتصميم عصري يناسب الصالات وغرف المعيشة والاستقبال، يدعم التحكم عن بُعد باستخدام الريموت، كما يدعم التحكم عبر تطبيق الهاتف المحمول لمزيد من سهولة الاستخدام. الرمز الداخلي للمنتج: HT-835-C10-APP-FGD.
نجف معلق ذهبي - HT-836,HT-836-APP-FGD,,نجف,قطعة,قطعة,ذهبي,710,,4,نجف معلق بلون ذهبي، بتصميم عصري يناسب الصالات وغرف المعيشة والاستقبال، يدعم التحكم عن بُعد باستخدام الريموت، كما يدعم التحكم عبر تطبيق الهاتف المحمول لمزيد من سهولة الاستخدام. الرمز الداخلي للمنتج: HT-836-APP-FGD.
نجف معلق ذهبي - HT-838,HT-838-APP-FGD,,نجف,قطعة,قطعة,ذهبي,1060,,4,نجف معلق بلون ذهبي، بتصميم عصري يناسب الصالات وغرف المعيشة والاستقبال، يدعم التحكم عن بُعد باستخدام الريموت، كما يدعم التحكم عبر تطبيق الهاتف المحمول لمزيد من سهولة الاستخدام. الرمز الداخلي للمنتج: HT-838-APP-FGD.
نجف معلق ذهبي - HT-839,HT-839-APP-FGD,,نجف,قطعة,قطعة,ذهبي,1275,,4,نجف معلق بلون ذهبي، بتصميم عصري يناسب الصالات وغرف المعيشة والاستقبال، يدعم التحكم عن بُعد باستخدام الريموت، كما يدعم التحكم عبر تطبيق الهاتف المحمول لمزيد من سهولة الاستخدام. الرمز الداخلي للمنتج: HT-839-APP-FGD.
نجف معلق أبيض - HT-839,HT-839-APP-WH,,نجف,قطعة,قطعة,أبيض,1150,,4,نجف معلق بلون أبيض، بتصميم عصري يناسب الصالات وغرف المعيشة والاستقبال، يدعم التحكم عن بُعد باستخدام الريموت، كما يدعم التحكم عبر تطبيق الهاتف المحمول لمزيد من سهولة الاستخدام. الرمز الداخلي للمنتج: HT-839-APP-WH.
نجف معلق أسود - HT-839,HT-839-APP-BK,,نجف,قطعة,قطعة,أسود,995,,4,نجف معلق بلون أسود، بتصميم عصري يناسب الصالات وغرف المعيشة والاستقبال، يدعم التحكم عن بُعد باستخدام الريموت، كما يدعم التحكم عبر تطبيق الهاتف المحمول لمزيد من سهولة الاستخدام. الرمز الداخلي للمنتج: HT-839-APP-BK.
نجف معلق أسود - HT-840,HT-840-APP-BK,,نجف,قطعة,قطعة,أسود,680,,4,نجف معلق بلون أسود، بتصميم عصري يناسب الصالات وغرف المعيشة والاستقبال، يدعم التحكم عن بُعد باستخدام الريموت، كما يدعم التحكم عبر تطبيق الهاتف المحمول لمزيد من سهولة الاستخدام. الرمز الداخلي للمنتج: HT-840-APP-BK.
نجف معلق أبيض - HT-840,HT-840-APP-WH,,نجف,قطعة,قطعة,أبيض,680,,4,نجف معلق بلون أبيض، بتصميم عصري يناسب الصالات وغرف المعيشة والاستقبال، يدعم التحكم عن بُعد باستخدام الريموت، كما يدعم التحكم عبر تطبيق الهاتف المحمول لمزيد من سهولة الاستخدام. الرمز الداخلي للمنتج: HT-840-APP-WH.
نجف معلق ذهبي - HT-840,HT-840-APP-FGD,,نجف,قطعة,قطعة,ذهبي,880,,4,نجف معلق بلون ذهبي، بتصميم عصري يناسب الصالات وغرف المعيشة والاستقبال، يدعم التحكم عن بُعد باستخدام الريموت، كما يدعم التحكم عبر تطبيق الهاتف المحمول لمزيد من سهولة الاستخدام. الرمز الداخلي للمنتج: HT-840-APP-FGD.
نجف معلق ذهبي - HT-840-G23,HT-840-G23-APP-FGD,,نجف,قطعة,قطعة,ذهبي,800,,4,نجف معلق بلون ذهبي، بتصميم عصري يناسب الصالات وغرف المعيشة والاستقبال، يدعم التحكم عن بُعد باستخدام الريموت، كما يدعم التحكم عبر تطبيق الهاتف المحمول لمزيد من سهولة الاستخدام. الرمز الداخلي للمنتج: HT-840-G23-APP-FGD.
نجف معلق أبيض - HT-841,HT-841-APP-WH,,نجف,قطعة,قطعة,أبيض,595,,4,نجف معلق بلون أبيض، بتصميم عصري يناسب الصالات وغرف المعيشة والاستقبال، يدعم التحكم عن بُعد باستخدام الريموت، كما يدعم التحكم عبر تطبيق الهاتف المحمول لمزيد من سهولة الاستخدام. الرمز الداخلي للمنتج: HT-841-APP-WH.
نجف معلق أسود - HT-841,HT-841-APP-BK,,نجف,قطعة,قطعة,أسود,595,,4,نجف معلق بلون أسود، بتصميم عصري يناسب الصالات وغرف المعيشة والاستقبال، يدعم التحكم عن بُعد باستخدام الريموت، كما يدعم التحكم عبر تطبيق الهاتف المحمول لمزيد من سهولة الاستخدام. الرمز الداخلي للمنتج: HT-841-APP-BK.
نجف معلق ذهبي - HT-841,HT-841-APP-FGD,,نجف,قطعة,قطعة,ذهبي,810,,4,نجف معلق بلون ذهبي، بتصميم عصري يناسب الصالات وغرف المعيشة والاستقبال، يدعم التحكم عن بُعد باستخدام الريموت، كما يدعم التحكم عبر تطبيق الهاتف المحمول لمزيد من سهولة الاستخدام. الرمز الداخلي للمنتج: HT-841-APP-FGD.
نجف معلق ذهبي - HT-842,HT-842-APP-FGD,,نجف,قطعة,قطعة,ذهبي,815,,4,نجف معلق بلون ذهبي، بتصميم عصري يناسب الصالات وغرف المعيشة والاستقبال، يدعم التحكم عن بُعد باستخدام الريموت، كما يدعم التحكم عبر تطبيق الهاتف المحمول لمزيد من سهولة الاستخدام. الرمز الداخلي للمنتج: HT-842-APP-FGD.
نجف معلق أسود - HT-842,HT-842-APP-BK,,نجف,قطعة,قطعة,أسود,705,,4,نجف معلق بلون أسود، بتصميم عصري يناسب الصالات وغرف المعيشة والاستقبال، يدعم التحكم عن بُعد باستخدام الريموت، كما يدعم التحكم عبر تطبيق الهاتف المحمول لمزيد من سهولة الاستخدام. الرمز الداخلي للمنتج: HT-842-APP-BK.
نجف معلق أسود - HT-843,HT-843-APP-BK,,نجف,قطعة,قطعة,أسود,900,,4,نجف معلق بلون أسود، بتصميم عصري يناسب الصالات وغرف المعيشة والاستقبال، يدعم التحكم عن بُعد باستخدام الريموت، كما يدعم التحكم عبر تطبيق الهاتف المحمول لمزيد من سهولة الاستخدام. الرمز الداخلي للمنتج: HT-843-APP-BK.
نجف معلق ذهبي - HT-843,HT-843-APP-FGD,,نجف,قطعة,قطعة,ذهبي,1070,,4,نجف معلق بلون ذهبي، بتصميم عصري يناسب الصالات وغرف المعيشة والاستقبال، يدعم التحكم عن بُعد باستخدام الريموت، كما يدعم التحكم عبر تطبيق الهاتف المحمول لمزيد من سهولة الاستخدام. الرمز الداخلي للمنتج: HT-843-APP-FGD.
نجف معلق أبيض - HT-843,HT-843-APP-WH,,نجف,قطعة,قطعة,أبيض,900,,4,نجف معلق بلون أبيض، بتصميم عصري يناسب الصالات وغرف المعيشة والاستقبال، يدعم التحكم عن بُعد باستخدام الريموت، كما يدعم التحكم عبر تطبيق الهاتف المحمول لمزيد من سهولة الاستخدام. الرمز الداخلي للمنتج: HT-843-APP-WH.
نجف معلق ذهبي - HT-844,HT-844-APP-FGD,,نجف,قطعة,قطعة,ذهبي,1160,,4,نجف معلق بلون ذهبي، بتصميم عصري يناسب الصالات وغرف المعيشة والاستقبال، يدعم التحكم عن بُعد باستخدام الريموت، كما يدعم التحكم عبر تطبيق الهاتف المحمول لمزيد من سهولة الاستخدام. الرمز الداخلي للمنتج: HT-844-APP-FGD.
نجف معلق أبيض - HT-844,HT-844-APP-WH,,نجف,قطعة,قطعة,أبيض,1030,,4,نجف معلق بلون أبيض، بتصميم عصري يناسب الصالات وغرف المعيشة والاستقبال، يدعم التحكم عن بُعد باستخدام الريموت، كما يدعم التحكم عبر تطبيق الهاتف المحمول لمزيد من سهولة الاستخدام. الرمز الداخلي للمنتج: HT-844-APP-WH.
نجف معلق أسود - HT-844,HT-844-APP-BK,,نجف,قطعة,قطعة,أسود,1030,,4,نجف معلق بلون أسود، بتصميم عصري يناسب الصالات وغرف المعيشة والاستقبال، يدعم التحكم عن بُعد باستخدام الريموت، كما يدعم التحكم عبر تطبيق الهاتف المحمول لمزيد من سهولة الاستخدام. الرمز الداخلي للمنتج: HT-844-APP-BK.
نجف معلق أسود - HT-845,HT-845-APP-BK,,نجف,قطعة,قطعة,أسود,660,,4,نجف معلق بلون أسود، بتصميم عصري يناسب الصالات وغرف المعيشة والاستقبال، يدعم التحكم عن بُعد باستخدام الريموت، كما يدعم التحكم عبر تطبيق الهاتف المحمول لمزيد من سهولة الاستخدام. الرمز الداخلي للمنتج: HT-845-APP-BK.
نجف معلق ذهبي - HT-845,HT-845-APP-FGD,,نجف,قطعة,قطعة,ذهبي,830,,4,نجف معلق بلون ذهبي، بتصميم عصري يناسب الصالات وغرف المعيشة والاستقبال، يدعم التحكم عن بُعد باستخدام الريموت، كما يدعم التحكم عبر تطبيق الهاتف المحمول لمزيد من سهولة الاستخدام. الرمز الداخلي للمنتج: HT-845-APP-FGD.
نجف معلق أبيض - HT-845,HT-845-APP-WH,,نجف,قطعة,قطعة,أبيض,660,,4,نجف معلق بلون أبيض، بتصميم عصري يناسب الصالات وغرف المعيشة والاستقبال، يدعم التحكم عن بُعد باستخدام الريموت، كما يدعم التحكم عبر تطبيق الهاتف المحمول لمزيد من سهولة الاستخدام. الرمز الداخلي للمنتج: HT-845-APP-WH.
نجف معلق أبيض - HT-846,HT-846-APP-WH,,نجف,قطعة,قطعة,أبيض,715,,4,نجف معلق بلون أبيض، بتصميم عصري يناسب الصالات وغرف المعيشة والاستقبال، يدعم التحكم عن بُعد باستخدام الريموت، كما يدعم التحكم عبر تطبيق الهاتف المحمول لمزيد من سهولة الاستخدام. الرمز الداخلي للمنتج: HT-846-APP-WH.
نجف معلق أسود - HT-846,HT-846-APP-BK,,نجف,قطعة,قطعة,أسود,715,,4,نجف معلق بلون أسود، بتصميم عصري يناسب الصالات وغرف المعيشة والاستقبال، يدعم التحكم عن بُعد باستخدام الريموت، كما يدعم التحكم عبر تطبيق الهاتف المحمول لمزيد من سهولة الاستخدام. الرمز الداخلي للمنتج: HT-846-APP-BK.
نجف معلق ذهبي - HT-846,HT-846-APP-FGD,,نجف,قطعة,قطعة,ذهبي,815,,4,نجف معلق بلون ذهبي، بتصميم عصري يناسب الصالات وغرف المعيشة والاستقبال، يدعم التحكم عن بُعد باستخدام الريموت، كما يدعم التحكم عبر تطبيق الهاتف المحمول لمزيد من سهولة الاستخدام. الرمز الداخلي للمنتج: HT-846-APP-FGD.
نجف معلق شمبانيا - HT-846,HT-846-APP-CPG,,نجف,قطعة,قطعة,شمبانيا,750,,4,نجف معلق بلون شمبانيا، بتصميم عصري يناسب الصالات وغرف المعيشة والاستقبال، يدعم التحكم عن بُعد باستخدام الريموت، كما يدعم التحكم عبر تطبيق الهاتف المحمول لمزيد من سهولة الاستخدام. الرمز الداخلي للمنتج: HT-846-APP-CPG.
نجف معلق ذهبي - HT-848,HT-848-APP-FGD,,نجف,قطعة,قطعة,ذهبي,300,,4,نجف معلق بلون ذهبي، بتصميم عصري يناسب الصالات وغرف المعيشة والاستقبال، يدعم التحكم عن بُعد باستخدام الريموت، كما يدعم التحكم عبر تطبيق الهاتف المحمول لمزيد من سهولة الاستخدام. الرمز الداخلي للمنتج: HT-848-APP-FGD.
نجف معلق أسود - HT-848-G33,HT-848-G33-BK,,نجف,قطعة,قطعة,أسود,245,,4,نجف معلق بلون أسود، بتصميم عصري يناسب الصالات وغرف المعيشة والاستقبال. الرمز الداخلي للمنتج: HT-848-G33-BK.
نجف معلق أبيض - HT-848-G33,HT-848-G33-WH,,نجف,قطعة,قطعة,أبيض,245,,4,نجف معلق بلون أبيض، بتصميم عصري يناسب الصالات وغرف المعيشة والاستقبال. الرمز الداخلي للمنتج: HT-848-G33-WH.
نجف معلق - HT-848-G33,HT-848-G33-CF,,نجف,قطعة,قطعة,,245,,4,نجف معلق، بتصميم عصري يناسب الصالات وغرف المعيشة والاستقبال. الرمز الداخلي للمنتج: HT-848-G33-CF.
نجف معلق ذهبي - HT-848-G33,HT-848-G33-FGD,,نجف,قطعة,قطعة,ذهبي,300,,4,نجف معلق بلون ذهبي، بتصميم عصري يناسب الصالات وغرف المعيشة والاستقبال. الرمز الداخلي للمنتج: HT-848-G33-FGD.
نجف معلق ذهبي - HT-849,HT-849-APP-FGD,,نجف,قطعة,قطعة,ذهبي,695,,4,نجف معلق بلون ذهبي، بتصميم عصري يناسب الصالات وغرف المعيشة والاستقبال، يدعم التحكم عن بُعد باستخدام الريموت، كما يدعم التحكم عبر تطبيق الهاتف المحمول لمزيد من سهولة الاستخدام. الرمز الداخلي للمنتج: HT-849-APP-FGD.
نجف معلق أسود - HT-849,HT-849-APP-BK,,نجف,قطعة,قطعة,أسود,485,,4,نجف معلق بلون أسود، بتصميم عصري يناسب الصالات وغرف المعيشة والاستقبال، يدعم التحكم عن بُعد باستخدام الريموت، كما يدعم التحكم عبر تطبيق الهاتف المحمول لمزيد من سهولة الاستخدام. الرمز الداخلي للمنتج: HT-849-APP-BK.
نجف معلق أبيض - HT-849,HT-849-APP-WH,,نجف,قطعة,قطعة,أبيض,485,,4,نجف معلق بلون أبيض، بتصميم عصري يناسب الصالات وغرف المعيشة والاستقبال، يدعم التحكم عن بُعد باستخدام الريموت، كما يدعم التحكم عبر تطبيق الهاتف المحمول لمزيد من سهولة الاستخدام. الرمز الداخلي للمنتج: HT-849-APP-WH.
نجف معلق ذهبي - HT-849-G33,HT-849-G33-APP-FGD,,نجف,قطعة,قطعة,ذهبي,720,,4,نجف معلق بلون ذهبي، بتصميم عصري يناسب الصالات وغرف المعيشة والاستقبال، يدعم التحكم عن بُعد باستخدام الريموت، كما يدعم التحكم عبر تطبيق الهاتف المحمول لمزيد من سهولة الاستخدام. الرمز الداخلي للمنتج: HT-849-G33-APP-FGD.
نجف معلق أسود - HT-849-G33,HT-849-G33-APP-BK,,نجف,قطعة,قطعة,أسود,545,,4,نجف معلق بلون أسود، بتصميم عصري يناسب الصالات وغرف المعيشة والاستقبال، يدعم التحكم عن بُعد باستخدام الريموت، كما يدعم التحكم عبر تطبيق الهاتف المحمول لمزيد من سهولة الاستخدام. الرمز الداخلي للمنتج: HT-849-G33-APP-BK.
نجف معلق أبيض - HT-849-G33,HT-849-G33-APP-WH,,نجف,قطعة,قطعة,أبيض,545,,4,نجف معلق بلون أبيض، بتصميم عصري يناسب الصالات وغرف المعيشة والاستقبال، يدعم التحكم عن بُعد باستخدام الريموت، كما يدعم التحكم عبر تطبيق الهاتف المحمول لمزيد من سهولة الاستخدام. الرمز الداخلي للمنتج: HT-849-G33-APP-WH.
نجف معلق أبيض - HT-849-G35,HT-849-G35-APP-WH,,نجف,قطعة,قطعة,أبيض,545,,4,نجف معلق بلون أبيض، بتصميم عصري يناسب الصالات وغرف المعيشة والاستقبال، يدعم التحكم عن بُعد باستخدام الريموت، كما يدعم التحكم عبر تطبيق الهاتف المحمول لمزيد من سهولة الاستخدام. الرمز الداخلي للمنتج: HT-849-G35-APP-WH.
نجف معلق ذهبي - HT-849-G40,HT-849-G40-APP-FGD,,نجف,قطعة,قطعة,ذهبي,720,,4,نجف معلق بلون ذهبي، بتصميم عصري يناسب الصالات وغرف المعيشة والاستقبال، يدعم التحكم عن بُعد باستخدام الريموت، كما يدعم التحكم عبر تطبيق الهاتف المحمول لمزيد من سهولة الاستخدام. الرمز الداخلي للمنتج: HT-849-G40-APP-FGD.
نجف معلق أسود - HT-850-G33,HT-850-G33-BK,,نجف,قطعة,قطعة,أسود,320,,4,نجف معلق بلون أسود، بتصميم عصري يناسب الصالات وغرف المعيشة والاستقبال. الرمز الداخلي للمنتج: HT-850-G33-BK.
نجف معلق أبيض - HT-850-G33,HT-850-G33-WH,,نجف,قطعة,قطعة,أبيض,320,,4,نجف معلق بلون أبيض، بتصميم عصري يناسب الصالات وغرف المعيشة والاستقبال. الرمز الداخلي للمنتج: HT-850-G33-WH.
نجف معلق ذهبي - HT-850-G33,HT-850-G33-FGD,,نجف,قطعة,قطعة,ذهبي,385,,4,نجف معلق بلون ذهبي، بتصميم عصري يناسب الصالات وغرف المعيشة والاستقبال. الرمز الداخلي للمنتج: HT-850-G33-FGD.
نجف معلق - HT-850-G33,HT-850-G33-CF,,نجف,قطعة,قطعة,,320,,4,نجف معلق، بتصميم عصري يناسب الصالات وغرف المعيشة والاستقبال. الرمز الداخلي للمنتج: HT-850-G33-CF.
نجف معلق أسود - HT-850,HT-850-BK,,نجف,قطعة,قطعة,أسود,320,,4,نجف معلق بلون أسود، بتصميم عصري يناسب الصالات وغرف المعيشة والاستقبال. الرمز الداخلي للمنتج: HT-850-BK.
نجف معلق - HT-850,HT-850-CF,,نجف,قطعة,قطعة,,320,,4,نجف معلق، بتصميم عصري يناسب الصالات وغرف المعيشة والاستقبال. الرمز الداخلي للمنتج: HT-850-CF.
نجف معلق ذهبي - HT-850,HT-850-FGD,,نجف,قطعة,قطعة,ذهبي,385,,4,نجف معلق بلون ذهبي، بتصميم عصري يناسب الصالات وغرف المعيشة والاستقبال. الرمز الداخلي للمنتج: HT-850-FGD.
نجف معلق ذهبي - HT-852-G33,HT-852-G33-APP-FGD,,نجف,قطعة,قطعة,ذهبي,650,,4,نجف معلق بلون ذهبي، بتصميم عصري يناسب الصالات وغرف المعيشة والاستقبال، يدعم التحكم عن بُعد باستخدام الريموت، كما يدعم التحكم عبر تطبيق الهاتف المحمول لمزيد من سهولة الاستخدام. الرمز الداخلي للمنتج: HT-852-G33-APP-FGD.
نجف معلق أسود - HT-852-G33,HT-852-G33-APP-BK,,نجف,قطعة,قطعة,أسود,495,,4,نجف معلق بلون أسود، بتصميم عصري يناسب الصالات وغرف المعيشة والاستقبال، يدعم التحكم عن بُعد باستخدام الريموت، كما يدعم التحكم عبر تطبيق الهاتف المحمول لمزيد من سهولة الاستخدام. الرمز الداخلي للمنتج: HT-852-G33-APP-BK.
نجف معلق أبيض - HT-852-G33,HT-852-G33-APP-WH,,نجف,قطعة,قطعة,أبيض,495,,4,نجف معلق بلون أبيض، بتصميم عصري يناسب الصالات وغرف المعيشة والاستقبال، يدعم التحكم عن بُعد باستخدام الريموت، كما يدعم التحكم عبر تطبيق الهاتف المحمول لمزيد من سهولة الاستخدام. الرمز الداخلي للمنتج: HT-852-G33-APP-WH.
نجف معلق أبيض - HT-852-G40,HT-852-G40-APP-WH,,نجف,قطعة,قطعة,أبيض,495,,4,نجف معلق بلون أبيض، بتصميم عصري يناسب الصالات وغرف المعيشة والاستقبال، يدعم التحكم عن بُعد باستخدام الريموت، كما يدعم التحكم عبر تطبيق الهاتف المحمول لمزيد من سهولة الاستخدام. الرمز الداخلي للمنتج: HT-852-G40-APP-WH.
نجف معلق ذهبي - HT-852,HT-852-APP-FGD,,نجف,قطعة,قطعة,ذهبي,650,,4,نجف معلق بلون ذهبي، بتصميم عصري يناسب الصالات وغرف المعيشة والاستقبال، يدعم التحكم عن بُعد باستخدام الريموت، كما يدعم التحكم عبر تطبيق الهاتف المحمول لمزيد من سهولة الاستخدام. الرمز الداخلي للمنتج: HT-852-APP-FGD.
نجف معلق أسود - HT-853,HT-853-APP-BK,,نجف,قطعة,قطعة,أسود,565,,4,نجف معلق بلون أسود، بتصميم عصري يناسب الصالات وغرف المعيشة والاستقبال، يدعم التحكم عن بُعد باستخدام الريموت، كما يدعم التحكم عبر تطبيق الهاتف المحمول لمزيد من سهولة الاستخدام. الرمز الداخلي للمنتج: HT-853-APP-BK.
نجف معلق ذهبي - HT-853,HT-853-APP-FGD,,نجف,قطعة,قطعة,ذهبي,670,,4,نجف معلق بلون ذهبي، بتصميم عصري يناسب الصالات وغرف المعيشة والاستقبال، يدعم التحكم عن بُعد باستخدام الريموت، كما يدعم التحكم عبر تطبيق الهاتف المحمول لمزيد من سهولة الاستخدام. الرمز الداخلي للمنتج: HT-853-APP-FGD.
نجف معلق أبيض - HT-853,HT-853-APP-WH,,نجف,قطعة,قطعة,أبيض,565,,4,نجف معلق بلون أبيض، بتصميم عصري يناسب الصالات وغرف المعيشة والاستقبال، يدعم التحكم عن بُعد باستخدام الريموت، كما يدعم التحكم عبر تطبيق الهاتف المحمول لمزيد من سهولة الاستخدام. الرمز الداخلي للمنتج: HT-853-APP-WH.
نجف معلق أسود - HT-863,HT-863-APP-BK,,نجف,قطعة,قطعة,أسود,565,,4,نجف معلق بلون أسود، بتصميم عصري يناسب الصالات وغرف المعيشة والاستقبال، يدعم التحكم عن بُعد باستخدام الريموت، كما يدعم التحكم عبر تطبيق الهاتف المحمول لمزيد من سهولة الاستخدام. الرمز الداخلي للمنتج: HT-863-APP-BK.
نجف معلق ذهبي - HT-863,HT-863-APP-FGD,,نجف,قطعة,قطعة,ذهبي,705,,4,نجف معلق بلون ذهبي، بتصميم عصري يناسب الصالات وغرف المعيشة والاستقبال، يدعم التحكم عن بُعد باستخدام الريموت، كما يدعم التحكم عبر تطبيق الهاتف المحمول لمزيد من سهولة الاستخدام. الرمز الداخلي للمنتج: HT-863-APP-FGD.
نجف معلق أبيض - HT-863,HT-863-APP-WH,,نجف,قطعة,قطعة,أبيض,565,,4,نجف معلق بلون أبيض، بتصميم عصري يناسب الصالات وغرف المعيشة والاستقبال، يدعم التحكم عن بُعد باستخدام الريموت، كما يدعم التحكم عبر تطبيق الهاتف المحمول لمزيد من سهولة الاستخدام. الرمز الداخلي للمنتج: HT-863-APP-WH.
نجف معلق - HT-863,HT-863-APP-CF,,نجف,قطعة,قطعة,,565,,4,نجف معلق، بتصميم عصري يناسب الصالات وغرف المعيشة والاستقبال، يدعم التحكم عن بُعد باستخدام الريموت، كما يدعم التحكم عبر تطبيق الهاتف المحمول لمزيد من سهولة الاستخدام. الرمز الداخلي للمنتج: HT-863-APP-CF.
نجف معلق شمبانيا - HT-863,HT-863-APP-CPG,,نجف,قطعة,قطعة,شمبانيا,615,,4,نجف معلق بلون شمبانيا، بتصميم عصري يناسب الصالات وغرف المعيشة والاستقبال، يدعم التحكم عن بُعد باستخدام الريموت، كما يدعم التحكم عبر تطبيق الهاتف المحمول لمزيد من سهولة الاستخدام. الرمز الداخلي للمنتج: HT-863-APP-CPG.
نجف معلق - HT-863,HT-863-APP-CG,,نجف,قطعة,قطعة,,615,,4,نجف معلق، بتصميم عصري يناسب الصالات وغرف المعيشة والاستقبال، يدعم التحكم عن بُعد باستخدام الريموت، كما يدعم التحكم عبر تطبيق الهاتف المحمول لمزيد من سهولة الاستخدام. الرمز الداخلي للمنتج: HT-863-APP-CG.
نجف معلق أسود - HT-863-AQ,HT-863-AQ-APP-BK,,نجف,قطعة,قطعة,أسود,695,,4,نجف معلق بلون أسود، بتصميم عصري يناسب الصالات وغرف المعيشة والاستقبال، يدعم التحكم عن بُعد باستخدام الريموت، كما يدعم التحكم عبر تطبيق الهاتف المحمول لمزيد من سهولة الاستخدام. الرمز الداخلي للمنتج: HT-863-AQ-APP-BK.
نجف معلق شمبانيا - HT-863-AQ,HT-863-AQ-APP-CPG,,نجف,قطعة,قطعة,شمبانيا,745,,4,نجف معلق بلون شمبانيا، بتصميم عصري يناسب الصالات وغرف المعيشة والاستقبال، يدعم التحكم عن بُعد باستخدام الريموت، كما يدعم التحكم عبر تطبيق الهاتف المحمول لمزيد من سهولة الاستخدام. الرمز الداخلي للمنتج: HT-863-AQ-APP-CPG.
نجف معلق أبيض - HT-864,HT-864-DZ-7APP-WH,,نجف,قطعة,قطعة,أبيض,550,,4,نجف معلق بلون أبيض، بتصميم عصري يناسب الصالات وغرف المعيشة والاستقبال، يدعم التحكم عن بُعد باستخدام الريموت، كما يدعم التحكم عبر تطبيق الهاتف المحمول لمزيد من سهولة الاستخدام. الرمز الداخلي للمنتج: HT-864-DZ-7APP-WH.
نجف معلق أسود - HT-865,HT-865-DZ-4APP-BK,,نجف,قطعة,قطعة,أسود,635,,4,نجف معلق بلون أسود، بتصميم عصري يناسب الصالات وغرف المعيشة والاستقبال، يدعم التحكم عن بُعد باستخدام الريموت، كما يدعم التحكم عبر تطبيق الهاتف المحمول لمزيد من سهولة الاستخدام. الرمز الداخلي للمنتج: HT-865-DZ-4APP-BK.
نجف معلق أسود - HT-867,HT-867-BK,,نجف,قطعة,قطعة,أسود,300,,4,نجف معلق بلون أسود، بتصميم عصري يناسب الصالات وغرف المعيشة والاستقبال. الرمز الداخلي للمنتج: HT-867-BK.
نجف معلق أبيض - HT-867,HT-867-WH,,نجف,قطعة,قطعة,أبيض,300,,4,نجف معلق بلون أبيض، بتصميم عصري يناسب الصالات وغرف المعيشة والاستقبال. الرمز الداخلي للمنتج: HT-867-WH.
نجف معلق ذهبي - HT-867,HT-867-FGD,,نجف,قطعة,قطعة,ذهبي,420,,4,نجف معلق بلون ذهبي، بتصميم عصري يناسب الصالات وغرف المعيشة والاستقبال. الرمز الداخلي للمنتج: HT-867-FGD.
نجف معلق ذهبي - HT-867-G23,HT-867-G23-APP-FGD,,نجف,قطعة,قطعة,ذهبي,440,,4,نجف معلق بلون ذهبي، بتصميم عصري يناسب الصالات وغرف المعيشة والاستقبال، يدعم التحكم عن بُعد باستخدام الريموت، كما يدعم التحكم عبر تطبيق الهاتف المحمول لمزيد من سهولة الاستخدام. الرمز الداخلي للمنتج: HT-867-G23-APP-FGD.
نجف معلق أسود - HT-868-C10,HT-868-C10-APP-BK,,نجف,قطعة,قطعة,أسود,385,,4,نجف معلق بلون أسود، بتصميم عصري يناسب الصالات وغرف المعيشة والاستقبال، يدعم التحكم عن بُعد باستخدام الريموت، كما يدعم التحكم عبر تطبيق الهاتف المحمول لمزيد من سهولة الاستخدام. الرمز الداخلي للمنتج: HT-868-C10-APP-BK.
نجف معلق أسود - HT-869,HT-869-BK,,نجف,قطعة,قطعة,أسود,295,,4,نجف معلق بلون أسود، بتصميم عصري يناسب الصالات وغرف المعيشة والاستقبال. الرمز الداخلي للمنتج: HT-869-BK.
نجف معلق أبيض - HT-869,HT-869-WH,,نجف,قطعة,قطعة,أبيض,295,,4,نجف معلق بلون أبيض، بتصميم عصري يناسب الصالات وغرف المعيشة والاستقبال. الرمز الداخلي للمنتج: HT-869-WH.
نجف معلق ذهبي - HT-869,HT-869-FGD,,نجف,قطعة,قطعة,ذهبي,330,,4,نجف معلق بلون ذهبي، بتصميم عصري يناسب الصالات وغرف المعيشة والاستقبال. الرمز الداخلي للمنتج: HT-869-FGD.
نجف معلق ذهبي - HT-869-C10,HT-869-C10-FGD,,نجف,قطعة,قطعة,ذهبي,325,,4,نجف معلق بلون ذهبي، بتصميم عصري يناسب الصالات وغرف المعيشة والاستقبال، يدعم التحكم عن بُعد باستخدام الريموت، كما يدعم التحكم عبر تطبيق الهاتف المحمول لمزيد من سهولة الاستخدام. الرمز الداخلي للمنتج: HT-869-C10-FGD.
نجف معلق أسود - HT-869-C10,HT-869-C10-BK,,نجف,قطعة,قطعة,أسود,270,,4,نجف معلق بلون أسود، بتصميم عصري يناسب الصالات وغرف المعيشة والاستقبال. الرمز الداخلي للمنتج: HT-869-C10-BK.
نجف معلق أبيض - HT-869-C10,HT-869-C10-WH,,نجف,قطعة,قطعة,أبيض,270,,4,نجف معلق بلون أبيض، بتصميم عصري يناسب الصالات وغرف المعيشة والاستقبال. الرمز الداخلي للمنتج: HT-869-C10-WH.
نجف معلق ذهبي - HT-870-C10,HT-870-C10-APP-FGD,,نجف,قطعة,قطعة,ذهبي,530,,4,نجف معلق بلون ذهبي، بتصميم عصري يناسب الصالات وغرف المعيشة والاستقبال، يدعم التحكم عن بُعد باستخدام الريموت، كما يدعم التحكم عبر تطبيق الهاتف المحمول لمزيد من سهولة الاستخدام. الرمز الداخلي للمنتج: HT-870-C10-APP-FGD.
نجف معلق أسود - HT-870-C10,HT-870-C10-APP-BK,,نجف,قطعة,قطعة,أسود,460,,4,نجف معلق بلون أسود، بتصميم عصري يناسب الصالات وغرف المعيشة والاستقبال، يدعم التحكم عن بُعد باستخدام الريموت، كما يدعم التحكم عبر تطبيق الهاتف المحمول لمزيد من سهولة الاستخدام. الرمز الداخلي للمنتج: HT-870-C10-APP-BK.
نجف معلق أبيض - HT-870-C10,HT-870-C10-APP-WH,,نجف,قطعة,قطعة,أبيض,460,,4,نجف معلق بلون أبيض، بتصميم عصري يناسب الصالات وغرف المعيشة والاستقبال، يدعم التحكم عن بُعد باستخدام الريموت، كما يدعم التحكم عبر تطبيق الهاتف المحمول لمزيد من سهولة الاستخدام. الرمز الداخلي للمنتج: HT-870-C10-APP-WH.
نجف معلق ذهبي - HT-871,HT-871-APP-FGD,,نجف,قطعة,قطعة,ذهبي,785,,4,نجف معلق بلون ذهبي، بتصميم عصري يناسب الصالات وغرف المعيشة والاستقبال، يدعم التحكم عن بُعد باستخدام الريموت، كما يدعم التحكم عبر تطبيق الهاتف المحمول لمزيد من سهولة الاستخدام. الرمز الداخلي للمنتج: HT-871-APP-FGD.
نجف معلق ذهبي - HT-874,HT-874-DZ-6APP-FGD,,نجف,قطعة,قطعة,ذهبي,,,4,نجف معلق بلون ذهبي، بتصميم عصري يناسب الصالات وغرف المعيشة والاستقبال، يدعم التحكم عن بُعد باستخدام الريموت، كما يدعم التحكم عبر تطبيق الهاتف المحمول لمزيد من سهولة الاستخدام. الرمز الداخلي للمنتج: HT-874-DZ-6APP-FGD.
نجف معلق أسود - HT-874,HT-874-DZ-6APP-BK,,نجف,قطعة,قطعة,أسود,,,4,نجف معلق بلون أسود، بتصميم عصري يناسب الصالات وغرف المعيشة والاستقبال، يدعم التحكم عن بُعد باستخدام الريموت، كما يدعم التحكم عبر تطبيق الهاتف المحمول لمزيد من سهولة الاستخدام. الرمز الداخلي للمنتج: HT-874-DZ-6APP-BK.
نجف معلق أبيض - HT-874,HT-874-DZ-6APP-WH,,نجف,قطعة,قطعة,أبيض,,,4,نجف معلق بلون أبيض، بتصميم عصري يناسب الصالات وغرف المعيشة والاستقبال، يدعم التحكم عن بُعد باستخدام الريموت، كما يدعم التحكم عبر تطبيق الهاتف المحمول لمزيد من سهولة الاستخدام. الرمز الداخلي للمنتج: HT-874-DZ-6APP-WH.
نجف معلق أسود - HT-874,HT-874-Z-027APP-BK,,نجف,قطعة,قطعة,أسود,,,4,نجف معلق بلون أسود، بتصميم عصري يناسب الصالات وغرف المعيشة والاستقبال، يدعم التحكم عن بُعد باستخدام الريموت، كما يدعم التحكم عبر تطبيق الهاتف المحمول لمزيد من سهولة الاستخدام. الرمز الداخلي للمنتج: HT-874-Z-027APP-BK.
نجف معلق أسود - HT-874,HT-874-Z034APP-BK,,نجف,قطعة,قطعة,أسود,880,,4,نجف معلق بلون أسود، بتصميم عصري يناسب الصالات وغرف المعيشة والاستقبال، يدعم التحكم عن بُعد باستخدام الريموت، كما يدعم التحكم عبر تطبيق الهاتف المحمول لمزيد من سهولة الاستخدام. الرمز الداخلي للمنتج: HT-874-Z034APP-BK.
نجف معلق أسود - HT-874,HT-874-EZ039-APP-BK,,نجف,قطعة,قطعة,أسود,900,,4,نجف معلق بلون أسود، بتصميم عصري يناسب الصالات وغرف المعيشة والاستقبال، يدعم التحكم عن بُعد باستخدام الريموت، كما يدعم التحكم عبر تطبيق الهاتف المحمول لمزيد من سهولة الاستخدام. الرمز الداخلي للمنتج: HT-874-EZ039-APP-BK.
نجف معلق أسود - HT-874,HT-874-EZ015-APP-BK,,نجف,قطعة,قطعة,أسود,880,,4,نجف معلق بلون أسود، بتصميم عصري يناسب الصالات وغرف المعيشة والاستقبال، يدعم التحكم عن بُعد باستخدام الريموت، كما يدعم التحكم عبر تطبيق الهاتف المحمول لمزيد من سهولة الاستخدام. الرمز الداخلي للمنتج: HT-874-EZ015-APP-BK.
نجف معلق أبيض - HT-874,HT-874-Z034APP-WH,,نجف,قطعة,قطعة,أبيض,880,,4,نجف معلق بلون أبيض، بتصميم عصري يناسب الصالات وغرف المعيشة والاستقبال، يدعم التحكم عن بُعد باستخدام الريموت، كما يدعم التحكم عبر تطبيق الهاتف المحمول لمزيد من سهولة الاستخدام. الرمز الداخلي للمنتج: HT-874-Z034APP-WH.
نجف معلق شمبانيا - HT-874,HT-874-Z034APP-CPG,,نجف,قطعة,قطعة,شمبانيا,915,,4,نجف معلق بلون شمبانيا، بتصميم عصري يناسب الصالات وغرف المعيشة والاستقبال، يدعم التحكم عن بُعد باستخدام الريموت، كما يدعم التحكم عبر تطبيق الهاتف المحمول لمزيد من سهولة الاستخدام. الرمز الداخلي للمنتج: HT-874-Z034APP-CPG.
نجف معلق ذهبي - HT-874,HT-874-Z-047APP-FGD,,نجف,قطعة,قطعة,ذهبي,990,,4,نجف معلق بلون ذهبي، بتصميم عصري يناسب الصالات وغرف المعيشة والاستقبال، يدعم التحكم عن بُعد باستخدام الريموت، كما يدعم التحكم عبر تطبيق الهاتف المحمول لمزيد من سهولة الاستخدام. الرمز الداخلي للمنتج: HT-874-Z-047APP-FGD.
نجف معلق ذهبي - HT-875,HT-875-APP-FGD,,نجف,قطعة,قطعة,ذهبي,650,,4,نجف معلق بلون ذهبي، بتصميم عصري يناسب الصالات وغرف المعيشة والاستقبال، يدعم التحكم عن بُعد باستخدام الريموت، كما يدعم التحكم عبر تطبيق الهاتف المحمول لمزيد من سهولة الاستخدام. الرمز الداخلي للمنتج: HT-875-APP-FGD.
نجف معلق ذهبي - HT-876,HT-876-DZ-1APP-FGD,,نجف,قطعة,قطعة,ذهبي,835,,4,نجف معلق بلون ذهبي، بتصميم عصري يناسب الصالات وغرف المعيشة والاستقبال، يدعم التحكم عن بُعد باستخدام الريموت، كما يدعم التحكم عبر تطبيق الهاتف المحمول لمزيد من سهولة الاستخدام. الرمز الداخلي للمنتج: HT-876-DZ-1APP-FGD.
نجف معلق أسود - HT-876,HT-876-DZ-1APP-BK,,نجف,قطعة,قطعة,أسود,670,,4,نجف معلق بلون أسود، بتصميم عصري يناسب الصالات وغرف المعيشة والاستقبال، يدعم التحكم عن بُعد باستخدام الريموت، كما يدعم التحكم عبر تطبيق الهاتف المحمول لمزيد من سهولة الاستخدام. الرمز الداخلي للمنتج: HT-876-DZ-1APP-BK.
نجف معلق أسود - HT-876,HT-876-Z038APP-BK,,نجف,قطعة,قطعة,أسود,670,,4,نجف معلق بلون أسود، بتصميم عصري يناسب الصالات وغرف المعيشة والاستقبال، يدعم التحكم عن بُعد باستخدام الريموت، كما يدعم التحكم عبر تطبيق الهاتف المحمول لمزيد من سهولة الاستخدام. الرمز الداخلي للمنتج: HT-876-Z038APP-BK.
نجف معلق ذهبي - HT-877,HT-877-DZ-9-APP-FGD,,نجف,قطعة,قطعة,ذهبي,1335,,4,نجف معلق بلون ذهبي، بتصميم عصري يناسب الصالات وغرف المعيشة والاستقبال، يدعم التحكم عن بُعد باستخدام الريموت، كما يدعم التحكم عبر تطبيق الهاتف المحمول لمزيد من سهولة الاستخدام. الرمز الداخلي للمنتج: HT-877-DZ-9-APP-FGD.
نجف معلق ذهبي - HT-877,HT-877-C22-Z043-APP-FGD,,نجف,قطعة,قطعة,ذهبي,1335,,4,نجف معلق بلون ذهبي، بتصميم عصري يناسب الصالات وغرف المعيشة والاستقبال، يدعم التحكم عن بُعد باستخدام الريموت، كما يدعم التحكم عبر تطبيق الهاتف المحمول لمزيد من سهولة الاستخدام. الرمز الداخلي للمنتج: HT-877-C22-Z043-APP-FGD.
نجف معلق ذهبي - HT-877,HT-877-C23-DZ-9-APP-FGD,,نجف,قطعة,قطعة,ذهبي,1335,,4,نجف معلق بلون ذهبي، بتصميم عصري يناسب الصالات وغرف المعيشة والاستقبال، يدعم التحكم عن بُعد باستخدام الريموت، كما يدعم التحكم عبر تطبيق الهاتف المحمول لمزيد من سهولة الاستخدام. الرمز الداخلي للمنتج: HT-877-C23-DZ-9-APP-FGD.
نجف معلق ذهبي - HT-877,HT-877-C23-Z043-APP-FGD,,نجف,قطعة,قطعة,ذهبي,1335,,4,نجف معلق بلون ذهبي، بتصميم عصري يناسب الصالات وغرف المعيشة والاستقبال، يدعم التحكم عن بُعد باستخدام الريموت، كما يدعم التحكم عبر تطبيق الهاتف المحمول لمزيد من سهولة الاستخدام. الرمز الداخلي للمنتج: HT-877-C23-Z043-APP-FGD.
نجف معلق ذهبي - HT-878,HT-878-APP-FGD,,نجف,قطعة,قطعة,ذهبي,1155,,4,نجف معلق بلون ذهبي، بتصميم عصري يناسب الصالات وغرف المعيشة والاستقبال، يدعم التحكم عن بُعد باستخدام الريموت، كما يدعم التحكم عبر تطبيق الهاتف المحمول لمزيد من سهولة الاستخدام. الرمز الداخلي للمنتج: HT-878-APP-FGD.
نجف معلق ذهبي - HT-878-G30,HT-878-G30-APP-FGD,,نجف,قطعة,قطعة,ذهبي,,,4,نجف معلق بلون ذهبي، بتصميم عصري يناسب الصالات وغرف المعيشة والاستقبال، يدعم التحكم عن بُعد باستخدام الريموت، كما يدعم التحكم عبر تطبيق الهاتف المحمول لمزيد من سهولة الاستخدام. الرمز الداخلي للمنتج: HT-878-G30-APP-FGD.
نجف معلق ذهبي - HT-878-G33,HT-878-G33-APP-FGD,,نجف,قطعة,قطعة,ذهبي,1255,,4,نجف معلق بلون ذهبي، بتصميم عصري يناسب الصالات وغرف المعيشة والاستقبال، يدعم التحكم عن بُعد باستخدام الريموت، كما يدعم التحكم عبر تطبيق الهاتف المحمول لمزيد من سهولة الاستخدام. الرمز الداخلي للمنتج: HT-878-G33-APP-FGD.
نجف معلق ذهبي - HT-878-G33,HT-878-G33-A-APP-FGD,,نجف,قطعة,قطعة,ذهبي,1230,,4,نجف معلق بلون ذهبي، بتصميم عصري يناسب الصالات وغرف المعيشة والاستقبال، يدعم التحكم عن بُعد باستخدام الريموت، كما يدعم التحكم عبر تطبيق الهاتف المحمول لمزيد من سهولة الاستخدام. الرمز الداخلي للمنتج: HT-878-G33-A-APP-FGD.
نجف معلق ذهبي - HT-880,HT-880-Z001-1-APP-FGD,,نجف,قطعة,قطعة,ذهبي,890,,4,نجف معلق بلون ذهبي، بتصميم عصري يناسب الصالات وغرف المعيشة والاستقبال، يدعم التحكم عن بُعد باستخدام الريموت، كما يدعم التحكم عبر تطبيق الهاتف المحمول لمزيد من سهولة الاستخدام. الرمز الداخلي للمنتج: HT-880-Z001-1-APP-FGD.
نجف معلق ذهبي - HT-880,HT-880-Z004-APP-FGD,,نجف,قطعة,قطعة,ذهبي,890,,4,نجف معلق بلون ذهبي، بتصميم عصري يناسب الصالات وغرف المعيشة والاستقبال، يدعم التحكم عن بُعد باستخدام الريموت، كما يدعم التحكم عبر تطبيق الهاتف المحمول لمزيد من سهولة الاستخدام. الرمز الداخلي للمنتج: HT-880-Z004-APP-FGD.
نجف معلق أسود - HT-881,HT-881-APP-BK,,نجف,قطعة,قطعة,أسود,820,,4,نجف معلق بلون أسود، بتصميم عصري يناسب الصالات وغرف المعيشة والاستقبال، يدعم التحكم عن بُعد باستخدام الريموت، كما يدعم التحكم عبر تطبيق الهاتف المحمول لمزيد من سهولة الاستخدام. الرمز الداخلي للمنتج: HT-881-APP-BK.
نجف معلق ذهبي - HT-881,HT-881-APP-FGD,,نجف,قطعة,قطعة,ذهبي,1020,,4,نجف معلق بلون ذهبي، بتصميم عصري يناسب الصالات وغرف المعيشة والاستقبال، يدعم التحكم عن بُعد باستخدام الريموت، كما يدعم التحكم عبر تطبيق الهاتف المحمول لمزيد من سهولة الاستخدام. الرمز الداخلي للمنتج: HT-881-APP-FGD.
نجف معلق ذهبي - HT-884,HT-884-Z008-APP-FGD,,نجف,قطعة,قطعة,ذهبي,,,4,نجف معلق بلون ذهبي، بتصميم عصري يناسب الصالات وغرف المعيشة والاستقبال، يدعم التحكم عن بُعد باستخدام الريموت، كما يدعم التحكم عبر تطبيق الهاتف المحمول لمزيد من سهولة الاستخدام. الرمز الداخلي للمنتج: HT-884-Z008-APP-FGD.
نجف معلق ذهبي - HT-884,HT-884-Z002-APP-FGD,,نجف,قطعة,قطعة,ذهبي,1040,,4,نجف معلق بلون ذهبي، بتصميم عصري يناسب الصالات وغرف المعيشة والاستقبال، يدعم التحكم عن بُعد باستخدام الريموت، كما يدعم التحكم عبر تطبيق الهاتف المحمول لمزيد من سهولة الاستخدام. الرمز الداخلي للمنتج: HT-884-Z002-APP-FGD.
نجف معلق ذهبي - HT-884,HT-884-C21-Z042-APP-FGD,,نجف,قطعة,قطعة,ذهبي,1090,,4,نجف معلق بلون ذهبي، بتصميم عصري يناسب الصالات وغرف المعيشة والاستقبال، يدعم التحكم عن بُعد باستخدام الريموت، كما يدعم التحكم عبر تطبيق الهاتف المحمول لمزيد من سهولة الاستخدام. الرمز الداخلي للمنتج: HT-884-C21-Z042-APP-FGD.
نجف معلق أبيض - HT-885,HT-885-APP-WH,,نجف,قطعة,قطعة,أبيض,625,,4,نجف معلق بلون أبيض، بتصميم عصري يناسب الصالات وغرف المعيشة والاستقبال، يدعم التحكم عن بُعد باستخدام الريموت، كما يدعم التحكم عبر تطبيق الهاتف المحمول لمزيد من سهولة الاستخدام. الرمز الداخلي للمنتج: HT-885-APP-WH.
نجف معلق ذهبي - HT-885,HT-885-APP-FGD,,نجف,قطعة,قطعة,ذهبي,710,,4,نجف معلق بلون ذهبي، بتصميم عصري يناسب الصالات وغرف المعيشة والاستقبال، يدعم التحكم عن بُعد باستخدام الريموت، كما يدعم التحكم عبر تطبيق الهاتف المحمول لمزيد من سهولة الاستخدام. الرمز الداخلي للمنتج: HT-885-APP-FGD.
نجف معلق شمبانيا - HT-885,HT-885-APP-CPG,,نجف,قطعة,قطعة,شمبانيا,660,,4,نجف معلق بلون شمبانيا، بتصميم عصري يناسب الصالات وغرف المعيشة والاستقبال، يدعم التحكم عن بُعد باستخدام الريموت، كما يدعم التحكم عبر تطبيق الهاتف المحمول لمزيد من سهولة الاستخدام. الرمز الداخلي للمنتج: HT-885-APP-CPG.
نجف معلق أسود - HT-885,HT-885-APP-BK,,نجف,قطعة,قطعة,أسود,625,,4,نجف معلق بلون أسود، بتصميم عصري يناسب الصالات وغرف المعيشة والاستقبال، يدعم التحكم عن بُعد باستخدام الريموت، كما يدعم التحكم عبر تطبيق الهاتف المحمول لمزيد من سهولة الاستخدام. الرمز الداخلي للمنتج: HT-885-APP-BK.
نجف معلق أبيض - HT-886,HT-886-APP-WH,,نجف,قطعة,قطعة,أبيض,950,,4,نجف معلق بلون أبيض، بتصميم عصري يناسب الصالات وغرف المعيشة والاستقبال، يدعم التحكم عن بُعد باستخدام الريموت، كما يدعم التحكم عبر تطبيق الهاتف المحمول لمزيد من سهولة الاستخدام. الرمز الداخلي للمنتج: HT-886-APP-WH.
نجف معلق ذهبي - HT-886,HT-886-APP-FGD,,نجف,قطعة,قطعة,ذهبي,1075,,4,نجف معلق بلون ذهبي، بتصميم عصري يناسب الصالات وغرف المعيشة والاستقبال، يدعم التحكم عن بُعد باستخدام الريموت، كما يدعم التحكم عبر تطبيق الهاتف المحمول لمزيد من سهولة الاستخدام. الرمز الداخلي للمنتج: HT-886-APP-FGD.
نجف معلق أسود - HT-886,HT-886-APP-BK,,نجف,قطعة,قطعة,أسود,950,,4,نجف معلق بلون أسود، بتصميم عصري يناسب الصالات وغرف المعيشة والاستقبال، يدعم التحكم عن بُعد باستخدام الريموت، كما يدعم التحكم عبر تطبيق الهاتف المحمول لمزيد من سهولة الاستخدام. الرمز الداخلي للمنتج: HT-886-APP-BK.
نجف معلق - HT-886,HT-886-APP-CF,,نجف,قطعة,قطعة,,950,,4,نجف معلق، بتصميم عصري يناسب الصالات وغرف المعيشة والاستقبال، يدعم التحكم عن بُعد باستخدام الريموت، كما يدعم التحكم عبر تطبيق الهاتف المحمول لمزيد من سهولة الاستخدام. الرمز الداخلي للمنتج: HT-886-APP-CF.
نجف معلق أسود - HT-887,HT-887-APP-BK,,نجف,قطعة,قطعة,أسود,1270,,4,نجف معلق بلون أسود، بتصميم عصري يناسب الصالات وغرف المعيشة والاستقبال، يدعم التحكم عن بُعد باستخدام الريموت، كما يدعم التحكم عبر تطبيق الهاتف المحمول لمزيد من سهولة الاستخدام. الرمز الداخلي للمنتج: HT-887-APP-BK.
نجف معلق ذهبي - HT-887,HT-887-APP-FGD,,نجف,قطعة,قطعة,ذهبي,1390,,4,نجف معلق بلون ذهبي، بتصميم عصري يناسب الصالات وغرف المعيشة والاستقبال، يدعم التحكم عن بُعد باستخدام الريموت، كما يدعم التحكم عبر تطبيق الهاتف المحمول لمزيد من سهولة الاستخدام. الرمز الداخلي للمنتج: HT-887-APP-FGD.
نجف معلق ذهبي - HT-887,HT-887-A-APP-FGD,,نجف,قطعة,قطعة,ذهبي,1365,,4,نجف معلق بلون ذهبي، بتصميم عصري يناسب الصالات وغرف المعيشة والاستقبال، يدعم التحكم عن بُعد باستخدام الريموت، كما يدعم التحكم عبر تطبيق الهاتف المحمول لمزيد من سهولة الاستخدام. الرمز الداخلي للمنتج: HT-887-A-APP-FGD.
نجف معلق ذهبي - HT-889,HT-889-APP-FGD,,نجف,قطعة,قطعة,ذهبي,1110,,4,نجف معلق بلون ذهبي، بتصميم عصري يناسب الصالات وغرف المعيشة والاستقبال، يدعم التحكم عن بُعد باستخدام الريموت، كما يدعم التحكم عبر تطبيق الهاتف المحمول لمزيد من سهولة الاستخدام. الرمز الداخلي للمنتج: HT-889-APP-FGD.
نجف معلق أسود - HT-889,HT-889-APP-BK,,نجف,قطعة,قطعة,أسود,950,,4,نجف معلق بلون أسود، بتصميم عصري يناسب الصالات وغرف المعيشة والاستقبال، يدعم التحكم عن بُعد باستخدام الريموت، كما يدعم التحكم عبر تطبيق الهاتف المحمول لمزيد من سهولة الاستخدام. الرمز الداخلي للمنتج: HT-889-APP-BK.
نجف معلق أبيض - HT-889,HT-889-A-APP-WH,,نجف,قطعة,قطعة,أبيض,925,,4,نجف معلق بلون أبيض، بتصميم عصري يناسب الصالات وغرف المعيشة والاستقبال، يدعم التحكم عن بُعد باستخدام الريموت، كما يدعم التحكم عبر تطبيق الهاتف المحمول لمزيد من سهولة الاستخدام. الرمز الداخلي للمنتج: HT-889-A-APP-WH.
نجف معلق ذهبي - HT-889,HT-889-A-APP-FGD,,نجف,قطعة,قطعة,ذهبي,1085,,4,نجف معلق بلون ذهبي، بتصميم عصري يناسب الصالات وغرف المعيشة والاستقبال، يدعم التحكم عن بُعد باستخدام الريموت، كما يدعم التحكم عبر تطبيق الهاتف المحمول لمزيد من سهولة الاستخدام. الرمز الداخلي للمنتج: HT-889-A-APP-FGD.
نجف معلق أسود - HT-889,HT-889-A-APP-BK,,نجف,قطعة,قطعة,أسود,925,,4,نجف معلق بلون أسود، بتصميم عصري يناسب الصالات وغرف المعيشة والاستقبال، يدعم التحكم عن بُعد باستخدام الريموت، كما يدعم التحكم عبر تطبيق الهاتف المحمول لمزيد من سهولة الاستخدام. الرمز الداخلي للمنتج: HT-889-A-APP-BK.
نجف معلق ذهبي - HT-891,HT-891-APP-FGD,,نجف,قطعة,قطعة,ذهبي,905,,4,نجف معلق بلون ذهبي، بتصميم عصري يناسب الصالات وغرف المعيشة والاستقبال، يدعم التحكم عن بُعد باستخدام الريموت، كما يدعم التحكم عبر تطبيق الهاتف المحمول لمزيد من سهولة الاستخدام. الرمز الداخلي للمنتج: HT-891-APP-FGD.
نجف معلق أسود - HT-891,HT-891-APP-BK,,نجف,قطعة,قطعة,أسود,815,,4,نجف معلق بلون أسود، بتصميم عصري يناسب الصالات وغرف المعيشة والاستقبال، يدعم التحكم عن بُعد باستخدام الريموت، كما يدعم التحكم عبر تطبيق الهاتف المحمول لمزيد من سهولة الاستخدام. الرمز الداخلي للمنتج: HT-891-APP-BK.
نجف معلق ذهبي - HT-891,HT-891-A-APP-FGD,,نجف,قطعة,قطعة,ذهبي,880,,4,نجف معلق بلون ذهبي، بتصميم عصري يناسب الصالات وغرف المعيشة والاستقبال، يدعم التحكم عن بُعد باستخدام الريموت، كما يدعم التحكم عبر تطبيق الهاتف المحمول لمزيد من سهولة الاستخدام. الرمز الداخلي للمنتج: HT-891-A-APP-FGD.
نجف معلق ذهبي - HT-892,HT-892-APP-FGD,,نجف,قطعة,قطعة,ذهبي,5300,,4,نجف معلق بلون ذهبي، بتصميم عصري يناسب الصالات وغرف المعيشة والاستقبال، يدعم التحكم عن بُعد باستخدام الريموت، كما يدعم التحكم عبر تطبيق الهاتف المحمول لمزيد من سهولة الاستخدام. الرمز الداخلي للمنتج: HT-892-APP-FGD.
نجف معلق أسود - HT-893,HT-893-DZ-22-APP-BK,,نجف,قطعة,قطعة,أسود,625,,4,نجف معلق بلون أسود، بتصميم عصري يناسب الصالات وغرف المعيشة والاستقبال، يدعم التحكم عن بُعد باستخدام الريموت، كما يدعم التحكم عبر تطبيق الهاتف المحمول لمزيد من سهولة الاستخدام. الرمز الداخلي للمنتج: HT-893-DZ-22-APP-BK.
نجف معلق ذهبي - HT-893,HT-893-DZ-22-APP-FGD,,نجف,قطعة,قطعة,ذهبي,695,,4,نجف معلق بلون ذهبي، بتصميم عصري يناسب الصالات وغرف المعيشة والاستقبال، يدعم التحكم عن بُعد باستخدام الريموت، كما يدعم التحكم عبر تطبيق الهاتف المحمول لمزيد من سهولة الاستخدام. الرمز الداخلي للمنتج: HT-893-DZ-22-APP-FGD.
نجف معلق ذهبي - HT-893,HT-893-Z032-APP-FGD,,نجف,قطعة,قطعة,ذهبي,695,,4,نجف معلق بلون ذهبي، بتصميم عصري يناسب الصالات وغرف المعيشة والاستقبال، يدعم التحكم عن بُعد باستخدام الريموت، كما يدعم التحكم عبر تطبيق الهاتف المحمول لمزيد من سهولة الاستخدام. الرمز الداخلي للمنتج: HT-893-Z032-APP-FGD.
نجف معلق أسود - HT-894,HT-894-DZ-15-APP-BK,,نجف,قطعة,قطعة,أسود,600,,4,نجف معلق بلون أسود، بتصميم عصري يناسب الصالات وغرف المعيشة والاستقبال، يدعم التحكم عن بُعد باستخدام الريموت، كما يدعم التحكم عبر تطبيق الهاتف المحمول لمزيد من سهولة الاستخدام. الرمز الداخلي للمنتج: HT-894-DZ-15-APP-BK.
نجف معلق أسود - HT-895,HT-895-DZ-21-APP-BK,,نجف,قطعة,قطعة,أسود,625,,4,نجف معلق بلون أسود، بتصميم عصري يناسب الصالات وغرف المعيشة والاستقبال، يدعم التحكم عن بُعد باستخدام الريموت، كما يدعم التحكم عبر تطبيق الهاتف المحمول لمزيد من سهولة الاستخدام. الرمز الداخلي للمنتج: HT-895-DZ-21-APP-BK.
نجف معلق أسود - HT-896,HT-896-DZ-19-APP-BK,,نجف,قطعة,قطعة,أسود,600,,4,نجف معلق بلون أسود، بتصميم عصري يناسب الصالات وغرف المعيشة والاستقبال، يدعم التحكم عن بُعد باستخدام الريموت، كما يدعم التحكم عبر تطبيق الهاتف المحمول لمزيد من سهولة الاستخدام. الرمز الداخلي للمنتج: HT-896-DZ-19-APP-BK.
نجف معلق ذهبي - HT-896,HT-896-Z040-APP-FGD,,نجف,قطعة,قطعة,ذهبي,770,,4,نجف معلق بلون ذهبي، بتصميم عصري يناسب الصالات وغرف المعيشة والاستقبال، يدعم التحكم عن بُعد باستخدام الريموت، كما يدعم التحكم عبر تطبيق الهاتف المحمول لمزيد من سهولة الاستخدام. الرمز الداخلي للمنتج: HT-896-Z040-APP-FGD.
نجف معلق ذهبي - HT-898,HT-898-A-APP-FGD,,نجف,قطعة,قطعة,ذهبي,1170,,4,نجف معلق بلون ذهبي، بتصميم عصري يناسب الصالات وغرف المعيشة والاستقبال، يدعم التحكم عن بُعد باستخدام الريموت، كما يدعم التحكم عبر تطبيق الهاتف المحمول لمزيد من سهولة الاستخدام. الرمز الداخلي للمنتج: HT-898-A-APP-FGD.
نجف معلق أسود - HT-898,HT-898-T42-APP-BK,,نجف,قطعة,قطعة,أسود,1025,,4,نجف معلق بلون أسود، بتصميم عصري يناسب الصالات وغرف المعيشة والاستقبال، يدعم التحكم عن بُعد باستخدام الريموت، كما يدعم التحكم عبر تطبيق الهاتف المحمول لمزيد من سهولة الاستخدام. الرمز الداخلي للمنتج: HT-898-T42-APP-BK.
نجف معلق أسود - HT-900,HT-900-APP-T40-BK,,نجف,قطعة,قطعة,أسود,665,,4,نجف معلق بلون أسود، بتصميم عصري يناسب الصالات وغرف المعيشة والاستقبال، يدعم التحكم عن بُعد باستخدام الريموت، كما يدعم التحكم عبر تطبيق الهاتف المحمول لمزيد من سهولة الاستخدام. الرمز الداخلي للمنتج: HT-900-APP-T40-BK.
نجف معلق ذهبي - HT-900,HT-900-APP-T40-FGD,,نجف,قطعة,قطعة,ذهبي,765,,4,نجف معلق بلون ذهبي، بتصميم عصري يناسب الصالات وغرف المعيشة والاستقبال، يدعم التحكم عن بُعد باستخدام الريموت، كما يدعم التحكم عبر تطبيق الهاتف المحمول لمزيد من سهولة الاستخدام. الرمز الداخلي للمنتج: HT-900-APP-T40-FGD.
نجف معلق أسود - HT-901,HT-901-APP-T30-BK,,نجف,قطعة,قطعة,أسود,540,,4,نجف معلق بلون أسود، بتصميم عصري يناسب الصالات وغرف المعيشة والاستقبال، يدعم التحكم عن بُعد باستخدام الريموت، كما يدعم التحكم عبر تطبيق الهاتف المحمول لمزيد من سهولة الاستخدام. الرمز الداخلي للمنتج: HT-901-APP-T30-BK.
نجف معلق ذهبي - HT-901,HT-901-APP-T30-FGD,,نجف,قطعة,قطعة,ذهبي,620,,4,نجف معلق بلون ذهبي، بتصميم عصري يناسب الصالات وغرف المعيشة والاستقبال، يدعم التحكم عن بُعد باستخدام الريموت، كما يدعم التحكم عبر تطبيق الهاتف المحمول لمزيد من سهولة الاستخدام. الرمز الداخلي للمنتج: HT-901-APP-T30-FGD.
نجف معلق ذهبي - HT-901-C10,HT-901-C10-APP-Z038-FGD,,نجف,قطعة,قطعة,ذهبي,650,,4,نجف معلق بلون ذهبي، بتصميم عصري يناسب الصالات وغرف المعيشة والاستقبال، يدعم التحكم عن بُعد باستخدام الريموت، كما يدعم التحكم عبر تطبيق الهاتف المحمول لمزيد من سهولة الاستخدام. الرمز الداخلي للمنتج: HT-901-C10-APP-Z038-FGD.
نجف معلق ذهبي - HT-901-C10,HT-901-C10-APP-Z032-FGD,,نجف,قطعة,قطعة,ذهبي,690,,4,نجف معلق بلون ذهبي، بتصميم عصري يناسب الصالات وغرف المعيشة والاستقبال، يدعم التحكم عن بُعد باستخدام الريموت، كما يدعم التحكم عبر تطبيق الهاتف المحمول لمزيد من سهولة الاستخدام. الرمز الداخلي للمنتج: HT-901-C10-APP-Z032-FGD.
نجف معلق ذهبي - HT-901-C10,HT-901-C10-APP-Z047-FGD,,نجف,قطعة,قطعة,ذهبي,650,,4,نجف معلق بلون ذهبي، بتصميم عصري يناسب الصالات وغرف المعيشة والاستقبال، يدعم التحكم عن بُعد باستخدام الريموت، كما يدعم التحكم عبر تطبيق الهاتف المحمول لمزيد من سهولة الاستخدام. الرمز الداخلي للمنتج: HT-901-C10-APP-Z047-FGD.
نجف معلق أسود - HT-904,HT-904-Z-004-APP-BK,,نجف,قطعة,قطعة,أسود,620,,4,نجف معلق بلون أسود، بتصميم عصري يناسب الصالات وغرف المعيشة والاستقبال، يدعم التحكم عن بُعد باستخدام الريموت، كما يدعم التحكم عبر تطبيق الهاتف المحمول لمزيد من سهولة الاستخدام. الرمز الداخلي للمنتج: HT-904-Z-004-APP-BK.
نجف معلق ذهبي - HT-904,HT-904-Z-004-APP-FGD,,نجف,قطعة,قطعة,ذهبي,735,,4,نجف معلق بلون ذهبي، بتصميم عصري يناسب الصالات وغرف المعيشة والاستقبال، يدعم التحكم عن بُعد باستخدام الريموت، كما يدعم التحكم عبر تطبيق الهاتف المحمول لمزيد من سهولة الاستخدام. الرمز الداخلي للمنتج: HT-904-Z-004-APP-FGD.
نجف معلق أسود - HT-905,HT-905-T-34-APP-BK,,نجف,قطعة,قطعة,أسود,570,,4,نجف معلق بلون أسود، بتصميم عصري يناسب الصالات وغرف المعيشة والاستقبال، يدعم التحكم عن بُعد باستخدام الريموت، كما يدعم التحكم عبر تطبيق الهاتف المحمول لمزيد من سهولة الاستخدام. الرمز الداخلي للمنتج: HT-905-T-34-APP-BK.
نجف معلق ذهبي - HT-905,HT-905-T-34-APP-FGD,,نجف,قطعة,قطعة,ذهبي,660,,4,نجف معلق بلون ذهبي، بتصميم عصري يناسب الصالات وغرف المعيشة والاستقبال، يدعم التحكم عن بُعد باستخدام الريموت، كما يدعم التحكم عبر تطبيق الهاتف المحمول لمزيد من سهولة الاستخدام. الرمز الداخلي للمنتج: HT-905-T-34-APP-FGD.
نجف معلق ذهبي - HT-905,HT-905-DZ-12-APP-FGD,,نجف,قطعة,قطعة,ذهبي,645,,4,نجف معلق بلون ذهبي، بتصميم عصري يناسب الصالات وغرف المعيشة والاستقبال، يدعم التحكم عن بُعد باستخدام الريموت، كما يدعم التحكم عبر تطبيق الهاتف المحمول لمزيد من سهولة الاستخدام. الرمز الداخلي للمنتج: HT-905-DZ-12-APP-FGD.
نجف معلق أسود - HT-905,HT-905-Z042-APP-BK,,نجف,قطعة,قطعة,أسود,570,,4,نجف معلق بلون أسود، بتصميم عصري يناسب الصالات وغرف المعيشة والاستقبال، يدعم التحكم عن بُعد باستخدام الريموت، كما يدعم التحكم عبر تطبيق الهاتف المحمول لمزيد من سهولة الاستخدام. الرمز الداخلي للمنتج: HT-905-Z042-APP-BK.
نجف معلق ذهبي - HT-905-C21,HT-905-C21-Z040-APP-FGD,,نجف,قطعة,قطعة,ذهبي,625,,4,نجف معلق بلون ذهبي، بتصميم عصري يناسب الصالات وغرف المعيشة والاستقبال، يدعم التحكم عن بُعد باستخدام الريموت، كما يدعم التحكم عبر تطبيق الهاتف المحمول لمزيد من سهولة الاستخدام. الرمز الداخلي للمنتج: HT-905-C21-Z040-APP-FGD.
نجف معلق أبيض - HT-905-C21,HT-905-C21-Z040-APP-WH,,نجف,قطعة,قطعة,أبيض,540,,4,نجف معلق بلون أبيض، بتصميم عصري يناسب الصالات وغرف المعيشة والاستقبال، يدعم التحكم عن بُعد باستخدام الريموت، كما يدعم التحكم عبر تطبيق الهاتف المحمول لمزيد من سهولة الاستخدام. الرمز الداخلي للمنتج: HT-905-C21-Z040-APP-WH.
نجف معلق أسود - HT-906,HT-906-Z-005-APP-BK,,نجف,قطعة,قطعة,أسود,675,,4,نجف معلق بلون أسود، بتصميم عصري يناسب الصالات وغرف المعيشة والاستقبال، يدعم التحكم عن بُعد باستخدام الريموت، كما يدعم التحكم عبر تطبيق الهاتف المحمول لمزيد من سهولة الاستخدام. الرمز الداخلي للمنتج: HT-906-Z-005-APP-BK.
نجف معلق ذهبي - HT-906,HT-906-Z-005-APP-FGD,,نجف,قطعة,قطعة,ذهبي,775,,4,نجف معلق بلون ذهبي، بتصميم عصري يناسب الصالات وغرف المعيشة والاستقبال، يدعم التحكم عن بُعد باستخدام الريموت، كما يدعم التحكم عبر تطبيق الهاتف المحمول لمزيد من سهولة الاستخدام. الرمز الداخلي للمنتج: HT-906-Z-005-APP-FGD.
نجف معلق أسود - HT-906,HT-906-Z-042-APP-BK,,نجف,قطعة,قطعة,أسود,690,,4,نجف معلق بلون أسود، بتصميم عصري يناسب الصالات وغرف المعيشة والاستقبال، يدعم التحكم عن بُعد باستخدام الريموت، كما يدعم التحكم عبر تطبيق الهاتف المحمول لمزيد من سهولة الاستخدام. الرمز الداخلي للمنتج: HT-906-Z-042-APP-BK.
نجف معلق ذهبي - HT-907,HT-907-Z-002-APP-FGD,,نجف,قطعة,قطعة,ذهبي,630,,4,نجف معلق بلون ذهبي، بتصميم عصري يناسب الصالات وغرف المعيشة والاستقبال، يدعم التحكم عن بُعد باستخدام الريموت، كما يدعم التحكم عبر تطبيق الهاتف المحمول لمزيد من سهولة الاستخدام. الرمز الداخلي للمنتج: HT-907-Z-002-APP-FGD.
نجف معلق ذهبي - HT-907,HT-907-Z-003-APP-FGD,,نجف,قطعة,قطعة,ذهبي,630,,4,نجف معلق بلون ذهبي، بتصميم عصري يناسب الصالات وغرف المعيشة والاستقبال، يدعم التحكم عن بُعد باستخدام الريموت، كما يدعم التحكم عبر تطبيق الهاتف المحمول لمزيد من سهولة الاستخدام. الرمز الداخلي للمنتج: HT-907-Z-003-APP-FGD.
نجف معلق أبيض - HT-907,HT-907-Z-003-APP-WH,,نجف,قطعة,قطعة,أبيض,540,,4,نجف معلق بلون أبيض، بتصميم عصري يناسب الصالات وغرف المعيشة والاستقبال، يدعم التحكم عن بُعد باستخدام الريموت، كما يدعم التحكم عبر تطبيق الهاتف المحمول لمزيد من سهولة الاستخدام. الرمز الداخلي للمنتج: HT-907-Z-003-APP-WH.
نجف معلق ذهبي - HT-907,HT-907-Z-040-APP-FGD,,نجف,قطعة,قطعة,ذهبي,630,,4,نجف معلق بلون ذهبي، بتصميم عصري يناسب الصالات وغرف المعيشة والاستقبال، يدعم التحكم عن بُعد باستخدام الريموت، كما يدعم التحكم عبر تطبيق الهاتف المحمول لمزيد من سهولة الاستخدام. الرمز الداخلي للمنتج: HT-907-Z-040-APP-FGD.
نجف معلق ذهبي - HT-907,HT-907-Z-042-APP-FGD,,نجف,قطعة,قطعة,ذهبي,655,,4,نجف معلق بلون ذهبي، بتصميم عصري يناسب الصالات وغرف المعيشة والاستقبال، يدعم التحكم عن بُعد باستخدام الريموت، كما يدعم التحكم عبر تطبيق الهاتف المحمول لمزيد من سهولة الاستخدام. الرمز الداخلي للمنتج: HT-907-Z-042-APP-FGD.
نجف معلق أسود - HT-907,HT-907-C23-Z042-APP-BK,,نجف,قطعة,قطعة,أسود,565,,4,نجف معلق بلون أسود، بتصميم عصري يناسب الصالات وغرف المعيشة والاستقبال، يدعم التحكم عن بُعد باستخدام الريموت، كما يدعم التحكم عبر تطبيق الهاتف المحمول لمزيد من سهولة الاستخدام. الرمز الداخلي للمنتج: HT-907-C23-Z042-APP-BK.
نجف معلق أبيض - HT-907,HT-907-Z036-APP-WH,,نجف,قطعة,قطعة,أبيض,540,,4,نجف معلق بلون أبيض، بتصميم عصري يناسب الصالات وغرف المعيشة والاستقبال، يدعم التحكم عن بُعد باستخدام الريموت، كما يدعم التحكم عبر تطبيق الهاتف المحمول لمزيد من سهولة الاستخدام. الرمز الداخلي للمنتج: HT-907-Z036-APP-WH.
نجف معلق أسود - HT-907,HT-907-Z036-APP-BK,,نجف,قطعة,قطعة,أسود,540,,4,نجف معلق بلون أسود، بتصميم عصري يناسب الصالات وغرف المعيشة والاستقبال، يدعم التحكم عن بُعد باستخدام الريموت، كما يدعم التحكم عبر تطبيق الهاتف المحمول لمزيد من سهولة الاستخدام. الرمز الداخلي للمنتج: HT-907-Z036-APP-BK.
نجف معلق ذهبي - HT-908,HT-908-Z-002-APP-FGD,,نجف,قطعة,قطعة,ذهبي,640,,4,نجف معلق بلون ذهبي، بتصميم عصري يناسب الصالات وغرف المعيشة والاستقبال، يدعم التحكم عن بُعد باستخدام الريموت، كما يدعم التحكم عبر تطبيق الهاتف المحمول لمزيد من سهولة الاستخدام. الرمز الداخلي للمنتج: HT-908-Z-002-APP-FGD.
نجف معلق ذهبي - HT-908,HT-908-DZ-7-APP-FGD,,نجف,قطعة,قطعة,ذهبي,640,,4,نجف معلق بلون ذهبي، بتصميم عصري يناسب الصالات وغرف المعيشة والاستقبال، يدعم التحكم عن بُعد باستخدام الريموت، كما يدعم التحكم عبر تطبيق الهاتف المحمول لمزيد من سهولة الاستخدام. الرمز الداخلي للمنتج: HT-908-DZ-7-APP-FGD.
نجف معلق ذهبي - HT-908,HT-908-Z-040-APP-FGD,,نجف,قطعة,قطعة,ذهبي,640,,4,نجف معلق بلون ذهبي، بتصميم عصري يناسب الصالات وغرف المعيشة والاستقبال، يدعم التحكم عن بُعد باستخدام الريموت، كما يدعم التحكم عبر تطبيق الهاتف المحمول لمزيد من سهولة الاستخدام. الرمز الداخلي للمنتج: HT-908-Z-040-APP-FGD.
نجف معلق أسود - HT-909,HT-909-Z-005-APP-BK,,نجف,قطعة,قطعة,أسود,560,,4,نجف معلق بلون أسود، بتصميم عصري يناسب الصالات وغرف المعيشة والاستقبال، يدعم التحكم عن بُعد باستخدام الريموت، كما يدعم التحكم عبر تطبيق الهاتف المحمول لمزيد من سهولة الاستخدام. الرمز الداخلي للمنتج: HT-909-Z-005-APP-BK.
نجف معلق ذهبي - HT-909,HT-909-Z-005-APP-FGD,,نجف,قطعة,قطعة,ذهبي,760,,4,نجف معلق بلون ذهبي، بتصميم عصري يناسب الصالات وغرف المعيشة والاستقبال، يدعم التحكم عن بُعد باستخدام الريموت، كما يدعم التحكم عبر تطبيق الهاتف المحمول لمزيد من سهولة الاستخدام. الرمز الداخلي للمنتج: HT-909-Z-005-APP-FGD.
نجف معلق أسود - HT-909,HT-909-Z042-APP-BK,,نجف,قطعة,قطعة,أسود,560,,4,نجف معلق بلون أسود، بتصميم عصري يناسب الصالات وغرف المعيشة والاستقبال، يدعم التحكم عن بُعد باستخدام الريموت، كما يدعم التحكم عبر تطبيق الهاتف المحمول لمزيد من سهولة الاستخدام. الرمز الداخلي للمنتج: HT-909-Z042-APP-BK.
نجف معلق ذهبي - HT-909,HT-909-DZ4-APP-FGD,,نجف,قطعة,قطعة,ذهبي,790,,4,نجف معلق بلون ذهبي، بتصميم عصري يناسب الصالات وغرف المعيشة والاستقبال، يدعم التحكم عن بُعد باستخدام الريموت، كما يدعم التحكم عبر تطبيق الهاتف المحمول لمزيد من سهولة الاستخدام. الرمز الداخلي للمنتج: HT-909-DZ4-APP-FGD.
نجف معلق أسود - HT-911-G23,HT-911-G23-APP-BK,,نجف,قطعة,قطعة,أسود,745,,4,نجف معلق بلون أسود، بتصميم عصري يناسب الصالات وغرف المعيشة والاستقبال، يدعم التحكم عن بُعد باستخدام الريموت، كما يدعم التحكم عبر تطبيق الهاتف المحمول لمزيد من سهولة الاستخدام. الرمز الداخلي للمنتج: HT-911-G23-APP-BK.
نجف معلق أسود - HT-911-G23,HT-911-G23-A-APP-BK,,نجف,قطعة,قطعة,أسود,720,,4,نجف معلق بلون أسود، بتصميم عصري يناسب الصالات وغرف المعيشة والاستقبال، يدعم التحكم عن بُعد باستخدام الريموت، كما يدعم التحكم عبر تطبيق الهاتف المحمول لمزيد من سهولة الاستخدام. الرمز الداخلي للمنتج: HT-911-G23-A-APP-BK.
نجف معلق ذهبي - HT-911-G23,HT-911-G23-A-APP-FGD,,نجف,قطعة,قطعة,ذهبي,845,,4,نجف معلق بلون ذهبي، بتصميم عصري يناسب الصالات وغرف المعيشة والاستقبال، يدعم التحكم عن بُعد باستخدام الريموت، كما يدعم التحكم عبر تطبيق الهاتف المحمول لمزيد من سهولة الاستخدام. الرمز الداخلي للمنتج: HT-911-G23-A-APP-FGD.
نجف معلق ذهبي - HT-912-G20,HT-912-G20-APP-FGD,,نجف,قطعة,قطعة,ذهبي,870,,4,نجف معلق بلون ذهبي، بتصميم عصري يناسب الصالات وغرف المعيشة والاستقبال، يدعم التحكم عن بُعد باستخدام الريموت، كما يدعم التحكم عبر تطبيق الهاتف المحمول لمزيد من سهولة الاستخدام. الرمز الداخلي للمنتج: HT-912-G20-APP-FGD.
نجف معلق أسود - HT-914-G23,HT-914-G23-APP-BK,,نجف,قطعة,قطعة,أسود,695,,4,نجف معلق بلون أسود، بتصميم عصري يناسب الصالات وغرف المعيشة والاستقبال، يدعم التحكم عن بُعد باستخدام الريموت، كما يدعم التحكم عبر تطبيق الهاتف المحمول لمزيد من سهولة الاستخدام. الرمز الداخلي للمنتج: HT-914-G23-APP-BK.
نجف معلق أسود - HT-915,HT-915-G18-A-APP-BK,,نجف,قطعة,قطعة,أسود,650,,4,نجف معلق بلون أسود، بتصميم عصري يناسب الصالات وغرف المعيشة والاستقبال، يدعم التحكم عن بُعد باستخدام الريموت، كما يدعم التحكم عبر تطبيق الهاتف المحمول لمزيد من سهولة الاستخدام. الرمز الداخلي للمنتج: HT-915-G18-A-APP-BK.
نجف معلق ذهبي - HT-915,HT-915-G18-Z034-APP-FGD,,نجف,قطعة,قطعة,ذهبي,,,4,نجف معلق بلون ذهبي، بتصميم عصري يناسب الصالات وغرف المعيشة والاستقبال، يدعم التحكم عن بُعد باستخدام الريموت، كما يدعم التحكم عبر تطبيق الهاتف المحمول لمزيد من سهولة الاستخدام. الرمز الداخلي للمنتج: HT-915-G18-Z034-APP-FGD.
نجف معلق ذهبي - HT-915,HT-915-G23-A-APP-FGD,,نجف,قطعة,قطعة,ذهبي,755,,4,نجف معلق بلون ذهبي، بتصميم عصري يناسب الصالات وغرف المعيشة والاستقبال، يدعم التحكم عن بُعد باستخدام الريموت، كما يدعم التحكم عبر تطبيق الهاتف المحمول لمزيد من سهولة الاستخدام. الرمز الداخلي للمنتج: HT-915-G23-A-APP-FGD.
نجف معلق أسود - HT-915,HT-915-G23-A-APP-BK,,نجف,قطعة,قطعة,أسود,650,,4,نجف معلق بلون أسود، بتصميم عصري يناسب الصالات وغرف المعيشة والاستقبال، يدعم التحكم عن بُعد باستخدام الريموت، كما يدعم التحكم عبر تطبيق الهاتف المحمول لمزيد من سهولة الاستخدام. الرمز الداخلي للمنتج: HT-915-G23-A-APP-BK.
نجف معلق ذهبي - HT-916-G40,HT-916-G40-APP-FGD,,نجف,قطعة,قطعة,ذهبي,975,,4,نجف معلق بلون ذهبي، بتصميم عصري يناسب الصالات وغرف المعيشة والاستقبال، يدعم التحكم عن بُعد باستخدام الريموت، كما يدعم التحكم عبر تطبيق الهاتف المحمول لمزيد من سهولة الاستخدام. الرمز الداخلي للمنتج: HT-916-G40-APP-FGD.
نجف معلق ذهبي - HT-916-G40,HT-916-G40-A-APP-FGD,,نجف,قطعة,قطعة,ذهبي,950,,4,نجف معلق بلون ذهبي، بتصميم عصري يناسب الصالات وغرف المعيشة والاستقبال، يدعم التحكم عن بُعد باستخدام الريموت، كما يدعم التحكم عبر تطبيق الهاتف المحمول لمزيد من سهولة الاستخدام. الرمز الداخلي للمنتج: HT-916-G40-A-APP-FGD.
نجف معلق أسود - HT-916-G40,HT-916-G40-APP-BK,,نجف,قطعة,قطعة,أسود,790,,4,نجف معلق بلون أسود، بتصميم عصري يناسب الصالات وغرف المعيشة والاستقبال، يدعم التحكم عن بُعد باستخدام الريموت، كما يدعم التحكم عبر تطبيق الهاتف المحمول لمزيد من سهولة الاستخدام. الرمز الداخلي للمنتج: HT-916-G40-APP-BK.
نجف معلق شمبانيا - HT-916-G40,HT-916-G40-APP-CPG,,نجف,قطعة,قطعة,شمبانيا,835,,4,نجف معلق بلون شمبانيا، بتصميم عصري يناسب الصالات وغرف المعيشة والاستقبال، يدعم التحكم عن بُعد باستخدام الريموت، كما يدعم التحكم عبر تطبيق الهاتف المحمول لمزيد من سهولة الاستخدام. الرمز الداخلي للمنتج: HT-916-G40-APP-CPG.
نجف معلق أسود - HT-918-G23,HT-918-G23-APP-BK,,نجف,قطعة,قطعة,أسود,805,,4,نجف معلق بلون أسود، بتصميم عصري يناسب الصالات وغرف المعيشة والاستقبال، يدعم التحكم عن بُعد باستخدام الريموت، كما يدعم التحكم عبر تطبيق الهاتف المحمول لمزيد من سهولة الاستخدام. الرمز الداخلي للمنتج: HT-918-G23-APP-BK.
نجف معلق ذهبي - HT-918-G23,HT-918-G23-APP-FGD,,نجف,قطعة,قطعة,ذهبي,935,,4,نجف معلق بلون ذهبي، بتصميم عصري يناسب الصالات وغرف المعيشة والاستقبال، يدعم التحكم عن بُعد باستخدام الريموت، كما يدعم التحكم عبر تطبيق الهاتف المحمول لمزيد من سهولة الاستخدام. الرمز الداخلي للمنتج: HT-918-G23-APP-FGD.
نجف معلق ذهبي - HT-918-G23,HT-918-G23-A-APP-FGD,,نجف,قطعة,قطعة,ذهبي,910,,4,نجف معلق بلون ذهبي، بتصميم عصري يناسب الصالات وغرف المعيشة والاستقبال، يدعم التحكم عن بُعد باستخدام الريموت، كما يدعم التحكم عبر تطبيق الهاتف المحمول لمزيد من سهولة الاستخدام. الرمز الداخلي للمنتج: HT-918-G23-A-APP-FGD.
نجف معلق ذهبي - HT-920-C29,HT-920-C29-FGD,,نجف,قطعة,قطعة,ذهبي,570,,4,نجف معلق بلون ذهبي، بتصميم عصري يناسب الصالات وغرف المعيشة والاستقبال. الرمز الداخلي للمنتج: HT-920-C29-FGD.
نجف معلق أسود - HT-921-C15,HT-921-C15-BK,,نجف,قطعة,قطعة,أسود,430,,4,نجف معلق بلون أسود، بتصميم عصري يناسب الصالات وغرف المعيشة والاستقبال، يدعم التحكم عن بُعد باستخدام الريموت، كما يدعم التحكم عبر تطبيق الهاتف المحمول لمزيد من سهولة الاستخدام. الرمز الداخلي للمنتج: HT-921-C15-BK.
نجف معلق أسود - HT-921-C15,HT-921-C15-A-BK,,نجف,قطعة,قطعة,أسود,405,,4,نجف معلق بلون أسود، بتصميم عصري يناسب الصالات وغرف المعيشة والاستقبال. الرمز الداخلي للمنتج: HT-921-C15-A-BK.
نجف معلق ذهبي - HT-921-C15,HT-921-C15-A-FGD,,نجف,قطعة,قطعة,ذهبي,500,,4,نجف معلق بلون ذهبي، بتصميم عصري يناسب الصالات وغرف المعيشة والاستقبال. الرمز الداخلي للمنتج: HT-921-C15-A-FGD.
نجف معلق شمبانيا - HT-921-C15,HT-921-C15-A-CPG,,نجف,قطعة,قطعة,شمبانيا,450,,4,نجف معلق بلون شمبانيا، بتصميم عصري يناسب الصالات وغرف المعيشة والاستقبال. الرمز الداخلي للمنتج: HT-921-C15-A-CPG.
نجف معلق أسود - HT-922-C8,HT-922-C8-BK,,نجف,قطعة,قطعة,أسود,420,,4,نجف معلق بلون أسود، بتصميم عصري يناسب الصالات وغرف المعيشة والاستقبال، يدعم التحكم عن بُعد باستخدام الريموت، كما يدعم التحكم عبر تطبيق الهاتف المحمول لمزيد من سهولة الاستخدام. الرمز الداخلي للمنتج: HT-922-C8-BK.
نجف معلق أسود - HT-922-C8,HT-922-C8-A-BK,,نجف,قطعة,قطعة,أسود,395,,4,نجف معلق بلون أسود، بتصميم عصري يناسب الصالات وغرف المعيشة والاستقبال. الرمز الداخلي للمنتج: HT-922-C8-A-BK.
نجف معلق ذهبي - HT-922-C8,HT-922-C8-A-FGD,,نجف,قطعة,قطعة,ذهبي,500,,4,نجف معلق بلون ذهبي، بتصميم عصري يناسب الصالات وغرف المعيشة والاستقبال. الرمز الداخلي للمنتج: HT-922-C8-A-FGD.
نجف معلق أسود - HT-923-C10,HT-923-C10-BK,,نجف,قطعة,قطعة,أسود,420,,4,نجف معلق بلون أسود، بتصميم عصري يناسب الصالات وغرف المعيشة والاستقبال. الرمز الداخلي للمنتج: HT-923-C10-BK.
نجف معلق أسود - HT-923-C10,HT-923-C10-A-BK,,نجف,قطعة,قطعة,أسود,395,,4,نجف معلق بلون أسود، بتصميم عصري يناسب الصالات وغرف المعيشة والاستقبال. الرمز الداخلي للمنتج: HT-923-C10-A-BK.
نجف معلق ذهبي - HT-923-C10,HT-923-C10-A-FGD,,نجف,قطعة,قطعة,ذهبي,500,,4,نجف معلق بلون ذهبي، بتصميم عصري يناسب الصالات وغرف المعيشة والاستقبال. الرمز الداخلي للمنتج: HT-923-C10-A-FGD.
نجف معلق أسود - HT-924,HT-924-A-APP-BK,,نجف,قطعة,قطعة,أسود,860,,4,نجف معلق بلون أسود، بتصميم عصري يناسب الصالات وغرف المعيشة والاستقبال، يدعم التحكم عن بُعد باستخدام الريموت، كما يدعم التحكم عبر تطبيق الهاتف المحمول لمزيد من سهولة الاستخدام. الرمز الداخلي للمنتج: HT-924-A-APP-BK.
نجف معلق أسود - HT-925,HT-925-APP-BK,,نجف,قطعة,قطعة,أسود,1005,,4,نجف معلق بلون أسود، بتصميم عصري يناسب الصالات وغرف المعيشة والاستقبال، يدعم التحكم عن بُعد باستخدام الريموت، كما يدعم التحكم عبر تطبيق الهاتف المحمول لمزيد من سهولة الاستخدام. الرمز الداخلي للمنتج: HT-925-APP-BK.
نجف معلق أبيض - HT-925,HT-925-APP-WH,,نجف,قطعة,قطعة,أبيض,1005,,4,نجف معلق بلون أبيض، بتصميم عصري يناسب الصالات وغرف المعيشة والاستقبال، يدعم التحكم عن بُعد باستخدام الريموت، كما يدعم التحكم عبر تطبيق الهاتف المحمول لمزيد من سهولة الاستخدام. الرمز الداخلي للمنتج: HT-925-APP-WH.
نجف معلق ذهبي - HT-925,HT-925-APP-FGD,,نجف,قطعة,قطعة,ذهبي,1350,,4,نجف معلق بلون ذهبي، بتصميم عصري يناسب الصالات وغرف المعيشة والاستقبال، يدعم التحكم عن بُعد باستخدام الريموت، كما يدعم التحكم عبر تطبيق الهاتف المحمول لمزيد من سهولة الاستخدام. الرمز الداخلي للمنتج: HT-925-APP-FGD.
نجف معلق أسود - HT-926,HT-926-G23-APP-BK,,نجف,قطعة,قطعة,أسود,885,,4,نجف معلق بلون أسود، بتصميم عصري يناسب الصالات وغرف المعيشة والاستقبال، يدعم التحكم عن بُعد باستخدام الريموت، كما يدعم التحكم عبر تطبيق الهاتف المحمول لمزيد من سهولة الاستخدام. الرمز الداخلي للمنتج: HT-926-G23-APP-BK.
نجف معلق أسود - HT-927,HT-927-APP-Z028-BK,,نجف,قطعة,قطعة,أسود,,,4,نجف معلق بلون أسود، بتصميم عصري يناسب الصالات وغرف المعيشة والاستقبال، يدعم التحكم عن بُعد باستخدام الريموت، كما يدعم التحكم عبر تطبيق الهاتف المحمول لمزيد من سهولة الاستخدام. الرمز الداخلي للمنتج: HT-927-APP-Z028-BK.
نجف معلق أبيض - HT-927,HT-927-APP-Z028-WH,,نجف,قطعة,قطعة,أبيض,790,,4,نجف معلق بلون أبيض، بتصميم عصري يناسب الصالات وغرف المعيشة والاستقبال، يدعم التحكم عن بُعد باستخدام الريموت، كما يدعم التحكم عبر تطبيق الهاتف المحمول لمزيد من سهولة الاستخدام. الرمز الداخلي للمنتج: HT-927-APP-Z028-WH.
نجف معلق أسود - HT-927,HT-927-APP-Z048-BK,,نجف,قطعة,قطعة,أسود,,,4,نجف معلق بلون أسود، بتصميم عصري يناسب الصالات وغرف المعيشة والاستقبال، يدعم التحكم عن بُعد باستخدام الريموت، كما يدعم التحكم عبر تطبيق الهاتف المحمول لمزيد من سهولة الاستخدام. الرمز الداخلي للمنتج: HT-927-APP-Z048-BK.
نجف معلق شمبانيا - HT-927,HT-927-APP-Z012-CPG,,نجف,قطعة,قطعة,شمبانيا,995,,4,نجف معلق بلون شمبانيا، بتصميم عصري يناسب الصالات وغرف المعيشة والاستقبال، يدعم التحكم عن بُعد باستخدام الريموت، كما يدعم التحكم عبر تطبيق الهاتف المحمول لمزيد من سهولة الاستخدام. الرمز الداخلي للمنتج: HT-927-APP-Z012-CPG.
نجف معلق ذهبي - HT-927,HT-927-APP-Z012-FGD,,نجف,قطعة,قطعة,ذهبي,1115,,4,نجف معلق بلون ذهبي، بتصميم عصري يناسب الصالات وغرف المعيشة والاستقبال، يدعم التحكم عن بُعد باستخدام الريموت، كما يدعم التحكم عبر تطبيق الهاتف المحمول لمزيد من سهولة الاستخدام. الرمز الداخلي للمنتج: HT-927-APP-Z012-FGD.
نجف معلق أسود - HT-927,HT-927-APP-T28-BK,,نجف,قطعة,قطعة,أسود,,,4,نجف معلق بلون أسود، بتصميم عصري يناسب الصالات وغرف المعيشة والاستقبال، يدعم التحكم عن بُعد باستخدام الريموت، كما يدعم التحكم عبر تطبيق الهاتف المحمول لمزيد من سهولة الاستخدام. الرمز الداخلي للمنتج: HT-927-APP-T28-BK.
نجف معلق ذهبي - HT-930,HT-930-APP-Z019-FGD,,نجف,قطعة,قطعة,ذهبي,1080,,4,نجف معلق بلون ذهبي، بتصميم عصري يناسب الصالات وغرف المعيشة والاستقبال، يدعم التحكم عن بُعد باستخدام الريموت، كما يدعم التحكم عبر تطبيق الهاتف المحمول لمزيد من سهولة الاستخدام. الرمز الداخلي للمنتج: HT-930-APP-Z019-FGD.
نجف معلق أسود - HT-931,HT-931-APP-Z-020-BK,,نجف,قطعة,قطعة,أسود,975,,4,نجف معلق بلون أسود، بتصميم عصري يناسب الصالات وغرف المعيشة والاستقبال، يدعم التحكم عن بُعد باستخدام الريموت، كما يدعم التحكم عبر تطبيق الهاتف المحمول لمزيد من سهولة الاستخدام. الرمز الداخلي للمنتج: HT-931-APP-Z-020-BK.
نجف معلق ذهبي - HT-931,HT-931-APP-Z020-FGD,,نجف,قطعة,قطعة,ذهبي,,,4,نجف معلق بلون ذهبي، بتصميم عصري يناسب الصالات وغرف المعيشة والاستقبال، يدعم التحكم عن بُعد باستخدام الريموت، كما يدعم التحكم عبر تطبيق الهاتف المحمول لمزيد من سهولة الاستخدام. الرمز الداخلي للمنتج: HT-931-APP-Z020-FGD.
نجف معلق ذهبي - HT-931,HT-931-APP-Z012-FGD,,نجف,قطعة,قطعة,ذهبي,1165,,4,نجف معلق بلون ذهبي، بتصميم عصري يناسب الصالات وغرف المعيشة والاستقبال، يدعم التحكم عن بُعد باستخدام الريموت، كما يدعم التحكم عبر تطبيق الهاتف المحمول لمزيد من سهولة الاستخدام. الرمز الداخلي للمنتج: HT-931-APP-Z012-FGD.
نجف معلق أسود - HT-931,HT-931-APP-Z021-BK,,نجف,قطعة,قطعة,أسود,975,,4,نجف معلق بلون أسود، بتصميم عصري يناسب الصالات وغرف المعيشة والاستقبال، يدعم التحكم عن بُعد باستخدام الريموت، كما يدعم التحكم عبر تطبيق الهاتف المحمول لمزيد من سهولة الاستخدام. الرمز الداخلي للمنتج: HT-931-APP-Z021-BK.
نجف معلق أبيض - HT-931,HT-931-APP-Z021-WH,,نجف,قطعة,قطعة,أبيض,975,,4,نجف معلق بلون أبيض، بتصميم عصري يناسب الصالات وغرف المعيشة والاستقبال، يدعم التحكم عن بُعد باستخدام الريموت، كما يدعم التحكم عبر تطبيق الهاتف المحمول لمزيد من سهولة الاستخدام. الرمز الداخلي للمنتج: HT-931-APP-Z021-WH.
نجف معلق ذهبي - HT-931,HT-931-APP-Z021-FGD,,نجف,قطعة,قطعة,ذهبي,1165,,4,نجف معلق بلون ذهبي، بتصميم عصري يناسب الصالات وغرف المعيشة والاستقبال، يدعم التحكم عن بُعد باستخدام الريموت، كما يدعم التحكم عبر تطبيق الهاتف المحمول لمزيد من سهولة الاستخدام. الرمز الداخلي للمنتج: HT-931-APP-Z021-FGD.
نجف معلق ذهبي - HT-931,HT-931-APP-Z019-FGD,,نجف,قطعة,قطعة,ذهبي,,,4,نجف معلق بلون ذهبي، بتصميم عصري يناسب الصالات وغرف المعيشة والاستقبال، يدعم التحكم عن بُعد باستخدام الريموت، كما يدعم التحكم عبر تطبيق الهاتف المحمول لمزيد من سهولة الاستخدام. الرمز الداخلي للمنتج: HT-931-APP-Z019-FGD.
نجف معلق ذهبي - HT-933,HT-933-APP-FGD,,نجف,قطعة,قطعة,ذهبي,2150,,4,نجف معلق بلون ذهبي، بتصميم عصري يناسب الصالات وغرف المعيشة والاستقبال، يدعم التحكم عن بُعد باستخدام الريموت، كما يدعم التحكم عبر تطبيق الهاتف المحمول لمزيد من سهولة الاستخدام. الرمز الداخلي للمنتج: HT-933-APP-FGD.
نجف معلق أسود - HT-936,HT-936-G40-APP-BK,,نجف,قطعة,قطعة,أسود,610,,4,نجف معلق بلون أسود، بتصميم عصري يناسب الصالات وغرف المعيشة والاستقبال، يدعم التحكم عن بُعد باستخدام الريموت، كما يدعم التحكم عبر تطبيق الهاتف المحمول لمزيد من سهولة الاستخدام. الرمز الداخلي للمنتج: HT-936-G40-APP-BK.
نجف معلق ذهبي - HT-939,HT-939-FGD,,نجف,قطعة,قطعة,ذهبي,690,,4,نجف معلق بلون ذهبي، بتصميم عصري يناسب الصالات وغرف المعيشة والاستقبال. الرمز الداخلي للمنتج: HT-939-FGD.
نجف معلق ذهبي - HT-939,HT-939-A-FGD,,نجف,قطعة,قطعة,ذهبي,665,,4,نجف معلق بلون ذهبي، بتصميم عصري يناسب الصالات وغرف المعيشة والاستقبال. الرمز الداخلي للمنتج: HT-939-A-FGD.
نجف معلق أسود - HT-940-G23,HT-940-G23-Z009-APP-BK,,نجف,قطعة,قطعة,أسود,750,,4,نجف معلق بلون أسود، بتصميم عصري يناسب الصالات وغرف المعيشة والاستقبال، يدعم التحكم عن بُعد باستخدام الريموت، كما يدعم التحكم عبر تطبيق الهاتف المحمول لمزيد من سهولة الاستخدام. الرمز الداخلي للمنتج: HT-940-G23-Z009-APP-BK.
نجف معلق أسود - HT-940-G23,HT-940-G23-Z055-APP-BK,,نجف,قطعة,قطعة,أسود,750,,4,نجف معلق بلون أسود، بتصميم عصري يناسب الصالات وغرف المعيشة والاستقبال، يدعم التحكم عن بُعد باستخدام الريموت، كما يدعم التحكم عبر تطبيق الهاتف المحمول لمزيد من سهولة الاستخدام. الرمز الداخلي للمنتج: HT-940-G23-Z055-APP-BK.
نجف معلق أسود - HT-941,HT-941-APP-Z015-BK,,نجف,قطعة,قطعة,أسود,750,,4,نجف معلق بلون أسود، بتصميم عصري يناسب الصالات وغرف المعيشة والاستقبال، يدعم التحكم عن بُعد باستخدام الريموت، كما يدعم التحكم عبر تطبيق الهاتف المحمول لمزيد من سهولة الاستخدام. الرمز الداخلي للمنتج: HT-941-APP-Z015-BK.
نجف معلق أسود - HT-942,HT-942-APP-Z013-BK,,نجف,قطعة,قطعة,أسود,765,,4,نجف معلق بلون أسود، بتصميم عصري يناسب الصالات وغرف المعيشة والاستقبال، يدعم التحكم عن بُعد باستخدام الريموت، كما يدعم التحكم عبر تطبيق الهاتف المحمول لمزيد من سهولة الاستخدام. الرمز الداخلي للمنتج: HT-942-APP-Z013-BK.
نجف معلق - HT-942,HT-942-APP-Z013-CF,,نجف,قطعة,قطعة,,765,,4,نجف معلق، بتصميم عصري يناسب الصالات وغرف المعيشة والاستقبال، يدعم التحكم عن بُعد باستخدام الريموت، كما يدعم التحكم عبر تطبيق الهاتف المحمول لمزيد من سهولة الاستخدام. الرمز الداخلي للمنتج: HT-942-APP-Z013-CF.
نجف معلق شمبانيا - HT-942,HT-942-APP-Z013-CPG,,نجف,قطعة,قطعة,شمبانيا,800,,4,نجف معلق بلون شمبانيا، بتصميم عصري يناسب الصالات وغرف المعيشة والاستقبال، يدعم التحكم عن بُعد باستخدام الريموت، كما يدعم التحكم عبر تطبيق الهاتف المحمول لمزيد من سهولة الاستخدام. الرمز الداخلي للمنتج: HT-942-APP-Z013-CPG.
نجف معلق أبيض - HT-942,HT-942-APP-Z013-WH,,نجف,قطعة,قطعة,أبيض,765,,4,نجف معلق بلون أبيض، بتصميم عصري يناسب الصالات وغرف المعيشة والاستقبال، يدعم التحكم عن بُعد باستخدام الريموت، كما يدعم التحكم عبر تطبيق الهاتف المحمول لمزيد من سهولة الاستخدام. الرمز الداخلي للمنتج: HT-942-APP-Z013-WH.
نجف معلق أسود - HT-942,HT-942-APP-Z015-BK,,نجف,قطعة,قطعة,أسود,720,,4,نجف معلق بلون أسود، بتصميم عصري يناسب الصالات وغرف المعيشة والاستقبال، يدعم التحكم عن بُعد باستخدام الريموت، كما يدعم التحكم عبر تطبيق الهاتف المحمول لمزيد من سهولة الاستخدام. الرمز الداخلي للمنتج: HT-942-APP-Z015-BK.
نجف معلق شمبانيا - HT-946,HT-946-APP-CPG,,نجف,قطعة,قطعة,شمبانيا,810,,4,نجف معلق بلون شمبانيا، بتصميم عصري يناسب الصالات وغرف المعيشة والاستقبال، يدعم التحكم عن بُعد باستخدام الريموت، كما يدعم التحكم عبر تطبيق الهاتف المحمول لمزيد من سهولة الاستخدام. الرمز الداخلي للمنتج: HT-946-APP-CPG.
نجف معلق ذهبي - HT-947,HT-947-APP-FGD,,نجف,قطعة,قطعة,ذهبي,1205,,4,نجف معلق بلون ذهبي، بتصميم عصري يناسب الصالات وغرف المعيشة والاستقبال، يدعم التحكم عن بُعد باستخدام الريموت، كما يدعم التحكم عبر تطبيق الهاتف المحمول لمزيد من سهولة الاستخدام. الرمز الداخلي للمنتج: HT-947-APP-FGD.
نجف معلق ذهبي - HT-947,HT-947-A-APP-FGD,,نجف,قطعة,قطعة,ذهبي,1180,,4,نجف معلق بلون ذهبي، بتصميم عصري يناسب الصالات وغرف المعيشة والاستقبال، يدعم التحكم عن بُعد باستخدام الريموت، كما يدعم التحكم عبر تطبيق الهاتف المحمول لمزيد من سهولة الاستخدام. الرمز الداخلي للمنتج: HT-947-A-APP-FGD.
نجف معلق أسود - HT-947,HT-947-A-APP-BK,,نجف,قطعة,قطعة,أسود,950,,4,نجف معلق بلون أسود، بتصميم عصري يناسب الصالات وغرف المعيشة والاستقبال، يدعم التحكم عن بُعد باستخدام الريموت، كما يدعم التحكم عبر تطبيق الهاتف المحمول لمزيد من سهولة الاستخدام. الرمز الداخلي للمنتج: HT-947-A-APP-BK.
نجف معلق شمبانيا - HT-947,HT-947-A-APP-CPG,,نجف,قطعة,قطعة,شمبانيا,1020,,4,نجف معلق بلون شمبانيا، بتصميم عصري يناسب الصالات وغرف المعيشة والاستقبال، يدعم التحكم عن بُعد باستخدام الريموت، كما يدعم التحكم عبر تطبيق الهاتف المحمول لمزيد من سهولة الاستخدام. الرمز الداخلي للمنتج: HT-947-A-APP-CPG.
نجف معلق ذهبي - HT-949-G40,HT-949-G40-APP-FGD,,نجف,قطعة,قطعة,ذهبي,650,,4,نجف معلق بلون ذهبي، بتصميم عصري يناسب الصالات وغرف المعيشة والاستقبال، يدعم التحكم عن بُعد باستخدام الريموت، كما يدعم التحكم عبر تطبيق الهاتف المحمول لمزيد من سهولة الاستخدام. الرمز الداخلي للمنتج: HT-949-G40-APP-FGD.
نجف معلق شمبانيا - HT-952,HT-952-A-APP-CPG,,نجف,قطعة,قطعة,شمبانيا,900,,4,نجف معلق بلون شمبانيا، بتصميم عصري يناسب الصالات وغرف المعيشة والاستقبال، يدعم التحكم عن بُعد باستخدام الريموت، كما يدعم التحكم عبر تطبيق الهاتف المحمول لمزيد من سهولة الاستخدام. الرمز الداخلي للمنتج: HT-952-A-APP-CPG.
نجف معلق أسود - HT-952,HT-952-A-APP-BK,,نجف,قطعة,قطعة,أسود,850,,4,نجف معلق بلون أسود، بتصميم عصري يناسب الصالات وغرف المعيشة والاستقبال، يدعم التحكم عن بُعد باستخدام الريموت، كما يدعم التحكم عبر تطبيق الهاتف المحمول لمزيد من سهولة الاستخدام. الرمز الداخلي للمنتج: HT-952-A-APP-BK.
نجف معلق ذهبي - HT-952,HT-952-A-APP-FGD,,نجف,قطعة,قطعة,ذهبي,1030,,4,نجف معلق بلون ذهبي، بتصميم عصري يناسب الصالات وغرف المعيشة والاستقبال، يدعم التحكم عن بُعد باستخدام الريموت، كما يدعم التحكم عبر تطبيق الهاتف المحمول لمزيد من سهولة الاستخدام. الرمز الداخلي للمنتج: HT-952-A-APP-FGD.
نجف معلق شمبانيا - HT-954,HT-954-A-APP-CPG,,نجف,قطعة,قطعة,شمبانيا,920,,4,نجف معلق بلون شمبانيا، بتصميم عصري يناسب الصالات وغرف المعيشة والاستقبال، يدعم التحكم عن بُعد باستخدام الريموت، كما يدعم التحكم عبر تطبيق الهاتف المحمول لمزيد من سهولة الاستخدام. الرمز الداخلي للمنتج: HT-954-A-APP-CPG.
نجف معلق ذهبي - HT-954,HT-954-A-APP-FGD,,نجف,قطعة,قطعة,ذهبي,1005,,4,نجف معلق بلون ذهبي، بتصميم عصري يناسب الصالات وغرف المعيشة والاستقبال، يدعم التحكم عن بُعد باستخدام الريموت، كما يدعم التحكم عبر تطبيق الهاتف المحمول لمزيد من سهولة الاستخدام. الرمز الداخلي للمنتج: HT-954-A-APP-FGD.
نجف معلق أسود - HT-954,HT-954-A-APP-BK,,نجف,قطعة,قطعة,أسود,850,,4,نجف معلق بلون أسود، بتصميم عصري يناسب الصالات وغرف المعيشة والاستقبال، يدعم التحكم عن بُعد باستخدام الريموت، كما يدعم التحكم عبر تطبيق الهاتف المحمول لمزيد من سهولة الاستخدام. الرمز الداخلي للمنتج: HT-954-A-APP-BK.
نجف معلق أسود - HT-955,HT-955-A-APP-BK,,نجف,قطعة,قطعة,أسود,825,,4,نجف معلق بلون أسود، بتصميم عصري يناسب الصالات وغرف المعيشة والاستقبال، يدعم التحكم عن بُعد باستخدام الريموت، كما يدعم التحكم عبر تطبيق الهاتف المحمول لمزيد من سهولة الاستخدام. الرمز الداخلي للمنتج: HT-955-A-APP-BK.
نجف معلق ذهبي - HT-955,HT-955-A-APP-FGD,,نجف,قطعة,قطعة,ذهبي,1005,,4,نجف معلق بلون ذهبي، بتصميم عصري يناسب الصالات وغرف المعيشة والاستقبال، يدعم التحكم عن بُعد باستخدام الريموت، كما يدعم التحكم عبر تطبيق الهاتف المحمول لمزيد من سهولة الاستخدام. الرمز الداخلي للمنتج: HT-955-A-APP-FGD.
نجف معلق شمبانيا - HT-955,HT-955-APP-CPG,,نجف,قطعة,قطعة,شمبانيا,900,,4,نجف معلق بلون شمبانيا، بتصميم عصري يناسب الصالات وغرف المعيشة والاستقبال، يدعم التحكم عن بُعد باستخدام الريموت، كما يدعم التحكم عبر تطبيق الهاتف المحمول لمزيد من سهولة الاستخدام. الرمز الداخلي للمنتج: HT-955-APP-CPG.
نجف معلق أسود - HT-955,HT-955-APP-BK,,نجف,قطعة,قطعة,أسود,850,,4,نجف معلق بلون أسود، بتصميم عصري يناسب الصالات وغرف المعيشة والاستقبال، يدعم التحكم عن بُعد باستخدام الريموت، كما يدعم التحكم عبر تطبيق الهاتف المحمول لمزيد من سهولة الاستخدام. الرمز الداخلي للمنتج: HT-955-APP-BK.
نجف معلق ذهبي - HT-955,HT-955-APP-FGD,,نجف,قطعة,قطعة,ذهبي,1030,,4,نجف معلق بلون ذهبي، بتصميم عصري يناسب الصالات وغرف المعيشة والاستقبال، يدعم التحكم عن بُعد باستخدام الريموت، كما يدعم التحكم عبر تطبيق الهاتف المحمول لمزيد من سهولة الاستخدام. الرمز الداخلي للمنتج: HT-955-APP-FGD.
نجف معلق أسود - HT-956,HT-956-APP-BK,,نجف,قطعة,قطعة,أسود,1155,,4,نجف معلق بلون أسود، بتصميم عصري يناسب الصالات وغرف المعيشة والاستقبال، يدعم التحكم عن بُعد باستخدام الريموت، كما يدعم التحكم عبر تطبيق الهاتف المحمول لمزيد من سهولة الاستخدام. الرمز الداخلي للمنتج: HT-956-APP-BK.
نجف معلق أسود - HT-960,HT-960-APP-BK,,نجف,قطعة,قطعة,أسود,1005,,4,نجف معلق بلون أسود، بتصميم عصري يناسب الصالات وغرف المعيشة والاستقبال، يدعم التحكم عن بُعد باستخدام الريموت، كما يدعم التحكم عبر تطبيق الهاتف المحمول لمزيد من سهولة الاستخدام. الرمز الداخلي للمنتج: HT-960-APP-BK.
نجف معلق شمبانيا - HT-960,HT-960-APP-CPG,,نجف,قطعة,قطعة,شمبانيا,1100,,4,نجف معلق بلون شمبانيا، بتصميم عصري يناسب الصالات وغرف المعيشة والاستقبال، يدعم التحكم عن بُعد باستخدام الريموت، كما يدعم التحكم عبر تطبيق الهاتف المحمول لمزيد من سهولة الاستخدام. الرمز الداخلي للمنتج: HT-960-APP-CPG.
نجف معلق ذهبي - HT-960,HT-960-APP-FGD,,نجف,قطعة,قطعة,ذهبي,1280,,4,نجف معلق بلون ذهبي، بتصميم عصري يناسب الصالات وغرف المعيشة والاستقبال، يدعم التحكم عن بُعد باستخدام الريموت، كما يدعم التحكم عبر تطبيق الهاتف المحمول لمزيد من سهولة الاستخدام. الرمز الداخلي للمنتج: HT-960-APP-FGD.
نجف معلق ذهبي - HT-963,HT-963-APP-FGD,,نجف,قطعة,قطعة,ذهبي,910,,4,نجف معلق بلون ذهبي، بتصميم عصري يناسب الصالات وغرف المعيشة والاستقبال، يدعم التحكم عن بُعد باستخدام الريموت، كما يدعم التحكم عبر تطبيق الهاتف المحمول لمزيد من سهولة الاستخدام. الرمز الداخلي للمنتج: HT-963-APP-FGD.
نجف معلق شمبانيا - HT-963,HT-963-APP-CPG,,نجف,قطعة,قطعة,شمبانيا,790,,4,نجف معلق بلون شمبانيا، بتصميم عصري يناسب الصالات وغرف المعيشة والاستقبال، يدعم التحكم عن بُعد باستخدام الريموت، كما يدعم التحكم عبر تطبيق الهاتف المحمول لمزيد من سهولة الاستخدام. الرمز الداخلي للمنتج: HT-963-APP-CPG.
نجف معلق أسود - HT-963,HT-963-APP-BK,,نجف,قطعة,قطعة,أسود,750,,4,نجف معلق بلون أسود، بتصميم عصري يناسب الصالات وغرف المعيشة والاستقبال، يدعم التحكم عن بُعد باستخدام الريموت، كما يدعم التحكم عبر تطبيق الهاتف المحمول لمزيد من سهولة الاستخدام. الرمز الداخلي للمنتج: HT-963-APP-BK.
نجف معلق أسود - HT-968,HT-968-APP-BK,,نجف,قطعة,قطعة,أسود,790,,4,نجف معلق بلون أسود، بتصميم عصري يناسب الصالات وغرف المعيشة والاستقبال، يدعم التحكم عن بُعد باستخدام الريموت، كما يدعم التحكم عبر تطبيق الهاتف المحمول لمزيد من سهولة الاستخدام. الرمز الداخلي للمنتج: HT-968-APP-BK.
نجف معلق أسود - HT-969,HT-969-APP-BK,,نجف,قطعة,قطعة,أسود,810,,4,نجف معلق بلون أسود، بتصميم عصري يناسب الصالات وغرف المعيشة والاستقبال، يدعم التحكم عن بُعد باستخدام الريموت، كما يدعم التحكم عبر تطبيق الهاتف المحمول لمزيد من سهولة الاستخدام. الرمز الداخلي للمنتج: HT-969-APP-BK.
نجف معلق أسود - HT-971,HT-971-APP-BK,,نجف,قطعة,قطعة,أسود,790,,4,نجف معلق بلون أسود، بتصميم عصري يناسب الصالات وغرف المعيشة والاستقبال، يدعم التحكم عن بُعد باستخدام الريموت، كما يدعم التحكم عبر تطبيق الهاتف المحمول لمزيد من سهولة الاستخدام. الرمز الداخلي للمنتج: HT-971-APP-BK.
نجف معلق شمبانيا - HT-972,HT-972-A-APP-CPG,,نجف,قطعة,قطعة,شمبانيا,1240,,4,نجف معلق بلون شمبانيا، بتصميم عصري يناسب الصالات وغرف المعيشة والاستقبال، يدعم التحكم عن بُعد باستخدام الريموت، كما يدعم التحكم عبر تطبيق الهاتف المحمول لمزيد من سهولة الاستخدام. الرمز الداخلي للمنتج: HT-972-A-APP-CPG.
نجف معلق أسود - HT-974,HT-974-A-APP-BK,,نجف,قطعة,قطعة,أسود,1455,,4,نجف معلق بلون أسود، بتصميم عصري يناسب الصالات وغرف المعيشة والاستقبال، يدعم التحكم عن بُعد باستخدام الريموت، كما يدعم التحكم عبر تطبيق الهاتف المحمول لمزيد من سهولة الاستخدام. الرمز الداخلي للمنتج: HT-974-A-APP-BK.
نجف معلق أسود - HT-975,HT-975-APP-BK,,نجف,قطعة,قطعة,أسود,1290,,4,نجف معلق بلون أسود، بتصميم عصري يناسب الصالات وغرف المعيشة والاستقبال، يدعم التحكم عن بُعد باستخدام الريموت، كما يدعم التحكم عبر تطبيق الهاتف المحمول لمزيد من سهولة الاستخدام. الرمز الداخلي للمنتج: HT-975-APP-BK.
نجف معلق أسود - HT-980,HT-980-APP-BK,,نجف,قطعة,قطعة,أسود,1180,,4,نجف معلق بلون أسود، بتصميم عصري يناسب الصالات وغرف المعيشة والاستقبال، يدعم التحكم عن بُعد باستخدام الريموت، كما يدعم التحكم عبر تطبيق الهاتف المحمول لمزيد من سهولة الاستخدام. الرمز الداخلي للمنتج: HT-980-APP-BK.
نجف معلق شمبانيا - HT-980,HT-980-APP-CPG,,نجف,قطعة,قطعة,شمبانيا,1260,,4,نجف معلق بلون شمبانيا، بتصميم عصري يناسب الصالات وغرف المعيشة والاستقبال، يدعم التحكم عن بُعد باستخدام الريموت، كما يدعم التحكم عبر تطبيق الهاتف المحمول لمزيد من سهولة الاستخدام. الرمز الداخلي للمنتج: HT-980-APP-CPG.
نجف معلق ذهبي - HT-980,HT-980-APP-FGD,,نجف,قطعة,قطعة,ذهبي,1390,,4,نجف معلق بلون ذهبي، بتصميم عصري يناسب الصالات وغرف المعيشة والاستقبال، يدعم التحكم عن بُعد باستخدام الريموت، كما يدعم التحكم عبر تطبيق الهاتف المحمول لمزيد من سهولة الاستخدام. الرمز الداخلي للمنتج: HT-980-APP-FGD.
نجف معلق أسود - HT-981,HT-981-APP-Z052-BK,,نجف,قطعة,قطعة,أسود,930,,4,نجف معلق بلون أسود، بتصميم عصري يناسب الصالات وغرف المعيشة والاستقبال، يدعم التحكم عن بُعد باستخدام الريموت، كما يدعم التحكم عبر تطبيق الهاتف المحمول لمزيد من سهولة الاستخدام. الرمز الداخلي للمنتج: HT-981-APP-Z052-BK.
نجف معلق أسود - HT-981,HT-981-APP-EZ022-BK,,نجف,قطعة,قطعة,أسود,960,,4,نجف معلق بلون أسود، بتصميم عصري يناسب الصالات وغرف المعيشة والاستقبال، يدعم التحكم عن بُعد باستخدام الريموت، كما يدعم التحكم عبر تطبيق الهاتف المحمول لمزيد من سهولة الاستخدام. الرمز الداخلي للمنتج: HT-981-APP-EZ022-BK.
نجف معلق أسود - HT-981,HT-981-APP-DZ-7-BK,,نجف,قطعة,قطعة,أسود,960,,4,نجف معلق بلون أسود، بتصميم عصري يناسب الصالات وغرف المعيشة والاستقبال، يدعم التحكم عن بُعد باستخدام الريموت، كما يدعم التحكم عبر تطبيق الهاتف المحمول لمزيد من سهولة الاستخدام. الرمز الداخلي للمنتج: HT-981-APP-DZ-7-BK.
نجف معلق شمبانيا - HT-982,HT-982-APP-CPG,,نجف,قطعة,قطعة,شمبانيا,1060,,4,نجف معلق بلون شمبانيا، بتصميم عصري يناسب الصالات وغرف المعيشة والاستقبال، يدعم التحكم عن بُعد باستخدام الريموت، كما يدعم التحكم عبر تطبيق الهاتف المحمول لمزيد من سهولة الاستخدام. الرمز الداخلي للمنتج: HT-982-APP-CPG.
نجف معلق أسود - HT-982,HT-982-APP-BK,,نجف,قطعة,قطعة,أسود,1000,,4,نجف معلق بلون أسود، بتصميم عصري يناسب الصالات وغرف المعيشة والاستقبال، يدعم التحكم عن بُعد باستخدام الريموت، كما يدعم التحكم عبر تطبيق الهاتف المحمول لمزيد من سهولة الاستخدام. الرمز الداخلي للمنتج: HT-982-APP-BK.
نجف معلق شمبانيا - HT-983,HT-983-APP-CPG,,نجف,قطعة,قطعة,شمبانيا,790,,4,نجف معلق بلون شمبانيا، بتصميم عصري يناسب الصالات وغرف المعيشة والاستقبال، يدعم التحكم عن بُعد باستخدام الريموت، كما يدعم التحكم عبر تطبيق الهاتف المحمول لمزيد من سهولة الاستخدام. الرمز الداخلي للمنتج: HT-983-APP-CPG.
نجف معلق أسود - HT-983,HT-983-APP-BK,,نجف,قطعة,قطعة,أسود,750,,4,نجف معلق بلون أسود، بتصميم عصري يناسب الصالات وغرف المعيشة والاستقبال، يدعم التحكم عن بُعد باستخدام الريموت، كما يدعم التحكم عبر تطبيق الهاتف المحمول لمزيد من سهولة الاستخدام. الرمز الداخلي للمنتج: HT-983-APP-BK.
نجف معلق أسود - HT-984,HT-984-APP-Z012-BK,,نجف,قطعة,قطعة,أسود,,,4,نجف معلق بلون أسود، بتصميم عصري يناسب الصالات وغرف المعيشة والاستقبال، يدعم التحكم عن بُعد باستخدام الريموت، كما يدعم التحكم عبر تطبيق الهاتف المحمول لمزيد من سهولة الاستخدام. الرمز الداخلي للمنتج: HT-984-APP-Z012-BK.
نجف معلق أسود - HT-984,HT-984-APP-YZ009-BK,,نجف,قطعة,قطعة,أسود,950,,4,نجف معلق بلون أسود، بتصميم عصري يناسب الصالات وغرف المعيشة والاستقبال، يدعم التحكم عن بُعد باستخدام الريموت، كما يدعم التحكم عبر تطبيق الهاتف المحمول لمزيد من سهولة الاستخدام. الرمز الداخلي للمنتج: HT-984-APP-YZ009-BK.
نجف معلق أسود - HT-988,HT-988-Z057-APP-BK,,نجف,قطعة,قطعة,أسود,940,,4,نجف معلق بلون أسود، بتصميم عصري يناسب الصالات وغرف المعيشة والاستقبال، يدعم التحكم عن بُعد باستخدام الريموت، كما يدعم التحكم عبر تطبيق الهاتف المحمول لمزيد من سهولة الاستخدام. الرمز الداخلي للمنتج: HT-988-Z057-APP-BK.
نجف معلق ذهبي - HT-988,HT-988-EZ037-APP-FGD,,نجف,قطعة,قطعة,ذهبي,1010,,4,نجف معلق بلون ذهبي، بتصميم عصري يناسب الصالات وغرف المعيشة والاستقبال، يدعم التحكم عن بُعد باستخدام الريموت، كما يدعم التحكم عبر تطبيق الهاتف المحمول لمزيد من سهولة الاستخدام. الرمز الداخلي للمنتج: HT-988-EZ037-APP-FGD.
نجف معلق أسود - HT-988,HT-988-T37-APP-BK,,نجف,قطعة,قطعة,أسود,910,,4,نجف معلق بلون أسود، بتصميم عصري يناسب الصالات وغرف المعيشة والاستقبال، يدعم التحكم عن بُعد باستخدام الريموت، كما يدعم التحكم عبر تطبيق الهاتف المحمول لمزيد من سهولة الاستخدام. الرمز الداخلي للمنتج: HT-988-T37-APP-BK.
نجف معلق ذهبي - HT-988,HT-988-T37-APP-FGD,,نجف,قطعة,قطعة,ذهبي,1010,,4,نجف معلق بلون ذهبي، بتصميم عصري يناسب الصالات وغرف المعيشة والاستقبال، يدعم التحكم عن بُعد باستخدام الريموت، كما يدعم التحكم عبر تطبيق الهاتف المحمول لمزيد من سهولة الاستخدام. الرمز الداخلي للمنتج: HT-988-T37-APP-FGD.
نجف معلق ذهبي - HT-993,HT-993-600-APP-FGD,,نجف,قطعة,قطعة,ذهبي,3980,,4,نجف معلق بلون ذهبي، بتصميم عصري يناسب الصالات وغرف المعيشة والاستقبال، يدعم التحكم عن بُعد باستخدام الريموت، كما يدعم التحكم عبر تطبيق الهاتف المحمول لمزيد من سهولة الاستخدام. الرمز الداخلي للمنتج: HT-993-600-APP-FGD.
نجف معلق ذهبي - HT-994,HT-994-400-APP-FGD,,نجف,قطعة,قطعة,ذهبي,2550,,4,نجف معلق بلون ذهبي، بتصميم عصري يناسب الصالات وغرف المعيشة والاستقبال، يدعم التحكم عن بُعد باستخدام الريموت، كما يدعم التحكم عبر تطبيق الهاتف المحمول لمزيد من سهولة الاستخدام. الرمز الداخلي للمنتج: HT-994-400-APP-FGD.
نجف معلق ذهبي - HT-995,HT-995-350-APP-FGD,,نجف,قطعة,قطعة,ذهبي,2180,,4,نجف معلق بلون ذهبي، بتصميم عصري يناسب الصالات وغرف المعيشة والاستقبال، يدعم التحكم عن بُعد باستخدام الريموت، كما يدعم التحكم عبر تطبيق الهاتف المحمول لمزيد من سهولة الاستخدام. الرمز الداخلي للمنتج: HT-995-350-APP-FGD.
نجف معلق ذهبي - HT-996,HT-996-Z043-APP-FGD,,نجف,قطعة,قطعة,ذهبي,1235,,4,نجف معلق بلون ذهبي، بتصميم عصري يناسب الصالات وغرف المعيشة والاستقبال، يدعم التحكم عن بُعد باستخدام الريموت، كما يدعم التحكم عبر تطبيق الهاتف المحمول لمزيد من سهولة الاستخدام. الرمز الداخلي للمنتج: HT-996-Z043-APP-FGD.
نجف معلق شمبانيا - HT-1001,HT-1001-APP-Z026-CPG,,نجف,قطعة,قطعة,شمبانيا,1230,,4,نجف معلق بلون شمبانيا، بتصميم عصري يناسب الصالات وغرف المعيشة والاستقبال، يدعم التحكم عن بُعد باستخدام الريموت، كما يدعم التحكم عبر تطبيق الهاتف المحمول لمزيد من سهولة الاستخدام. الرمز الداخلي للمنتج: HT-1001-APP-Z026-CPG.
نجف معلق أسود - HT-1003,HT-1003-APP-BK,,نجف,قطعة,قطعة,أسود,550,,4,نجف معلق بلون أسود، بتصميم عصري يناسب الصالات وغرف المعيشة والاستقبال، يدعم التحكم عن بُعد باستخدام الريموت، كما يدعم التحكم عبر تطبيق الهاتف المحمول لمزيد من سهولة الاستخدام. الرمز الداخلي للمنتج: HT-1003-APP-BK.
نجف معلق ذهبي - HT-1003,HT-1003-APP-FGD,,نجف,قطعة,قطعة,ذهبي,625,,4,نجف معلق بلون ذهبي، بتصميم عصري يناسب الصالات وغرف المعيشة والاستقبال، يدعم التحكم عن بُعد باستخدام الريموت، كما يدعم التحكم عبر تطبيق الهاتف المحمول لمزيد من سهولة الاستخدام. الرمز الداخلي للمنتج: HT-1003-APP-FGD.
نجف معلق أسود - HT-1005,HT-1005-Z057-APP-BK,,نجف,قطعة,قطعة,أسود,645,,4,نجف معلق بلون أسود، بتصميم عصري يناسب الصالات وغرف المعيشة والاستقبال، يدعم التحكم عن بُعد باستخدام الريموت، كما يدعم التحكم عبر تطبيق الهاتف المحمول لمزيد من سهولة الاستخدام. الرمز الداخلي للمنتج: HT-1005-Z057-APP-BK.
نجف معلق ذهبي - HT-1005,HT-1005-Z057-APP-FGD,,نجف,قطعة,قطعة,ذهبي,740,,4,نجف معلق بلون ذهبي، بتصميم عصري يناسب الصالات وغرف المعيشة والاستقبال، يدعم التحكم عن بُعد باستخدام الريموت، كما يدعم التحكم عبر تطبيق الهاتف المحمول لمزيد من سهولة الاستخدام. الرمز الداخلي للمنتج: HT-1005-Z057-APP-FGD.
نجف معلق ذهبي - HT-1007,HT-1007-APP-FGD,,نجف,قطعة,قطعة,ذهبي,600,,4,نجف معلق بلون ذهبي، بتصميم عصري يناسب الصالات وغرف المعيشة والاستقبال، يدعم التحكم عن بُعد باستخدام الريموت، كما يدعم التحكم عبر تطبيق الهاتف المحمول لمزيد من سهولة الاستخدام. الرمز الداخلي للمنتج: HT-1007-APP-FGD.
نجف معلق أسود - HT-1007,HT-1007-APP-BK,,نجف,قطعة,قطعة,أسود,520,,4,نجف معلق بلون أسود، بتصميم عصري يناسب الصالات وغرف المعيشة والاستقبال، يدعم التحكم عن بُعد باستخدام الريموت، كما يدعم التحكم عبر تطبيق الهاتف المحمول لمزيد من سهولة الاستخدام. الرمز الداخلي للمنتج: HT-1007-APP-BK.
نجف معلق ذهبي - HT-1008,HT-1008-APP-FGD,,نجف,قطعة,قطعة,ذهبي,715,,4,نجف معلق بلون ذهبي، بتصميم عصري يناسب الصالات وغرف المعيشة والاستقبال، يدعم التحكم عن بُعد باستخدام الريموت، كما يدعم التحكم عبر تطبيق الهاتف المحمول لمزيد من سهولة الاستخدام. الرمز الداخلي للمنتج: HT-1008-APP-FGD.
نجف معلق أسود - HT-1008,HT-1008-APP-BK,,نجف,قطعة,قطعة,أسود,600,,4,نجف معلق بلون أسود، بتصميم عصري يناسب الصالات وغرف المعيشة والاستقبال، يدعم التحكم عن بُعد باستخدام الريموت، كما يدعم التحكم عبر تطبيق الهاتف المحمول لمزيد من سهولة الاستخدام. الرمز الداخلي للمنتج: HT-1008-APP-BK.
نجف معلق ذهبي - HT-1009,HT-1009-APP-FGD,,نجف,قطعة,قطعة,ذهبي,750,,4,نجف معلق بلون ذهبي، بتصميم عصري يناسب الصالات وغرف المعيشة والاستقبال، يدعم التحكم عن بُعد باستخدام الريموت، كما يدعم التحكم عبر تطبيق الهاتف المحمول لمزيد من سهولة الاستخدام. الرمز الداخلي للمنتج: HT-1009-APP-FGD.
نجف معلق أسود - HT-1010,HT-1010-Z029-APP-BK,,نجف,قطعة,قطعة,أسود,540,,4,نجف معلق بلون أسود، بتصميم عصري يناسب الصالات وغرف المعيشة والاستقبال، يدعم التحكم عن بُعد باستخدام الريموت، كما يدعم التحكم عبر تطبيق الهاتف المحمول لمزيد من سهولة الاستخدام. الرمز الداخلي للمنتج: HT-1010-Z029-APP-BK.
نجف معلق ذهبي - HT-1010,HT-1010-Z029-APP-FGD,,نجف,قطعة,قطعة,ذهبي,605,,4,نجف معلق بلون ذهبي، بتصميم عصري يناسب الصالات وغرف المعيشة والاستقبال، يدعم التحكم عن بُعد باستخدام الريموت، كما يدعم التحكم عبر تطبيق الهاتف المحمول لمزيد من سهولة الاستخدام. الرمز الداخلي للمنتج: HT-1010-Z029-APP-FGD.
نجف معلق ذهبي - HT-1011,HT-1011-Z029-APP-FGD,,نجف,قطعة,قطعة,ذهبي,655,,4,نجف معلق بلون ذهبي، بتصميم عصري يناسب الصالات وغرف المعيشة والاستقبال، يدعم التحكم عن بُعد باستخدام الريموت، كما يدعم التحكم عبر تطبيق الهاتف المحمول لمزيد من سهولة الاستخدام. الرمز الداخلي للمنتج: HT-1011-Z029-APP-FGD.
نجف معلق أسود - HT-1011,HT-1011-Z029-APP-BK,,نجف,قطعة,قطعة,أسود,570,,4,نجف معلق بلون أسود، بتصميم عصري يناسب الصالات وغرف المعيشة والاستقبال، يدعم التحكم عن بُعد باستخدام الريموت، كما يدعم التحكم عبر تطبيق الهاتف المحمول لمزيد من سهولة الاستخدام. الرمز الداخلي للمنتج: HT-1011-Z029-APP-BK.
نجف معلق أسود - HT-1012,HT-1012-Z029-APP-BK,,نجف,قطعة,قطعة,أسود,605,,4,نجف معلق بلون أسود، بتصميم عصري يناسب الصالات وغرف المعيشة والاستقبال، يدعم التحكم عن بُعد باستخدام الريموت، كما يدعم التحكم عبر تطبيق الهاتف المحمول لمزيد من سهولة الاستخدام. الرمز الداخلي للمنتج: HT-1012-Z029-APP-BK.
نجف معلق ذهبي - HT-1012,HT-1012-Z029-APP-FGD,,نجف,قطعة,قطعة,ذهبي,715,,4,نجف معلق بلون ذهبي، بتصميم عصري يناسب الصالات وغرف المعيشة والاستقبال، يدعم التحكم عن بُعد باستخدام الريموت، كما يدعم التحكم عبر تطبيق الهاتف المحمول لمزيد من سهولة الاستخدام. الرمز الداخلي للمنتج: HT-1012-Z029-APP-FGD.
نجف معلق أسود - HT-1013,HT-1013-Z036-APP-BK,,نجف,قطعة,قطعة,أسود,550,,4,نجف معلق بلون أسود، بتصميم عصري يناسب الصالات وغرف المعيشة والاستقبال، يدعم التحكم عن بُعد باستخدام الريموت، كما يدعم التحكم عبر تطبيق الهاتف المحمول لمزيد من سهولة الاستخدام. الرمز الداخلي للمنتج: HT-1013-Z036-APP-BK.
نجف معلق ذهبي - HT-1013,HT-1013-Z036-APP-FGD,,نجف,قطعة,قطعة,ذهبي,635,,4,نجف معلق بلون ذهبي، بتصميم عصري يناسب الصالات وغرف المعيشة والاستقبال، يدعم التحكم عن بُعد باستخدام الريموت، كما يدعم التحكم عبر تطبيق الهاتف المحمول لمزيد من سهولة الاستخدام. الرمز الداخلي للمنتج: HT-1013-Z036-APP-FGD.
نجف معلق ذهبي - HT-1015,HT-1015-Z036-APP-FGD,,نجف,قطعة,قطعة,ذهبي,780,,4,نجف معلق بلون ذهبي، بتصميم عصري يناسب الصالات وغرف المعيشة والاستقبال، يدعم التحكم عن بُعد باستخدام الريموت، كما يدعم التحكم عبر تطبيق الهاتف المحمول لمزيد من سهولة الاستخدام. الرمز الداخلي للمنتج: HT-1015-Z036-APP-FGD.
نجف معلق أسود - HT-1015,HT-1015-Z036-APP-BK,,نجف,قطعة,قطعة,أسود,635,,4,نجف معلق بلون أسود، بتصميم عصري يناسب الصالات وغرف المعيشة والاستقبال، يدعم التحكم عن بُعد باستخدام الريموت، كما يدعم التحكم عبر تطبيق الهاتف المحمول لمزيد من سهولة الاستخدام. الرمز الداخلي للمنتج: HT-1015-Z036-APP-BK.
نجف معلق أسود - HT-1016,HT-1016-APP-BK,,نجف,قطعة,قطعة,أسود,550,,4,نجف معلق بلون أسود، بتصميم عصري يناسب الصالات وغرف المعيشة والاستقبال، يدعم التحكم عن بُعد باستخدام الريموت، كما يدعم التحكم عبر تطبيق الهاتف المحمول لمزيد من سهولة الاستخدام. الرمز الداخلي للمنتج: HT-1016-APP-BK.
نجف معلق ذهبي - HT-1016,HT-1016-APP-FGD,,نجف,قطعة,قطعة,ذهبي,625,,4,نجف معلق بلون ذهبي، بتصميم عصري يناسب الصالات وغرف المعيشة والاستقبال، يدعم التحكم عن بُعد باستخدام الريموت، كما يدعم التحكم عبر تطبيق الهاتف المحمول لمزيد من سهولة الاستخدام. الرمز الداخلي للمنتج: HT-1016-APP-FGD.
نجف معلق ذهبي - HT-1017,HT-1017-APP-FGD,,نجف,قطعة,قطعة,ذهبي,980,,4,نجف معلق بلون ذهبي، بتصميم عصري يناسب الصالات وغرف المعيشة والاستقبال، يدعم التحكم عن بُعد باستخدام الريموت، كما يدعم التحكم عبر تطبيق الهاتف المحمول لمزيد من سهولة الاستخدام. الرمز الداخلي للمنتج: HT-1017-APP-FGD.
نجف معلق ذهبي - HT-1021,HT-1021-APP-FGD,,نجف,قطعة,قطعة,ذهبي,2980,,4,نجف معلق بلون ذهبي، بتصميم عصري يناسب الصالات وغرف المعيشة والاستقبال، يدعم التحكم عن بُعد باستخدام الريموت، كما يدعم التحكم عبر تطبيق الهاتف المحمول لمزيد من سهولة الاستخدام. الرمز الداخلي للمنتج: HT-1021-APP-FGD.
نجف معلق ذهبي - HT1022,HT1022-APP-FGD,,نجف,قطعة,قطعة,ذهبي,2195,,4,نجف معلق بلون ذهبي، بتصميم عصري يناسب الصالات وغرف المعيشة والاستقبال، يدعم التحكم عن بُعد باستخدام الريموت، كما يدعم التحكم عبر تطبيق الهاتف المحمول لمزيد من سهولة الاستخدام. الرمز الداخلي للمنتج: HT1022-APP-FGD.
نجف معلق ذهبي - HT1023,HT1023-80-APP-FGD,,نجف,قطعة,قطعة,ذهبي,3485,,4,نجف معلق بلون ذهبي، بتصميم عصري يناسب الصالات وغرف المعيشة والاستقبال، يدعم التحكم عن بُعد باستخدام الريموت، كما يدعم التحكم عبر تطبيق الهاتف المحمول لمزيد من سهولة الاستخدام. الرمز الداخلي للمنتج: HT1023-80-APP-FGD.
نجف معلق ذهبي - HT1026,HT1026-100-APP-FGD,,نجف,قطعة,قطعة,ذهبي,4350,,4,نجف معلق بلون ذهبي، بتصميم عصري يناسب الصالات وغرف المعيشة والاستقبال، يدعم التحكم عن بُعد باستخدام الريموت، كما يدعم التحكم عبر تطبيق الهاتف المحمول لمزيد من سهولة الاستخدام. الرمز الداخلي للمنتج: HT1026-100-APP-FGD.
نجف معلق أسود - HT-1027,HT-1027-A-APP-BK,,نجف,قطعة,قطعة,أسود,570,,4,نجف معلق بلون أسود، بتصميم عصري يناسب الصالات وغرف المعيشة والاستقبال، يدعم التحكم عن بُعد باستخدام الريموت، كما يدعم التحكم عبر تطبيق الهاتف المحمول لمزيد من سهولة الاستخدام. الرمز الداخلي للمنتج: HT-1027-A-APP-BK.
نجف معلق ذهبي - HT-1027,HT-1027-A-APP-FGD,,نجف,قطعة,قطعة,ذهبي,655,,4,نجف معلق بلون ذهبي، بتصميم عصري يناسب الصالات وغرف المعيشة والاستقبال، يدعم التحكم عن بُعد باستخدام الريموت، كما يدعم التحكم عبر تطبيق الهاتف المحمول لمزيد من سهولة الاستخدام. الرمز الداخلي للمنتج: HT-1027-A-APP-FGD.
نجف معلق ذهبي - HT-1035,HT-1035-APP-FGD,,نجف,قطعة,قطعة,ذهبي,1030,,4,نجف معلق بلون ذهبي، بتصميم عصري يناسب الصالات وغرف المعيشة والاستقبال، يدعم التحكم عن بُعد باستخدام الريموت، كما يدعم التحكم عبر تطبيق الهاتف المحمول لمزيد من سهولة الاستخدام. الرمز الداخلي للمنتج: HT-1035-APP-FGD.
نجف معلق ذهبي - HT-1036,HT-1036-APP-FGD,,نجف,قطعة,قطعة,ذهبي,1550,,4,نجف معلق بلون ذهبي، بتصميم عصري يناسب الصالات وغرف المعيشة والاستقبال، يدعم التحكم عن بُعد باستخدام الريموت، كما يدعم التحكم عبر تطبيق الهاتف المحمول لمزيد من سهولة الاستخدام. الرمز الداخلي للمنتج: HT-1036-APP-FGD.
نجف معلق ذهبي - HT-1037,HT-1037-APP-FGD,,نجف,قطعة,قطعة,ذهبي,3740,,4,نجف معلق بلون ذهبي، بتصميم عصري يناسب الصالات وغرف المعيشة والاستقبال، يدعم التحكم عن بُعد باستخدام الريموت، كما يدعم التحكم عبر تطبيق الهاتف المحمول لمزيد من سهولة الاستخدام. الرمز الداخلي للمنتج: HT-1037-APP-FGD.
نجف معلق ذهبي - HT-1038,HT-1038-Z042-APP-FGD,,نجف,قطعة,قطعة,ذهبي,935,,4,نجف معلق بلون ذهبي، بتصميم عصري يناسب الصالات وغرف المعيشة والاستقبال، يدعم التحكم عن بُعد باستخدام الريموت، كما يدعم التحكم عبر تطبيق الهاتف المحمول لمزيد من سهولة الاستخدام. الرمز الداخلي للمنتج: HT-1038-Z042-APP-FGD.
نجف معلق أسود - HT-1038,HT-1038-Z047-APP-BK,,نجف,قطعة,قطعة,أسود,850,,4,نجف معلق بلون أسود، بتصميم عصري يناسب الصالات وغرف المعيشة والاستقبال، يدعم التحكم عن بُعد باستخدام الريموت، كما يدعم التحكم عبر تطبيق الهاتف المحمول لمزيد من سهولة الاستخدام. الرمز الداخلي للمنتج: HT-1038-Z047-APP-BK.
نجف معلق ذهبي - HT-1046,HT-1046-APP-FGD,,نجف,قطعة,قطعة,ذهبي,5200,,4,نجف معلق بلون ذهبي، بتصميم عصري يناسب الصالات وغرف المعيشة والاستقبال، يدعم التحكم عن بُعد باستخدام الريموت، كما يدعم التحكم عبر تطبيق الهاتف المحمول لمزيد من سهولة الاستخدام. الرمز الداخلي للمنتج: HT-1046-APP-FGD.
نجف معلق أسود - HT-1069,HT-1069-Z047-APP-BK,,نجف,قطعة,قطعة,أسود,845,,4,نجف معلق بلون أسود، بتصميم عصري يناسب الصالات وغرف المعيشة والاستقبال، يدعم التحكم عن بُعد باستخدام الريموت، كما يدعم التحكم عبر تطبيق الهاتف المحمول لمزيد من سهولة الاستخدام. الرمز الداخلي للمنتج: HT-1069-Z047-APP-BK.
نجف معلق ذهبي - RL-101,RL-101-FGD,,نجف,قطعة,قطعة,ذهبي,900,,4,نجف معلق بلون ذهبي، بتصميم عصري يناسب الصالات وغرف المعيشة والاستقبال. الرمز الداخلي للمنتج: RL-101-FGD.
نجف معلق ذهبي - RL-113,RL-113-FGD,,نجف,قطعة,قطعة,ذهبي,1000,,4,نجف معلق بلون ذهبي، بتصميم عصري يناسب الصالات وغرف المعيشة والاستقبال. الرمز الداخلي للمنتج: RL-113-FGD.
نجف معلق ذهبي - RL-114,RL-114-APP-FGD,,نجف,قطعة,قطعة,ذهبي,1050,,4,نجف معلق بلون ذهبي، بتصميم عصري يناسب الصالات وغرف المعيشة والاستقبال، يدعم التحكم عن بُعد باستخدام الريموت، كما يدعم التحكم عبر تطبيق الهاتف المحمول لمزيد من سهولة الاستخدام. الرمز الداخلي للمنتج: RL-114-APP-FGD.
نجف معلق ذهبي - RL-204,RL-204-FGD,,نجف,قطعة,قطعة,ذهبي,1190,,4,نجف معلق بلون ذهبي، بتصميم عصري يناسب الصالات وغرف المعيشة والاستقبال. الرمز الداخلي للمنتج: RL-204-FGD.
نجف معلق - RL-204,RL-204-CF,,نجف,قطعة,قطعة,,1035,,4,نجف معلق، بتصميم عصري يناسب الصالات وغرف المعيشة والاستقبال. الرمز الداخلي للمنتج: RL-204-CF.
نجف معلق رمادي/فضي - RL-204,RL-204-GR,,نجف,قطعة,قطعة,رمادي/فضي,1035,,4,نجف معلق بلون رمادي/فضي، بتصميم عصري يناسب الصالات وغرف المعيشة والاستقبال. الرمز الداخلي للمنتج: RL-204-GR.
نجف معلق ذهبي - RL-213,RL-213-FGD,,نجف,قطعة,قطعة,ذهبي,1870,,4,نجف معلق بلون ذهبي، بتصميم عصري يناسب الصالات وغرف المعيشة والاستقبال. الرمز الداخلي للمنتج: RL-213-FGD.
نجف معلق ذهبي - RL-216,RL-216-GD,,نجف,قطعة,قطعة,ذهبي,935,,4,نجف معلق بلون ذهبي، بتصميم عصري يناسب الصالات وغرف المعيشة والاستقبال. الرمز الداخلي للمنتج: RL-216-GD.
نجف معلق رمادي/فضي - RL-216,RL-216-GR,,نجف,قطعة,قطعة,رمادي/فضي,805,,4,نجف معلق بلون رمادي/فضي، بتصميم عصري يناسب الصالات وغرف المعيشة والاستقبال. الرمز الداخلي للمنتج: RL-216-GR.
نجف معلق - RL-216,RL-216-CF,,نجف,قطعة,قطعة,,805,,4,نجف معلق، بتصميم عصري يناسب الصالات وغرف المعيشة والاستقبال. الرمز الداخلي للمنتج: RL-216-CF.
نجف معلق ذهبي - RL-603,RL-603-APP-FGD,,نجف,قطعة,قطعة,ذهبي,1020,,4,نجف معلق بلون ذهبي، بتصميم عصري يناسب الصالات وغرف المعيشة والاستقبال، يدعم التحكم عن بُعد باستخدام الريموت، كما يدعم التحكم عبر تطبيق الهاتف المحمول لمزيد من سهولة الاستخدام. الرمز الداخلي للمنتج: RL-603-APP-FGD.
نجف معلق أسود - RL-603,RL-603-APP-BK,,نجف,قطعة,قطعة,أسود,835,,4,نجف معلق بلون أسود، بتصميم عصري يناسب الصالات وغرف المعيشة والاستقبال، يدعم التحكم عن بُعد باستخدام الريموت، كما يدعم التحكم عبر تطبيق الهاتف المحمول لمزيد من سهولة الاستخدام. الرمز الداخلي للمنتج: RL-603-APP-BK.
نجف معلق ذهبي - RL-605,RL-605-APP-FGD,,نجف,قطعة,قطعة,ذهبي,1135,,4,نجف معلق بلون ذهبي، بتصميم عصري يناسب الصالات وغرف المعيشة والاستقبال، يدعم التحكم عن بُعد باستخدام الريموت، كما يدعم التحكم عبر تطبيق الهاتف المحمول لمزيد من سهولة الاستخدام. الرمز الداخلي للمنتج: RL-605-APP-FGD.
نجف معلق ذهبي - RL-605,RL-605-A-APP-FGD,,نجف,قطعة,قطعة,ذهبي,1110,,4,نجف معلق بلون ذهبي، بتصميم عصري يناسب الصالات وغرف المعيشة والاستقبال، يدعم التحكم عن بُعد باستخدام الريموت، كما يدعم التحكم عبر تطبيق الهاتف المحمول لمزيد من سهولة الاستخدام. الرمز الداخلي للمنتج: RL-605-A-APP-FGD.
نجف معلق ذهبي - RL-606,RL-606-APP-FGD,,نجف,قطعة,قطعة,ذهبي,1045,,4,نجف معلق بلون ذهبي، بتصميم عصري يناسب الصالات وغرف المعيشة والاستقبال، يدعم التحكم عن بُعد باستخدام الريموت، كما يدعم التحكم عبر تطبيق الهاتف المحمول لمزيد من سهولة الاستخدام. الرمز الداخلي للمنتج: RL-606-APP-FGD.
نجف معلق ذهبي - RL-607,RL-607-APP-FGD,,نجف,قطعة,قطعة,ذهبي,1335,,4,نجف معلق بلون ذهبي، بتصميم عصري يناسب الصالات وغرف المعيشة والاستقبال، يدعم التحكم عن بُعد باستخدام الريموت، كما يدعم التحكم عبر تطبيق الهاتف المحمول لمزيد من سهولة الاستخدام. الرمز الداخلي للمنتج: RL-607-APP-FGD.
نجف معلق ذهبي - RL-607-G13,RL-607-G13-APP-FGD,,نجف,قطعة,قطعة,ذهبي,,,4,نجف معلق بلون ذهبي، بتصميم عصري يناسب الصالات وغرف المعيشة والاستقبال، يدعم التحكم عن بُعد باستخدام الريموت، كما يدعم التحكم عبر تطبيق الهاتف المحمول لمزيد من سهولة الاستخدام. الرمز الداخلي للمنتج: RL-607-G13-APP-FGD.
نجف معلق ذهبي - RL-608,RL-608-APP-FGD,,نجف,قطعة,قطعة,ذهبي,1250,,4,نجف معلق بلون ذهبي، بتصميم عصري يناسب الصالات وغرف المعيشة والاستقبال، يدعم التحكم عن بُعد باستخدام الريموت، كما يدعم التحكم عبر تطبيق الهاتف المحمول لمزيد من سهولة الاستخدام. الرمز الداخلي للمنتج: RL-608-APP-FGD.
نجف معلق ذهبي - RL-608-G20,RL-608-G20-APP-FGD,,نجف,قطعة,قطعة,ذهبي,1250,,4,نجف معلق بلون ذهبي، بتصميم عصري يناسب الصالات وغرف المعيشة والاستقبال، يدعم التحكم عن بُعد باستخدام الريموت، كما يدعم التحكم عبر تطبيق الهاتف المحمول لمزيد من سهولة الاستخدام. الرمز الداخلي للمنتج: RL-608-G20-APP-FGD.
نجف معلق ذهبي - RL-610,RL-610-APP-FGD,,نجف,قطعة,قطعة,ذهبي,1365,,4,نجف معلق بلون ذهبي، بتصميم عصري يناسب الصالات وغرف المعيشة والاستقبال، يدعم التحكم عن بُعد باستخدام الريموت، كما يدعم التحكم عبر تطبيق الهاتف المحمول لمزيد من سهولة الاستخدام. الرمز الداخلي للمنتج: RL-610-APP-FGD.
نجف معلق ذهبي - RL-611,RL-611-APP-FGD,,نجف,قطعة,قطعة,ذهبي,1150,,4,نجف معلق بلون ذهبي، بتصميم عصري يناسب الصالات وغرف المعيشة والاستقبال، يدعم التحكم عن بُعد باستخدام الريموت، كما يدعم التحكم عبر تطبيق الهاتف المحمول لمزيد من سهولة الاستخدام. الرمز الداخلي للمنتج: RL-611-APP-FGD.
نجف معلق ذهبي - RL-612-G13,RL-612-G13-APP-FGD,,نجف,قطعة,قطعة,ذهبي,1510,,4,نجف معلق بلون ذهبي، بتصميم عصري يناسب الصالات وغرف المعيشة والاستقبال، يدعم التحكم عن بُعد باستخدام الريموت، كما يدعم التحكم عبر تطبيق الهاتف المحمول لمزيد من سهولة الاستخدام. الرمز الداخلي للمنتج: RL-612-G13-APP-FGD.
نجف معلق - RL-617,RL-617-APP-CF,,نجف,قطعة,قطعة,,905,,4,نجف معلق، بتصميم عصري يناسب الصالات وغرف المعيشة والاستقبال، يدعم التحكم عن بُعد باستخدام الريموت، كما يدعم التحكم عبر تطبيق الهاتف المحمول لمزيد من سهولة الاستخدام. الرمز الداخلي للمنتج: RL-617-APP-CF.
نجف معلق رمادي/فضي - RL-617,RL-617-APP-GR,,نجف,قطعة,قطعة,رمادي/فضي,905,,4,نجف معلق بلون رمادي/فضي، بتصميم عصري يناسب الصالات وغرف المعيشة والاستقبال، يدعم التحكم عن بُعد باستخدام الريموت، كما يدعم التحكم عبر تطبيق الهاتف المحمول لمزيد من سهولة الاستخدام. الرمز الداخلي للمنتج: RL-617-APP-GR.
نجف معلق ذهبي - RL-617,RL-617-APP-FGD,,نجف,قطعة,قطعة,ذهبي,950,,4,نجف معلق بلون ذهبي، بتصميم عصري يناسب الصالات وغرف المعيشة والاستقبال، يدعم التحكم عن بُعد باستخدام الريموت، كما يدعم التحكم عبر تطبيق الهاتف المحمول لمزيد من سهولة الاستخدام. الرمز الداخلي للمنتج: RL-617-APP-FGD.
نجف معلق أسود - RL-617,RL-617-APP-BK,,نجف,قطعة,قطعة,أسود,905,,4,نجف معلق بلون أسود، بتصميم عصري يناسب الصالات وغرف المعيشة والاستقبال، يدعم التحكم عن بُعد باستخدام الريموت، كما يدعم التحكم عبر تطبيق الهاتف المحمول لمزيد من سهولة الاستخدام. الرمز الداخلي للمنتج: RL-617-APP-BK.
نجف معلق رمادي/فضي - RL-617,RL-617-A-APP-GR,,نجف,قطعة,قطعة,رمادي/فضي,880,,4,نجف معلق بلون رمادي/فضي، بتصميم عصري يناسب الصالات وغرف المعيشة والاستقبال، يدعم التحكم عن بُعد باستخدام الريموت، كما يدعم التحكم عبر تطبيق الهاتف المحمول لمزيد من سهولة الاستخدام. الرمز الداخلي للمنتج: RL-617-A-APP-GR.
نجف معلق - RL-617,RL-617-A-APP-CF,,نجف,قطعة,قطعة,,880,,4,نجف معلق، بتصميم عصري يناسب الصالات وغرف المعيشة والاستقبال، يدعم التحكم عن بُعد باستخدام الريموت، كما يدعم التحكم عبر تطبيق الهاتف المحمول لمزيد من سهولة الاستخدام. الرمز الداخلي للمنتج: RL-617-A-APP-CF.
نجف معلق ذهبي - RL-617,RL-617-A-APP-FGD,,نجف,قطعة,قطعة,ذهبي,925,,4,نجف معلق بلون ذهبي، بتصميم عصري يناسب الصالات وغرف المعيشة والاستقبال، يدعم التحكم عن بُعد باستخدام الريموت، كما يدعم التحكم عبر تطبيق الهاتف المحمول لمزيد من سهولة الاستخدام. الرمز الداخلي للمنتج: RL-617-A-APP-FGD.
نجف معلق أسود - RL-617,RL-617-A-APP-BK,,نجف,قطعة,قطعة,أسود,880,,4,نجف معلق بلون أسود، بتصميم عصري يناسب الصالات وغرف المعيشة والاستقبال، يدعم التحكم عن بُعد باستخدام الريموت، كما يدعم التحكم عبر تطبيق الهاتف المحمول لمزيد من سهولة الاستخدام. الرمز الداخلي للمنتج: RL-617-A-APP-BK.
نجف معلق شمبانيا - RL-617,RL-617-A-APP-CPG,,نجف,قطعة,قطعة,شمبانيا,900,,4,نجف معلق بلون شمبانيا، بتصميم عصري يناسب الصالات وغرف المعيشة والاستقبال، يدعم التحكم عن بُعد باستخدام الريموت، كما يدعم التحكم عبر تطبيق الهاتف المحمول لمزيد من سهولة الاستخدام. الرمز الداخلي للمنتج: RL-617-A-APP-CPG.
نجف معلق أسود - RL-617-G13,RL-617-G13-A-APP-BK,,نجف,قطعة,قطعة,أسود,900,,4,نجف معلق بلون أسود، بتصميم عصري يناسب الصالات وغرف المعيشة والاستقبال، يدعم التحكم عن بُعد باستخدام الريموت، كما يدعم التحكم عبر تطبيق الهاتف المحمول لمزيد من سهولة الاستخدام. الرمز الداخلي للمنتج: RL-617-G13-A-APP-BK.
نجف معلق ذهبي - RL-618,RL-618-APP-FGD,,نجف,قطعة,قطعة,ذهبي,1165,,4,نجف معلق بلون ذهبي، بتصميم عصري يناسب الصالات وغرف المعيشة والاستقبال، يدعم التحكم عن بُعد باستخدام الريموت، كما يدعم التحكم عبر تطبيق الهاتف المحمول لمزيد من سهولة الاستخدام. الرمز الداخلي للمنتج: RL-618-APP-FGD.
نجف معلق ذهبي - RL-619,RL-619-APP-FGD,,نجف,قطعة,قطعة,ذهبي,885,,4,نجف معلق بلون ذهبي، بتصميم عصري يناسب الصالات وغرف المعيشة والاستقبال، يدعم التحكم عن بُعد باستخدام الريموت، كما يدعم التحكم عبر تطبيق الهاتف المحمول لمزيد من سهولة الاستخدام. الرمز الداخلي للمنتج: RL-619-APP-FGD.
نجف معلق ذهبي - RL-620,RL-620-APP-FGD,,نجف,قطعة,قطعة,ذهبي,1125,,4,نجف معلق بلون ذهبي، بتصميم عصري يناسب الصالات وغرف المعيشة والاستقبال، يدعم التحكم عن بُعد باستخدام الريموت، كما يدعم التحكم عبر تطبيق الهاتف المحمول لمزيد من سهولة الاستخدام. الرمز الداخلي للمنتج: RL-620-APP-FGD.
نجف معلق ذهبي - RL-621,RL-621-APP-FGD,,نجف,قطعة,قطعة,ذهبي,800,,4,نجف معلق بلون ذهبي، بتصميم عصري يناسب الصالات وغرف المعيشة والاستقبال، يدعم التحكم عن بُعد باستخدام الريموت، كما يدعم التحكم عبر تطبيق الهاتف المحمول لمزيد من سهولة الاستخدام. الرمز الداخلي للمنتج: RL-621-APP-FGD.
نجف معلق ذهبي - RL-622,RL-622-APP-FGD,,نجف,قطعة,قطعة,ذهبي,870,,4,نجف معلق بلون ذهبي، بتصميم عصري يناسب الصالات وغرف المعيشة والاستقبال، يدعم التحكم عن بُعد باستخدام الريموت، كما يدعم التحكم عبر تطبيق الهاتف المحمول لمزيد من سهولة الاستخدام. الرمز الداخلي للمنتج: RL-622-APP-FGD.
نجف معلق ذهبي - RL-622-G18,RL-622-G18-APP-FGD,,نجف,قطعة,قطعة,ذهبي,935,,4,نجف معلق بلون ذهبي، بتصميم عصري يناسب الصالات وغرف المعيشة والاستقبال، يدعم التحكم عن بُعد باستخدام الريموت، كما يدعم التحكم عبر تطبيق الهاتف المحمول لمزيد من سهولة الاستخدام. الرمز الداخلي للمنتج: RL-622-G18-APP-FGD.
نجف معلق ذهبي - RL-622-G23,RL-622-G23-APP-FGD,,نجف,قطعة,قطعة,ذهبي,935,,4,نجف معلق بلون ذهبي، بتصميم عصري يناسب الصالات وغرف المعيشة والاستقبال، يدعم التحكم عن بُعد باستخدام الريموت، كما يدعم التحكم عبر تطبيق الهاتف المحمول لمزيد من سهولة الاستخدام. الرمز الداخلي للمنتج: RL-622-G23-APP-FGD.
نجف معلق ذهبي - RL-623,RL-623-APP-FGD,,نجف,قطعة,قطعة,ذهبي,990,,4,نجف معلق بلون ذهبي، بتصميم عصري يناسب الصالات وغرف المعيشة والاستقبال، يدعم التحكم عن بُعد باستخدام الريموت، كما يدعم التحكم عبر تطبيق الهاتف المحمول لمزيد من سهولة الاستخدام. الرمز الداخلي للمنتج: RL-623-APP-FGD.
نجف معلق ذهبي - RL-625,RL-625-FGD,,نجف,قطعة,قطعة,ذهبي,485,,4,نجف معلق بلون ذهبي، بتصميم عصري يناسب الصالات وغرف المعيشة والاستقبال. الرمز الداخلي للمنتج: RL-625-FGD.
نجف معلق ذهبي - RL-626,RL-626-APP-FGD,,نجف,قطعة,قطعة,ذهبي,1055,,4,نجف معلق بلون ذهبي، بتصميم عصري يناسب الصالات وغرف المعيشة والاستقبال، يدعم التحكم عن بُعد باستخدام الريموت، كما يدعم التحكم عبر تطبيق الهاتف المحمول لمزيد من سهولة الاستخدام. الرمز الداخلي للمنتج: RL-626-APP-FGD.
نجف معلق ذهبي - RL-626-G13,RL-626-G13-APP-FGD,,نجف,قطعة,قطعة,ذهبي,1070,,4,نجف معلق بلون ذهبي، بتصميم عصري يناسب الصالات وغرف المعيشة والاستقبال، يدعم التحكم عن بُعد باستخدام الريموت، كما يدعم التحكم عبر تطبيق الهاتف المحمول لمزيد من سهولة الاستخدام. الرمز الداخلي للمنتج: RL-626-G13-APP-FGD.
نجف معلق ذهبي - RL-627,RL-627-APP-FGD,,نجف,قطعة,قطعة,ذهبي,1135,,4,نجف معلق بلون ذهبي، بتصميم عصري يناسب الصالات وغرف المعيشة والاستقبال، يدعم التحكم عن بُعد باستخدام الريموت، كما يدعم التحكم عبر تطبيق الهاتف المحمول لمزيد من سهولة الاستخدام. الرمز الداخلي للمنتج: RL-627-APP-FGD.
نجف معلق ذهبي - RL-627,RL-627-A-APP-FGD,,نجف,قطعة,قطعة,ذهبي,1110,,4,نجف معلق بلون ذهبي، بتصميم عصري يناسب الصالات وغرف المعيشة والاستقبال، يدعم التحكم عن بُعد باستخدام الريموت، كما يدعم التحكم عبر تطبيق الهاتف المحمول لمزيد من سهولة الاستخدام. الرمز الداخلي للمنتج: RL-627-A-APP-FGD.
نجف معلق ذهبي - RL-628,RL-628-APP-FGD,,نجف,قطعة,قطعة,ذهبي,1090,,4,نجف معلق بلون ذهبي، بتصميم عصري يناسب الصالات وغرف المعيشة والاستقبال، يدعم التحكم عن بُعد باستخدام الريموت، كما يدعم التحكم عبر تطبيق الهاتف المحمول لمزيد من سهولة الاستخدام. الرمز الداخلي للمنتج: RL-628-APP-FGD.
نجف معلق ذهبي - RL-628,RL-628-G13-APP-FGD,,نجف,قطعة,قطعة,ذهبي,1140,,4,نجف معلق بلون ذهبي، بتصميم عصري يناسب الصالات وغرف المعيشة والاستقبال، يدعم التحكم عن بُعد باستخدام الريموت، كما يدعم التحكم عبر تطبيق الهاتف المحمول لمزيد من سهولة الاستخدام. الرمز الداخلي للمنتج: RL-628-G13-APP-FGD.
نجف معلق ذهبي - RL-630,RL-630-APP-FGD,,نجف,قطعة,قطعة,ذهبي,950,,4,نجف معلق بلون ذهبي، بتصميم عصري يناسب الصالات وغرف المعيشة والاستقبال، يدعم التحكم عن بُعد باستخدام الريموت، كما يدعم التحكم عبر تطبيق الهاتف المحمول لمزيد من سهولة الاستخدام. الرمز الداخلي للمنتج: RL-630-APP-FGD.
نجف معلق ذهبي - RL-630,RL-630-AAPP-FGD,,نجف,قطعة,قطعة,ذهبي,925,,4,نجف معلق بلون ذهبي، بتصميم عصري يناسب الصالات وغرف المعيشة والاستقبال، يدعم التحكم عن بُعد باستخدام الريموت، كما يدعم التحكم عبر تطبيق الهاتف المحمول لمزيد من سهولة الاستخدام. الرمز الداخلي للمنتج: RL-630-AAPP-FGD.
نجف معلق أسود - RL-630,RL-630-AAPP-BK,,نجف,قطعة,قطعة,أسود,805,,4,نجف معلق بلون أسود، بتصميم عصري يناسب الصالات وغرف المعيشة والاستقبال، يدعم التحكم عن بُعد باستخدام الريموت، كما يدعم التحكم عبر تطبيق الهاتف المحمول لمزيد من سهولة الاستخدام. الرمز الداخلي للمنتج: RL-630-AAPP-BK.
نجف معلق ذهبي - RL-631,RL-631-APP-FGD,,نجف,قطعة,قطعة,ذهبي,1350,,4,نجف معلق بلون ذهبي، بتصميم عصري يناسب الصالات وغرف المعيشة والاستقبال، يدعم التحكم عن بُعد باستخدام الريموت، كما يدعم التحكم عبر تطبيق الهاتف المحمول لمزيد من سهولة الاستخدام. الرمز الداخلي للمنتج: RL-631-APP-FGD.
نجف معلق ذهبي - RL-631,RL-631-A-APP-FGD,,نجف,قطعة,قطعة,ذهبي,1325,,4,نجف معلق بلون ذهبي، بتصميم عصري يناسب الصالات وغرف المعيشة والاستقبال، يدعم التحكم عن بُعد باستخدام الريموت، كما يدعم التحكم عبر تطبيق الهاتف المحمول لمزيد من سهولة الاستخدام. الرمز الداخلي للمنتج: RL-631-A-APP-FGD.
نجف معلق ذهبي - RL-632-G23,RL-632-G23-APP-FGD,,نجف,قطعة,قطعة,ذهبي,1265,,4,نجف معلق بلون ذهبي، بتصميم عصري يناسب الصالات وغرف المعيشة والاستقبال، يدعم التحكم عن بُعد باستخدام الريموت، كما يدعم التحكم عبر تطبيق الهاتف المحمول لمزيد من سهولة الاستخدام. الرمز الداخلي للمنتج: RL-632-G23-APP-FGD.
نجف معلق أسود - RL-632-G23,RL-632-G23-APP-BK,,نجف,قطعة,قطعة,أسود,1040,,4,نجف معلق بلون أسود، بتصميم عصري يناسب الصالات وغرف المعيشة والاستقبال، يدعم التحكم عن بُعد باستخدام الريموت، كما يدعم التحكم عبر تطبيق الهاتف المحمول لمزيد من سهولة الاستخدام. الرمز الداخلي للمنتج: RL-632-G23-APP-BK.
نجف معلق أسود - RL-633,RL-633-APP-BK,,نجف,قطعة,قطعة,أسود,765,,4,نجف معلق بلون أسود، بتصميم عصري يناسب الصالات وغرف المعيشة والاستقبال، يدعم التحكم عن بُعد باستخدام الريموت، كما يدعم التحكم عبر تطبيق الهاتف المحمول لمزيد من سهولة الاستخدام. الرمز الداخلي للمنتج: RL-633-APP-BK.
نجف معلق أسود - RL-633,RL-633-G16-APP-BK,,نجف,قطعة,قطعة,أسود,810,,4,نجف معلق بلون أسود، بتصميم عصري يناسب الصالات وغرف المعيشة والاستقبال، يدعم التحكم عن بُعد باستخدام الريموت، كما يدعم التحكم عبر تطبيق الهاتف المحمول لمزيد من سهولة الاستخدام. الرمز الداخلي للمنتج: RL-633-G16-APP-BK.
نجف معلق أسود - RL-633,RL-633-G23-APP-BK,,نجف,قطعة,قطعة,أسود,810,,4,نجف معلق بلون أسود، بتصميم عصري يناسب الصالات وغرف المعيشة والاستقبال، يدعم التحكم عن بُعد باستخدام الريموت، كما يدعم التحكم عبر تطبيق الهاتف المحمول لمزيد من سهولة الاستخدام. الرمز الداخلي للمنتج: RL-633-G23-APP-BK.
نجف معلق ذهبي - RL-634,RL-634-APP-FGD,,نجف,قطعة,قطعة,ذهبي,450,,4,نجف معلق بلون ذهبي، بتصميم عصري يناسب الصالات وغرف المعيشة والاستقبال، يدعم التحكم عن بُعد باستخدام الريموت، كما يدعم التحكم عبر تطبيق الهاتف المحمول لمزيد من سهولة الاستخدام. الرمز الداخلي للمنتج: RL-634-APP-FGD.
نجف معلق أسود - RL-634,RL-634-APP-BK,,نجف,قطعة,قطعة,أسود,375,,4,نجف معلق بلون أسود، بتصميم عصري يناسب الصالات وغرف المعيشة والاستقبال، يدعم التحكم عن بُعد باستخدام الريموت، كما يدعم التحكم عبر تطبيق الهاتف المحمول لمزيد من سهولة الاستخدام. الرمز الداخلي للمنتج: RL-634-APP-BK.
نجف معلق أسود - RL-636,RL-636-APP-BK,,نجف,قطعة,قطعة,أسود,775,,4,نجف معلق بلون أسود، بتصميم عصري يناسب الصالات وغرف المعيشة والاستقبال، يدعم التحكم عن بُعد باستخدام الريموت، كما يدعم التحكم عبر تطبيق الهاتف المحمول لمزيد من سهولة الاستخدام. الرمز الداخلي للمنتج: RL-636-APP-BK.
نجف معلق شمبانيا - RL-636,RL-636-APP-CPG,,نجف,قطعة,قطعة,شمبانيا,830,,4,نجف معلق بلون شمبانيا، بتصميم عصري يناسب الصالات وغرف المعيشة والاستقبال، يدعم التحكم عن بُعد باستخدام الريموت، كما يدعم التحكم عبر تطبيق الهاتف المحمول لمزيد من سهولة الاستخدام. الرمز الداخلي للمنتج: RL-636-APP-CPG.
نجف معلق ذهبي - RL-636,RL-636-APP-FGD,,نجف,قطعة,قطعة,ذهبي,955,,4,نجف معلق بلون ذهبي، بتصميم عصري يناسب الصالات وغرف المعيشة والاستقبال، يدعم التحكم عن بُعد باستخدام الريموت، كما يدعم التحكم عبر تطبيق الهاتف المحمول لمزيد من سهولة الاستخدام. الرمز الداخلي للمنتج: RL-636-APP-FGD.
نجف معلق أسود - RL-636-G23,RL-636-G23-APP-BK,,نجف,قطعة,قطعة,أسود,820,,4,نجف معلق بلون أسود، بتصميم عصري يناسب الصالات وغرف المعيشة والاستقبال، يدعم التحكم عن بُعد باستخدام الريموت، كما يدعم التحكم عبر تطبيق الهاتف المحمول لمزيد من سهولة الاستخدام. الرمز الداخلي للمنتج: RL-636-G23-APP-BK.
نجف معلق ذهبي - RL-636-G23,RL-636-G23-APP-FGD,,نجف,قطعة,قطعة,ذهبي,990,,4,نجف معلق بلون ذهبي، بتصميم عصري يناسب الصالات وغرف المعيشة والاستقبال، يدعم التحكم عن بُعد باستخدام الريموت، كما يدعم التحكم عبر تطبيق الهاتف المحمول لمزيد من سهولة الاستخدام. الرمز الداخلي للمنتج: RL-636-G23-APP-FGD.
نجف معلق شمبانيا - RL-636-G23,RL-636-G23-APP-CPG,,نجف,قطعة,قطعة,شمبانيا,870,,4,نجف معلق بلون شمبانيا، بتصميم عصري يناسب الصالات وغرف المعيشة والاستقبال، يدعم التحكم عن بُعد باستخدام الريموت، كما يدعم التحكم عبر تطبيق الهاتف المحمول لمزيد من سهولة الاستخدام. الرمز الداخلي للمنتج: RL-636-G23-APP-CPG.
نجف معلق أسود - RL-639,RL-639-APP-BK,,نجف,قطعة,قطعة,أسود,850,,4,نجف معلق بلون أسود، بتصميم عصري يناسب الصالات وغرف المعيشة والاستقبال، يدعم التحكم عن بُعد باستخدام الريموت، كما يدعم التحكم عبر تطبيق الهاتف المحمول لمزيد من سهولة الاستخدام. الرمز الداخلي للمنتج: RL-639-APP-BK.
نجف معلق أسود - RL-639,RL-639-A-APP-BK,,نجف,قطعة,قطعة,أسود,825,,4,نجف معلق بلون أسود، بتصميم عصري يناسب الصالات وغرف المعيشة والاستقبال، يدعم التحكم عن بُعد باستخدام الريموت، كما يدعم التحكم عبر تطبيق الهاتف المحمول لمزيد من سهولة الاستخدام. الرمز الداخلي للمنتج: RL-639-A-APP-BK.
نجف معلق شمبانيا - RL-639,RL-639-A-APP-CPG,,نجف,قطعة,قطعة,شمبانيا,860,,4,نجف معلق بلون شمبانيا، بتصميم عصري يناسب الصالات وغرف المعيشة والاستقبال، يدعم التحكم عن بُعد باستخدام الريموت، كما يدعم التحكم عبر تطبيق الهاتف المحمول لمزيد من سهولة الاستخدام. الرمز الداخلي للمنتج: RL-639-A-APP-CPG.
نجف معلق ذهبي - RL-639,RL-639-A-APP-FGD,,نجف,قطعة,قطعة,ذهبي,975,,4,نجف معلق بلون ذهبي، بتصميم عصري يناسب الصالات وغرف المعيشة والاستقبال، يدعم التحكم عن بُعد باستخدام الريموت، كما يدعم التحكم عبر تطبيق الهاتف المحمول لمزيد من سهولة الاستخدام. الرمز الداخلي للمنتج: RL-639-A-APP-FGD.
نجف معلق أسود - RL-642,RL-642-APP-BK,,نجف,قطعة,قطعة,أسود,685,,4,نجف معلق بلون أسود، بتصميم عصري يناسب الصالات وغرف المعيشة والاستقبال، يدعم التحكم عن بُعد باستخدام الريموت، كما يدعم التحكم عبر تطبيق الهاتف المحمول لمزيد من سهولة الاستخدام. الرمز الداخلي للمنتج: RL-642-APP-BK.
نجف معلق ذهبي - RL-642,RL-642-APP-FGD,,نجف,قطعة,قطعة,ذهبي,835,,4,نجف معلق بلون ذهبي، بتصميم عصري يناسب الصالات وغرف المعيشة والاستقبال، يدعم التحكم عن بُعد باستخدام الريموت، كما يدعم التحكم عبر تطبيق الهاتف المحمول لمزيد من سهولة الاستخدام. الرمز الداخلي للمنتج: RL-642-APP-FGD.
نجف معلق ذهبي - RL-644,RL-644-APP-FGD,,نجف,قطعة,قطعة,ذهبي,1395,,4,نجف معلق بلون ذهبي، بتصميم عصري يناسب الصالات وغرف المعيشة والاستقبال، يدعم التحكم عن بُعد باستخدام الريموت، كما يدعم التحكم عبر تطبيق الهاتف المحمول لمزيد من سهولة الاستخدام. الرمز الداخلي للمنتج: RL-644-APP-FGD.
نجف معلق أسود - RL-644,RL-644-APP-BK,,نجف,قطعة,قطعة,أسود,1155,,4,نجف معلق بلون أسود، بتصميم عصري يناسب الصالات وغرف المعيشة والاستقبال، يدعم التحكم عن بُعد باستخدام الريموت، كما يدعم التحكم عبر تطبيق الهاتف المحمول لمزيد من سهولة الاستخدام. الرمز الداخلي للمنتج: RL-644-APP-BK.
نجف معلق أسود - RL-646,RL-646-APP-BK,,نجف,قطعة,قطعة,أسود,800,,4,نجف معلق بلون أسود، بتصميم عصري يناسب الصالات وغرف المعيشة والاستقبال، يدعم التحكم عن بُعد باستخدام الريموت، كما يدعم التحكم عبر تطبيق الهاتف المحمول لمزيد من سهولة الاستخدام. الرمز الداخلي للمنتج: RL-646-APP-BK.
نجف معلق ذهبي - RL-646,RL-646-A-APP-FGD,,نجف,قطعة,قطعة,ذهبي,995,,4,نجف معلق بلون ذهبي، بتصميم عصري يناسب الصالات وغرف المعيشة والاستقبال، يدعم التحكم عن بُعد باستخدام الريموت، كما يدعم التحكم عبر تطبيق الهاتف المحمول لمزيد من سهولة الاستخدام. الرمز الداخلي للمنتج: RL-646-A-APP-FGD.
نجف معلق ذهبي - RL-646,RL-646-APP-FGD,,نجف,قطعة,قطعة,ذهبي,1020,,4,نجف معلق بلون ذهبي، بتصميم عصري يناسب الصالات وغرف المعيشة والاستقبال، يدعم التحكم عن بُعد باستخدام الريموت، كما يدعم التحكم عبر تطبيق الهاتف المحمول لمزيد من سهولة الاستخدام. الرمز الداخلي للمنتج: RL-646-APP-FGD.
نجف معلق شمبانيا - RL-646,RL-646-A-APP-CPG,,نجف,قطعة,قطعة,شمبانيا,895,,4,نجف معلق بلون شمبانيا، بتصميم عصري يناسب الصالات وغرف المعيشة والاستقبال، يدعم التحكم عن بُعد باستخدام الريموت، كما يدعم التحكم عبر تطبيق الهاتف المحمول لمزيد من سهولة الاستخدام. الرمز الداخلي للمنتج: RL-646-A-APP-CPG.
نجف معلق ذهبي - RL-647,RL-647-APP-FGD,,نجف,قطعة,قطعة,ذهبي,1000,,4,نجف معلق بلون ذهبي، بتصميم عصري يناسب الصالات وغرف المعيشة والاستقبال، يدعم التحكم عن بُعد باستخدام الريموت، كما يدعم التحكم عبر تطبيق الهاتف المحمول لمزيد من سهولة الاستخدام. الرمز الداخلي للمنتج: RL-647-APP-FGD.
نجف معلق ذهبي - RL-647-G18,RL-647-G18-APP-FGD,,نجف,قطعة,قطعة,ذهبي,970,,4,نجف معلق بلون ذهبي، بتصميم عصري يناسب الصالات وغرف المعيشة والاستقبال، يدعم التحكم عن بُعد باستخدام الريموت، كما يدعم التحكم عبر تطبيق الهاتف المحمول لمزيد من سهولة الاستخدام. الرمز الداخلي للمنتج: RL-647-G18-APP-FGD.
نجف معلق أسود - RL-647-G18,RL-647-G18-APP-BK,,نجف,قطعة,قطعة,أسود,825,,4,نجف معلق بلون أسود، بتصميم عصري يناسب الصالات وغرف المعيشة والاستقبال، يدعم التحكم عن بُعد باستخدام الريموت، كما يدعم التحكم عبر تطبيق الهاتف المحمول لمزيد من سهولة الاستخدام. الرمز الداخلي للمنتج: RL-647-G18-APP-BK.
نجف معلق ذهبي - RL-647-G23,RL-647-G23-APP-FGD,,نجف,قطعة,قطعة,ذهبي,970,,4,نجف معلق بلون ذهبي، بتصميم عصري يناسب الصالات وغرف المعيشة والاستقبال، يدعم التحكم عن بُعد باستخدام الريموت، كما يدعم التحكم عبر تطبيق الهاتف المحمول لمزيد من سهولة الاستخدام. الرمز الداخلي للمنتج: RL-647-G23-APP-FGD.
نجف معلق أسود - RL-649,RL-649-APP-BK,,نجف,قطعة,قطعة,أسود,795,,4,نجف معلق بلون أسود، بتصميم عصري يناسب الصالات وغرف المعيشة والاستقبال، يدعم التحكم عن بُعد باستخدام الريموت، كما يدعم التحكم عبر تطبيق الهاتف المحمول لمزيد من سهولة الاستخدام. الرمز الداخلي للمنتج: RL-649-APP-BK.
نجف معلق ذهبي - RL-649,RL-649-APP-FGD,,نجف,قطعة,قطعة,ذهبي,950,,4,نجف معلق بلون ذهبي، بتصميم عصري يناسب الصالات وغرف المعيشة والاستقبال، يدعم التحكم عن بُعد باستخدام الريموت، كما يدعم التحكم عبر تطبيق الهاتف المحمول لمزيد من سهولة الاستخدام. الرمز الداخلي للمنتج: RL-649-APP-FGD.
نجف معلق ذهبي - RL-649,RL-649-A-APP-FGD,,نجف,قطعة,قطعة,ذهبي,925,,4,نجف معلق بلون ذهبي، بتصميم عصري يناسب الصالات وغرف المعيشة والاستقبال، يدعم التحكم عن بُعد باستخدام الريموت، كما يدعم التحكم عبر تطبيق الهاتف المحمول لمزيد من سهولة الاستخدام. الرمز الداخلي للمنتج: RL-649-A-APP-FGD.
نجف معلق أسود - RL-649,RL-649-A-APP-BK,,نجف,قطعة,قطعة,أسود,770,,4,نجف معلق بلون أسود، بتصميم عصري يناسب الصالات وغرف المعيشة والاستقبال، يدعم التحكم عن بُعد باستخدام الريموت، كما يدعم التحكم عبر تطبيق الهاتف المحمول لمزيد من سهولة الاستخدام. الرمز الداخلي للمنتج: RL-649-A-APP-BK.
نجف معلق ذهبي - RL-650-G18,RL-650-G18-APP-FGD,,نجف,قطعة,قطعة,ذهبي,1000,,4,نجف معلق بلون ذهبي، بتصميم عصري يناسب الصالات وغرف المعيشة والاستقبال، يدعم التحكم عن بُعد باستخدام الريموت، كما يدعم التحكم عبر تطبيق الهاتف المحمول لمزيد من سهولة الاستخدام. الرمز الداخلي للمنتج: RL-650-G18-APP-FGD.
نجف معلق ذهبي - RL-650-G23,RL-650-G23-APP-FGD,,نجف,قطعة,قطعة,ذهبي,1000,,4,نجف معلق بلون ذهبي، بتصميم عصري يناسب الصالات وغرف المعيشة والاستقبال، يدعم التحكم عن بُعد باستخدام الريموت، كما يدعم التحكم عبر تطبيق الهاتف المحمول لمزيد من سهولة الاستخدام. الرمز الداخلي للمنتج: RL-650-G23-APP-FGD.
نجف معلق ذهبي - RL-651,RL-651-APP-FGD,,نجف,قطعة,قطعة,ذهبي,735,,4,نجف معلق بلون ذهبي، بتصميم عصري يناسب الصالات وغرف المعيشة والاستقبال، يدعم التحكم عن بُعد باستخدام الريموت، كما يدعم التحكم عبر تطبيق الهاتف المحمول لمزيد من سهولة الاستخدام. الرمز الداخلي للمنتج: RL-651-APP-FGD.
نجف معلق ذهبي - RL-652,RL-652-FGD,,نجف,قطعة,قطعة,ذهبي,400,,4,نجف معلق بلون ذهبي، بتصميم عصري يناسب الصالات وغرف المعيشة والاستقبال. الرمز الداخلي للمنتج: RL-652-FGD.
نجف معلق أسود - RL-653,RL-653-APP-BK,,نجف,قطعة,قطعة,أسود,830,,4,نجف معلق بلون أسود، بتصميم عصري يناسب الصالات وغرف المعيشة والاستقبال، يدعم التحكم عن بُعد باستخدام الريموت، كما يدعم التحكم عبر تطبيق الهاتف المحمول لمزيد من سهولة الاستخدام. الرمز الداخلي للمنتج: RL-653-APP-BK.
نجف معلق ذهبي - RL-653,RL-653-APP-FGD,,نجف,قطعة,قطعة,ذهبي,980,,4,نجف معلق بلون ذهبي، بتصميم عصري يناسب الصالات وغرف المعيشة والاستقبال، يدعم التحكم عن بُعد باستخدام الريموت، كما يدعم التحكم عبر تطبيق الهاتف المحمول لمزيد من سهولة الاستخدام. الرمز الداخلي للمنتج: RL-653-APP-FGD.
نجف معلق شمبانيا - RL-653,RL-653-APP-CPG,,نجف,قطعة,قطعة,شمبانيا,875,,4,نجف معلق بلون شمبانيا، بتصميم عصري يناسب الصالات وغرف المعيشة والاستقبال، يدعم التحكم عن بُعد باستخدام الريموت، كما يدعم التحكم عبر تطبيق الهاتف المحمول لمزيد من سهولة الاستخدام. الرمز الداخلي للمنتج: RL-653-APP-CPG.
نجف معلق رمادي/فضي - RL-653,RL-653-APP-GR,,نجف,قطعة,قطعة,رمادي/فضي,830,,4,نجف معلق بلون رمادي/فضي، بتصميم عصري يناسب الصالات وغرف المعيشة والاستقبال، يدعم التحكم عن بُعد باستخدام الريموت، كما يدعم التحكم عبر تطبيق الهاتف المحمول لمزيد من سهولة الاستخدام. الرمز الداخلي للمنتج: RL-653-APP-GR.
نجف معلق ذهبي - RL-653,RL-653-A-APP-FGD,,نجف,قطعة,قطعة,ذهبي,955,,4,نجف معلق بلون ذهبي، بتصميم عصري يناسب الصالات وغرف المعيشة والاستقبال، يدعم التحكم عن بُعد باستخدام الريموت، كما يدعم التحكم عبر تطبيق الهاتف المحمول لمزيد من سهولة الاستخدام. الرمز الداخلي للمنتج: RL-653-A-APP-FGD.
نجف معلق - RL-653,RL-653-A-APP-CF,,نجف,قطعة,قطعة,,805,,4,نجف معلق، بتصميم عصري يناسب الصالات وغرف المعيشة والاستقبال، يدعم التحكم عن بُعد باستخدام الريموت، كما يدعم التحكم عبر تطبيق الهاتف المحمول لمزيد من سهولة الاستخدام. الرمز الداخلي للمنتج: RL-653-A-APP-CF.
نجف معلق أسود - RL-653,RL-653-A-APP-BK,,نجف,قطعة,قطعة,أسود,805,,4,نجف معلق بلون أسود، بتصميم عصري يناسب الصالات وغرف المعيشة والاستقبال، يدعم التحكم عن بُعد باستخدام الريموت، كما يدعم التحكم عبر تطبيق الهاتف المحمول لمزيد من سهولة الاستخدام. الرمز الداخلي للمنتج: RL-653-A-APP-BK.
نجف معلق رمادي/فضي - RL-653,RL-653-A-APP-GR,,نجف,قطعة,قطعة,رمادي/فضي,805,,4,نجف معلق بلون رمادي/فضي، بتصميم عصري يناسب الصالات وغرف المعيشة والاستقبال، يدعم التحكم عن بُعد باستخدام الريموت، كما يدعم التحكم عبر تطبيق الهاتف المحمول لمزيد من سهولة الاستخدام. الرمز الداخلي للمنتج: RL-653-A-APP-GR.
نجف معلق شمبانيا - RL-653,RL-653-A-APP-CPG,,نجف,قطعة,قطعة,شمبانيا,850,,4,نجف معلق بلون شمبانيا، بتصميم عصري يناسب الصالات وغرف المعيشة والاستقبال، يدعم التحكم عن بُعد باستخدام الريموت، كما يدعم التحكم عبر تطبيق الهاتف المحمول لمزيد من سهولة الاستخدام. الرمز الداخلي للمنتج: RL-653-A-APP-CPG.
نجف معلق ذهبي - RL-656,RL-656-APP-FGD,,نجف,قطعة,قطعة,ذهبي,720,,4,نجف معلق بلون ذهبي، بتصميم عصري يناسب الصالات وغرف المعيشة والاستقبال، يدعم التحكم عن بُعد باستخدام الريموت، كما يدعم التحكم عبر تطبيق الهاتف المحمول لمزيد من سهولة الاستخدام. الرمز الداخلي للمنتج: RL-656-APP-FGD.
نجف معلق ذهبي - RL-656,RL-656-A-APP-FGD,,نجف,قطعة,قطعة,ذهبي,695,,4,نجف معلق بلون ذهبي، بتصميم عصري يناسب الصالات وغرف المعيشة والاستقبال، يدعم التحكم عن بُعد باستخدام الريموت، كما يدعم التحكم عبر تطبيق الهاتف المحمول لمزيد من سهولة الاستخدام. الرمز الداخلي للمنتج: RL-656-A-APP-FGD.
نجف معلق ذهبي - RL-656-G40,RL-656-G40-APP-FGD,,نجف,قطعة,قطعة,ذهبي,760,,4,نجف معلق بلون ذهبي، بتصميم عصري يناسب الصالات وغرف المعيشة والاستقبال، يدعم التحكم عن بُعد باستخدام الريموت، كما يدعم التحكم عبر تطبيق الهاتف المحمول لمزيد من سهولة الاستخدام. الرمز الداخلي للمنتج: RL-656-G40-APP-FGD.
نجف معلق ذهبي - RL-656-G40,RL-656-G40-A-APP-FGD,,نجف,قطعة,قطعة,ذهبي,735,,4,نجف معلق بلون ذهبي، بتصميم عصري يناسب الصالات وغرف المعيشة والاستقبال، يدعم التحكم عن بُعد باستخدام الريموت، كما يدعم التحكم عبر تطبيق الهاتف المحمول لمزيد من سهولة الاستخدام. الرمز الداخلي للمنتج: RL-656-G40-A-APP-FGD.
نجف معلق ذهبي - RL-659-C10,RL-659-C10-APP-FGD,,نجف,قطعة,قطعة,ذهبي,910,,4,نجف معلق بلون ذهبي، بتصميم عصري يناسب الصالات وغرف المعيشة والاستقبال، يدعم التحكم عن بُعد باستخدام الريموت، كما يدعم التحكم عبر تطبيق الهاتف المحمول لمزيد من سهولة الاستخدام. الرمز الداخلي للمنتج: RL-659-C10-APP-FGD.
نجف معلق ذهبي - RL-660,RL-660-APP-FGD,,نجف,قطعة,قطعة,ذهبي,1135,,4,نجف معلق بلون ذهبي، بتصميم عصري يناسب الصالات وغرف المعيشة والاستقبال، يدعم التحكم عن بُعد باستخدام الريموت، كما يدعم التحكم عبر تطبيق الهاتف المحمول لمزيد من سهولة الاستخدام. الرمز الداخلي للمنتج: RL-660-APP-FGD.
نجف معلق ذهبي - RL-661,RL-661-APP-FGD,,نجف,قطعة,قطعة,ذهبي,1230,,4,نجف معلق بلون ذهبي، بتصميم عصري يناسب الصالات وغرف المعيشة والاستقبال، يدعم التحكم عن بُعد باستخدام الريموت، كما يدعم التحكم عبر تطبيق الهاتف المحمول لمزيد من سهولة الاستخدام. الرمز الداخلي للمنتج: RL-661-APP-FGD.
نجف معلق ذهبي - RL-661-C10,RL-661-C10-A-APP-FGD,,نجف,قطعة,قطعة,ذهبي,1205,,4,نجف معلق بلون ذهبي، بتصميم عصري يناسب الصالات وغرف المعيشة والاستقبال، يدعم التحكم عن بُعد باستخدام الريموت، كما يدعم التحكم عبر تطبيق الهاتف المحمول لمزيد من سهولة الاستخدام. الرمز الداخلي للمنتج: RL-661-C10-A-APP-FGD.
نجف معلق ذهبي - RL-662,RL-662-APP-FGD,,نجف,قطعة,قطعة,ذهبي,1240,,4,نجف معلق بلون ذهبي، بتصميم عصري يناسب الصالات وغرف المعيشة والاستقبال، يدعم التحكم عن بُعد باستخدام الريموت، كما يدعم التحكم عبر تطبيق الهاتف المحمول لمزيد من سهولة الاستخدام. الرمز الداخلي للمنتج: RL-662-APP-FGD.
نجف معلق أسود - RL-666,RL-666-A-APP-BK,,نجف,قطعة,قطعة,أسود,,,4,نجف معلق بلون أسود، بتصميم عصري يناسب الصالات وغرف المعيشة والاستقبال، يدعم التحكم عن بُعد باستخدام الريموت، كما يدعم التحكم عبر تطبيق الهاتف المحمول لمزيد من سهولة الاستخدام. الرمز الداخلي للمنتج: RL-666-A-APP-BK.
نجف معلق ذهبي - RL-666,RL-666-A-APP-FGD,,نجف,قطعة,قطعة,ذهبي,,,4,نجف معلق بلون ذهبي، بتصميم عصري يناسب الصالات وغرف المعيشة والاستقبال، يدعم التحكم عن بُعد باستخدام الريموت، كما يدعم التحكم عبر تطبيق الهاتف المحمول لمزيد من سهولة الاستخدام. الرمز الداخلي للمنتج: RL-666-A-APP-FGD.
نجف معلق رمادي/فضي - RL-666,RL-666-A-APP-GR,,نجف,قطعة,قطعة,رمادي/فضي,,,4,نجف معلق بلون رمادي/فضي، بتصميم عصري يناسب الصالات وغرف المعيشة والاستقبال، يدعم التحكم عن بُعد باستخدام الريموت، كما يدعم التحكم عبر تطبيق الهاتف المحمول لمزيد من سهولة الاستخدام. الرمز الداخلي للمنتج: RL-666-A-APP-GR.
نجف معلق أسود - RL-666-G23,RL-666-G23-A-APP-BK,,نجف,قطعة,قطعة,أسود,1120,,4,نجف معلق بلون أسود، بتصميم عصري يناسب الصالات وغرف المعيشة والاستقبال، يدعم التحكم عن بُعد باستخدام الريموت، كما يدعم التحكم عبر تطبيق الهاتف المحمول لمزيد من سهولة الاستخدام. الرمز الداخلي للمنتج: RL-666-G23-A-APP-BK.
نجف معلق ذهبي - RL-666-G23,RL-666-G23-A-APP-FGD,,نجف,قطعة,قطعة,ذهبي,1315,,4,نجف معلق بلون ذهبي، بتصميم عصري يناسب الصالات وغرف المعيشة والاستقبال، يدعم التحكم عن بُعد باستخدام الريموت، كما يدعم التحكم عبر تطبيق الهاتف المحمول لمزيد من سهولة الاستخدام. الرمز الداخلي للمنتج: RL-666-G23-A-APP-FGD.
نجف معلق ذهبي - RL-666-G23,RL-666-G23-APP-FGD,,نجف,قطعة,قطعة,ذهبي,1350,,4,نجف معلق بلون ذهبي، بتصميم عصري يناسب الصالات وغرف المعيشة والاستقبال، يدعم التحكم عن بُعد باستخدام الريموت، كما يدعم التحكم عبر تطبيق الهاتف المحمول لمزيد من سهولة الاستخدام. الرمز الداخلي للمنتج: RL-666-G23-APP-FGD.
نجف معلق ذهبي - RL-667,RL-667-A-APP-FGD,,نجف,قطعة,قطعة,ذهبي,1170,,4,نجف معلق بلون ذهبي، بتصميم عصري يناسب الصالات وغرف المعيشة والاستقبال، يدعم التحكم عن بُعد باستخدام الريموت، كما يدعم التحكم عبر تطبيق الهاتف المحمول لمزيد من سهولة الاستخدام. الرمز الداخلي للمنتج: RL-667-A-APP-FGD.
نجف معلق ذهبي - RL-667,RL-667-G13-A-APP-FGD,,نجف,قطعة,قطعة,ذهبي,1235,,4,نجف معلق بلون ذهبي، بتصميم عصري يناسب الصالات وغرف المعيشة والاستقبال، يدعم التحكم عن بُعد باستخدام الريموت، كما يدعم التحكم عبر تطبيق الهاتف المحمول لمزيد من سهولة الاستخدام. الرمز الداخلي للمنتج: RL-667-G13-A-APP-FGD.
نجف معلق ذهبي - RL-670,RL-670-APP-FGD,,نجف,قطعة,قطعة,ذهبي,1460,,4,نجف معلق بلون ذهبي، بتصميم عصري يناسب الصالات وغرف المعيشة والاستقبال، يدعم التحكم عن بُعد باستخدام الريموت، كما يدعم التحكم عبر تطبيق الهاتف المحمول لمزيد من سهولة الاستخدام. الرمز الداخلي للمنتج: RL-670-APP-FGD.
نجف معلق ذهبي - RL-671,RL-671-APP-FGD,,نجف,قطعة,قطعة,ذهبي,870,,4,نجف معلق بلون ذهبي، بتصميم عصري يناسب الصالات وغرف المعيشة والاستقبال، يدعم التحكم عن بُعد باستخدام الريموت، كما يدعم التحكم عبر تطبيق الهاتف المحمول لمزيد من سهولة الاستخدام. الرمز الداخلي للمنتج: RL-671-APP-FGD.
نجف معلق ذهبي - RL-672,RL-672-APP-FGD,,نجف,قطعة,قطعة,ذهبي,1085,,4,نجف معلق بلون ذهبي، بتصميم عصري يناسب الصالات وغرف المعيشة والاستقبال، يدعم التحكم عن بُعد باستخدام الريموت، كما يدعم التحكم عبر تطبيق الهاتف المحمول لمزيد من سهولة الاستخدام. الرمز الداخلي للمنتج: RL-672-APP-FGD.
نجف معلق أسود - RL-676,RL-676-APP-BK,,نجف,قطعة,قطعة,أسود,700,,4,نجف معلق بلون أسود، بتصميم عصري يناسب الصالات وغرف المعيشة والاستقبال، يدعم التحكم عن بُعد باستخدام الريموت، كما يدعم التحكم عبر تطبيق الهاتف المحمول لمزيد من سهولة الاستخدام. الرمز الداخلي للمنتج: RL-676-APP-BK.
نجف معلق ذهبي - RL-676,RL-676-APP-FGD,,نجف,قطعة,قطعة,ذهبي,895,,4,نجف معلق بلون ذهبي، بتصميم عصري يناسب الصالات وغرف المعيشة والاستقبال، يدعم التحكم عن بُعد باستخدام الريموت، كما يدعم التحكم عبر تطبيق الهاتف المحمول لمزيد من سهولة الاستخدام. الرمز الداخلي للمنتج: RL-676-APP-FGD.
نجف معلق ذهبي - RL-676,RL-676-A-APP-FGD,,نجف,قطعة,قطعة,ذهبي,870,,4,نجف معلق بلون ذهبي، بتصميم عصري يناسب الصالات وغرف المعيشة والاستقبال، يدعم التحكم عن بُعد باستخدام الريموت، كما يدعم التحكم عبر تطبيق الهاتف المحمول لمزيد من سهولة الاستخدام. الرمز الداخلي للمنتج: RL-676-A-APP-FGD.
نجف معلق أسود - RL-676,RL-676-A-APP-BK,,نجف,قطعة,قطعة,أسود,675,,4,نجف معلق بلون أسود، بتصميم عصري يناسب الصالات وغرف المعيشة والاستقبال، يدعم التحكم عن بُعد باستخدام الريموت، كما يدعم التحكم عبر تطبيق الهاتف المحمول لمزيد من سهولة الاستخدام. الرمز الداخلي للمنتج: RL-676-A-APP-BK.
نجف معلق أسود - RL-677,RL-677-APP-BK,,نجف,قطعة,قطعة,أسود,810,,4,نجف معلق بلون أسود، بتصميم عصري يناسب الصالات وغرف المعيشة والاستقبال، يدعم التحكم عن بُعد باستخدام الريموت، كما يدعم التحكم عبر تطبيق الهاتف المحمول لمزيد من سهولة الاستخدام. الرمز الداخلي للمنتج: RL-677-APP-BK.
نجف معلق ذهبي - RL-683,RL-683-A-APP-FGD,,نجف,قطعة,قطعة,ذهبي,1155,,4,نجف معلق بلون ذهبي، بتصميم عصري يناسب الصالات وغرف المعيشة والاستقبال، يدعم التحكم عن بُعد باستخدام الريموت، كما يدعم التحكم عبر تطبيق الهاتف المحمول لمزيد من سهولة الاستخدام. الرمز الداخلي للمنتج: RL-683-A-APP-FGD.
نجف معلق أسود - RL-683,RL-683-A-APP-BK,,نجف,قطعة,قطعة,أسود,1010,,4,نجف معلق بلون أسود، بتصميم عصري يناسب الصالات وغرف المعيشة والاستقبال، يدعم التحكم عن بُعد باستخدام الريموت، كما يدعم التحكم عبر تطبيق الهاتف المحمول لمزيد من سهولة الاستخدام. الرمز الداخلي للمنتج: RL-683-A-APP-BK.
نجف معلق أسود - RL-685,RL-685-A-APP-BK,,نجف,قطعة,قطعة,أسود,1015,,4,نجف معلق بلون أسود، بتصميم عصري يناسب الصالات وغرف المعيشة والاستقبال، يدعم التحكم عن بُعد باستخدام الريموت، كما يدعم التحكم عبر تطبيق الهاتف المحمول لمزيد من سهولة الاستخدام. الرمز الداخلي للمنتج: RL-685-A-APP-BK.
نجف معلق أسود - RL-700,RL-700-Z005-C42-APP-BK,,نجف,قطعة,قطعة,أسود,1215,,4,نجف معلق بلون أسود، بتصميم عصري يناسب الصالات وغرف المعيشة والاستقبال، يدعم التحكم عن بُعد باستخدام الريموت، كما يدعم التحكم عبر تطبيق الهاتف المحمول لمزيد من سهولة الاستخدام. الرمز الداخلي للمنتج: RL-700-Z005-C42-APP-BK.
نجف معلق أسود - RL-700,RL-700-Z042-APP-BK,,نجف,قطعة,قطعة,أسود,1215,,4,نجف معلق بلون أسود، بتصميم عصري يناسب الصالات وغرف المعيشة والاستقبال، يدعم التحكم عن بُعد باستخدام الريموت، كما يدعم التحكم عبر تطبيق الهاتف المحمول لمزيد من سهولة الاستخدام. الرمز الداخلي للمنتج: RL-700-Z042-APP-BK.
نجف معلق أسود - RL-700,RL-700-EZ023-C42-APP-BK,,نجف,قطعة,قطعة,أسود,1215,,4,نجف معلق بلون أسود، بتصميم عصري يناسب الصالات وغرف المعيشة والاستقبال، يدعم التحكم عن بُعد باستخدام الريموت، كما يدعم التحكم عبر تطبيق الهاتف المحمول لمزيد من سهولة الاستخدام. الرمز الداخلي للمنتج: RL-700-EZ023-C42-APP-BK.
نجف معلق أسود - RL-702,RL-702-EZ003-APP-BK,,نجف,قطعة,قطعة,أسود,980,,4,نجف معلق بلون أسود، بتصميم عصري يناسب الصالات وغرف المعيشة والاستقبال، يدعم التحكم عن بُعد باستخدام الريموت، كما يدعم التحكم عبر تطبيق الهاتف المحمول لمزيد من سهولة الاستخدام. الرمز الداخلي للمنتج: RL-702-EZ003-APP-BK.
نجف معلق ذهبي - RL-703,RL-703-APP-XZ003-FGD,,نجف,قطعة,قطعة,ذهبي,1230,,4,نجف معلق بلون ذهبي، بتصميم عصري يناسب الصالات وغرف المعيشة والاستقبال، يدعم التحكم عن بُعد باستخدام الريموت، كما يدعم التحكم عبر تطبيق الهاتف المحمول لمزيد من سهولة الاستخدام. الرمز الداخلي للمنتج: RL-703-APP-XZ003-FGD.
نجف معلق ذهبي - RL-705,RL-705-APP-FGD,,نجف,قطعة,قطعة,ذهبي,580,,4,نجف معلق بلون ذهبي، بتصميم عصري يناسب الصالات وغرف المعيشة والاستقبال، يدعم التحكم عن بُعد باستخدام الريموت، كما يدعم التحكم عبر تطبيق الهاتف المحمول لمزيد من سهولة الاستخدام. الرمز الداخلي للمنتج: RL-705-APP-FGD.
نجف معلق ذهبي - RL-708,RL-708-APP-FGD,,نجف,قطعة,قطعة,ذهبي,1330,,4,نجف معلق بلون ذهبي، بتصميم عصري يناسب الصالات وغرف المعيشة والاستقبال، يدعم التحكم عن بُعد باستخدام الريموت، كما يدعم التحكم عبر تطبيق الهاتف المحمول لمزيد من سهولة الاستخدام. الرمز الداخلي للمنتج: RL-708-APP-FGD.
نجف معلق ذهبي - RL-709,RL-709-APP-FGD,,نجف,قطعة,قطعة,ذهبي,1415,,4,نجف معلق بلون ذهبي، بتصميم عصري يناسب الصالات وغرف المعيشة والاستقبال، يدعم التحكم عن بُعد باستخدام الريموت، كما يدعم التحكم عبر تطبيق الهاتف المحمول لمزيد من سهولة الاستخدام. الرمز الداخلي للمنتج: RL-709-APP-FGD.
نجف معلق ذهبي - RL-711,RL-711-APP-FGD,,نجف,قطعة,قطعة,ذهبي,1820,,4,نجف معلق بلون ذهبي، بتصميم عصري يناسب الصالات وغرف المعيشة والاستقبال، يدعم التحكم عن بُعد باستخدام الريموت، كما يدعم التحكم عبر تطبيق الهاتف المحمول لمزيد من سهولة الاستخدام. الرمز الداخلي للمنتج: RL-711-APP-FGD.
نجف معلق أسود وذهبي - RLF-720,RLF-720-BK+GD,,نجف,قطعة,قطعة,أسود وذهبي,1720,,4,نجف معلق بلون أسود وذهبي، بتصميم عصري يناسب الصالات وغرف المعيشة والاستقبال. الرمز الداخلي للمنتج: RLF-720-BK+GD.
نجف معلق أسود وذهبي - RLF-721,RLF-721-BK+GD,,نجف,قطعة,قطعة,أسود وذهبي,2370,,4,نجف معلق بلون أسود وذهبي، بتصميم عصري يناسب الصالات وغرف المعيشة والاستقبال. الرمز الداخلي للمنتج: RLF-721-BK+GD.
نجف معلق أسود وذهبي - RL-727,RL-727-APP-BK+FGD,,نجف,قطعة,قطعة,أسود وذهبي,1040,,4,نجف معلق بلون أسود وذهبي، بتصميم عصري يناسب الصالات وغرف المعيشة والاستقبال، يدعم التحكم عن بُعد باستخدام الريموت، كما يدعم التحكم عبر تطبيق الهاتف المحمول لمزيد من سهولة الاستخدام. الرمز الداخلي للمنتج: RL-727-APP-BK+FGD.
نجف معلق أبيض - RL-727,RL-727-APP-WH+FGD,,نجف,قطعة,قطعة,أبيض,1040,,4,نجف معلق بلون أبيض، بتصميم عصري يناسب الصالات وغرف المعيشة والاستقبال، يدعم التحكم عن بُعد باستخدام الريموت، كما يدعم التحكم عبر تطبيق الهاتف المحمول لمزيد من سهولة الاستخدام. الرمز الداخلي للمنتج: RL-727-APP-WH+FGD.
نجف معلق أسود - RL-729,RL-729-Z032-APP-BK,,نجف,قطعة,قطعة,أسود,900,,4,نجف معلق بلون أسود، بتصميم عصري يناسب الصالات وغرف المعيشة والاستقبال، يدعم التحكم عن بُعد باستخدام الريموت، كما يدعم التحكم عبر تطبيق الهاتف المحمول لمزيد من سهولة الاستخدام. الرمز الداخلي للمنتج: RL-729-Z032-APP-BK.
نجف معلق ذهبي - RL-729,RL-729-Z032-APP-FGD,,نجف,قطعة,قطعة,ذهبي,1040,,4,نجف معلق بلون ذهبي، بتصميم عصري يناسب الصالات وغرف المعيشة والاستقبال، يدعم التحكم عن بُعد باستخدام الريموت، كما يدعم التحكم عبر تطبيق الهاتف المحمول لمزيد من سهولة الاستخدام. الرمز الداخلي للمنتج: RL-729-Z032-APP-FGD.
نجف معلق شمبانيا - RL-729,RL-729-Z032-APP-CPG,,نجف,قطعة,قطعة,شمبانيا,960,,4,نجف معلق بلون شمبانيا، بتصميم عصري يناسب الصالات وغرف المعيشة والاستقبال، يدعم التحكم عن بُعد باستخدام الريموت، كما يدعم التحكم عبر تطبيق الهاتف المحمول لمزيد من سهولة الاستخدام. الرمز الداخلي للمنتج: RL-729-Z032-APP-CPG.
نجف معلق أسود - RL-729,RL-729-Z038-APP-BK,,نجف,قطعة,قطعة,أسود,900,,4,نجف معلق بلون أسود، بتصميم عصري يناسب الصالات وغرف المعيشة والاستقبال، يدعم التحكم عن بُعد باستخدام الريموت، كما يدعم التحكم عبر تطبيق الهاتف المحمول لمزيد من سهولة الاستخدام. الرمز الداخلي للمنتج: RL-729-Z038-APP-BK.
نجف معلق أسود - RL-729-B,RL-729-B-APP-BK,,نجف,قطعة,قطعة,أسود,900,,4,نجف معلق بلون أسود، بتصميم عصري يناسب الصالات وغرف المعيشة والاستقبال، يدعم التحكم عن بُعد باستخدام الريموت، كما يدعم التحكم عبر تطبيق الهاتف المحمول لمزيد من سهولة الاستخدام. الرمز الداخلي للمنتج: RL-729-B-APP-BK.
نجف معلق ذهبي - RL-729-B,RL-729-B-APP-FGD,,نجف,قطعة,قطعة,ذهبي,104,,4,نجف معلق بلون ذهبي، بتصميم عصري يناسب الصالات وغرف المعيشة والاستقبال، يدعم التحكم عن بُعد باستخدام الريموت، كما يدعم التحكم عبر تطبيق الهاتف المحمول لمزيد من سهولة الاستخدام. الرمز الداخلي للمنتج: RL-729-B-APP-FGD.
نجف معلق ذهبي - RL-739,RL-739-APP-FGD,,نجف,قطعة,قطعة,ذهبي,1200,,4,نجف معلق بلون ذهبي، بتصميم عصري يناسب الصالات وغرف المعيشة والاستقبال، يدعم التحكم عن بُعد باستخدام الريموت، كما يدعم التحكم عبر تطبيق الهاتف المحمول لمزيد من سهولة الاستخدام. الرمز الداخلي للمنتج: RL-739-APP-FGD.
نجف معلق رمادي/فضي - RL-2301,RL-2301-GR,,نجف,قطعة,قطعة,رمادي/فضي,860,,4,نجف معلق بلون رمادي/فضي، بتصميم عصري يناسب الصالات وغرف المعيشة والاستقبال. الرمز الداخلي للمنتج: RL-2301-GR.
نجف معلق ذهبي - RL-2302,RL-2302-FGD,,نجف,قطعة,قطعة,ذهبي,720,,4,نجف معلق بلون ذهبي، بتصميم عصري يناسب الصالات وغرف المعيشة والاستقبال. الرمز الداخلي للمنتج: RL-2302-FGD.
نجف معلق ذهبي - RL-2303,RL-2303-FGD,,نجف,قطعة,قطعة,ذهبي,1030,,4,نجف معلق بلون ذهبي، بتصميم عصري يناسب الصالات وغرف المعيشة والاستقبال. الرمز الداخلي للمنتج: RL-2303-FGD.
نجف معلق - RL-2305,RL-2305-CF,,نجف,قطعة,قطعة,,1205,,4,نجف معلق، بتصميم عصري يناسب الصالات وغرف المعيشة والاستقبال. الرمز الداخلي للمنتج: RL-2305-CF.
نجف معلق - RL-2306,RL-2306-CF,,نجف,قطعة,قطعة,,1030,,4,نجف معلق، بتصميم عصري يناسب الصالات وغرف المعيشة والاستقبال. الرمز الداخلي للمنتج: RL-2306-CF.
نجف معلق ذهبي - RL-2307,RL-2307-FGD,,نجف,قطعة,قطعة,ذهبي,1095,,4,نجف معلق بلون ذهبي، بتصميم عصري يناسب الصالات وغرف المعيشة والاستقبال. الرمز الداخلي للمنتج: RL-2307-FGD.
نجف معلق - RL-2308,RL-2308-CF,,نجف,قطعة,قطعة,,930,,4,نجف معلق، بتصميم عصري يناسب الصالات وغرف المعيشة والاستقبال. الرمز الداخلي للمنتج: RL-2308-CF.
نجف معلق رمادي/فضي - RL-2309,RL-2309-GR,,نجف,قطعة,قطعة,رمادي/فضي,1060,,4,نجف معلق بلون رمادي/فضي، بتصميم عصري يناسب الصالات وغرف المعيشة والاستقبال. الرمز الداخلي للمنتج: RL-2309-GR.
نجف معلق - RL-2310,RL-2310-CF,,نجف,قطعة,قطعة,,875,,4,نجف معلق، بتصميم عصري يناسب الصالات وغرف المعيشة والاستقبال. الرمز الداخلي للمنتج: RL-2310-CF.
نجف معلق ذهبي - RL-2311,RL-2311-FGD,,نجف,قطعة,قطعة,ذهبي,875,,4,نجف معلق بلون ذهبي، بتصميم عصري يناسب الصالات وغرف المعيشة والاستقبال. الرمز الداخلي للمنتج: RL-2311-FGD.
نجف معلق ذهبي - RL-2312,RL-2312-APP-FGD,,نجف,قطعة,قطعة,ذهبي,875,,4,نجف معلق بلون ذهبي، بتصميم عصري يناسب الصالات وغرف المعيشة والاستقبال، يدعم التحكم عن بُعد باستخدام الريموت، كما يدعم التحكم عبر تطبيق الهاتف المحمول لمزيد من سهولة الاستخدام. الرمز الداخلي للمنتج: RL-2312-APP-FGD.
نجف معلق أسود - RL-5069-G13,RL-5069-G13-APP-BK,,نجف,قطعة,قطعة,أسود,1330,,4,نجف معلق بلون أسود، بتصميم عصري يناسب الصالات وغرف المعيشة والاستقبال، يدعم التحكم عن بُعد باستخدام الريموت، كما يدعم التحكم عبر تطبيق الهاتف المحمول لمزيد من سهولة الاستخدام. الرمز الداخلي للمنتج: RL-5069-G13-APP-BK.
نجف معلق ذهبي - RL-8031,RL-8031-GD,,نجف,قطعة,قطعة,ذهبي,1250,,4,نجف معلق بلون ذهبي، بتصميم عصري يناسب الصالات وغرف المعيشة والاستقبال. الرمز الداخلي للمنتج: RL-8031-GD.
نجف معلق ذهبي - RL-8036,RL-8036-GD,,نجف,قطعة,قطعة,ذهبي,1380,,4,نجف معلق بلون ذهبي، بتصميم عصري يناسب الصالات وغرف المعيشة والاستقبال. الرمز الداخلي للمنتج: RL-8036-GD.
نجف معلق ذهبي - RL-8037,RL-8037-GD,,نجف,قطعة,قطعة,ذهبي,1470,,4,نجف معلق بلون ذهبي، بتصميم عصري يناسب الصالات وغرف المعيشة والاستقبال. الرمز الداخلي للمنتج: RL-8037-GD.
نجف معلق ذهبي - RL-2001,RL-2001-APP-FGD,,نجف,قطعة,قطعة,ذهبي,915,,4,نجف معلق بلون ذهبي، بتصميم عصري يناسب الصالات وغرف المعيشة والاستقبال، يدعم التحكم عن بُعد باستخدام الريموت، كما يدعم التحكم عبر تطبيق الهاتف المحمول لمزيد من سهولة الاستخدام. الرمز الداخلي للمنتج: RL-2001-APP-FGD.
نجف معلق ذهبي - RL-2001,RL-2001-FGD,,نجف,قطعة,قطعة,ذهبي,865,,4,نجف معلق بلون ذهبي، بتصميم عصري يناسب الصالات وغرف المعيشة والاستقبال. الرمز الداخلي للمنتج: RL-2001-FGD.
نجف معلق ذهبي - RLA-12002,RLA-12002-APP-FGD,,نجف,قطعة,قطعة,ذهبي,640,,4,نجف معلق بلون ذهبي، بتصميم عصري يناسب الصالات وغرف المعيشة والاستقبال، يدعم التحكم عن بُعد باستخدام الريموت، كما يدعم التحكم عبر تطبيق الهاتف المحمول لمزيد من سهولة الاستخدام. الرمز الداخلي للمنتج: RLA-12002-APP-FGD.
نجف معلق ذهبي - RLA-12003,RLA-12003-APP-FGD,,نجف,قطعة,قطعة,ذهبي,835,,4,نجف معلق بلون ذهبي، بتصميم عصري يناسب الصالات وغرف المعيشة والاستقبال، يدعم التحكم عن بُعد باستخدام الريموت، كما يدعم التحكم عبر تطبيق الهاتف المحمول لمزيد من سهولة الاستخدام. الرمز الداخلي للمنتج: RLA-12003-APP-FGD.
نجف معلق ذهبي - RLA-12004,RLA-12004-APP-FGD,,نجف,قطعة,قطعة,ذهبي,790,,4,نجف معلق بلون ذهبي، بتصميم عصري يناسب الصالات وغرف المعيشة والاستقبال، يدعم التحكم عن بُعد باستخدام الريموت، كما يدعم التحكم عبر تطبيق الهاتف المحمول لمزيد من سهولة الاستخدام. الرمز الداخلي للمنتج: RLA-12004-APP-FGD.
نجف معلق ذهبي - RL-12007,RL-12007-APP-FGD,,نجف,قطعة,قطعة,ذهبي,1150,,4,نجف معلق بلون ذهبي، بتصميم عصري يناسب الصالات وغرف المعيشة والاستقبال، يدعم التحكم عن بُعد باستخدام الريموت، كما يدعم التحكم عبر تطبيق الهاتف المحمول لمزيد من سهولة الاستخدام. الرمز الداخلي للمنتج: RL-12007-APP-FGD.
نجف معلق ذهبي - RL-12008,RL-12008-APP-FGD,,نجف,قطعة,قطعة,ذهبي,1050,,4,نجف معلق بلون ذهبي، بتصميم عصري يناسب الصالات وغرف المعيشة والاستقبال، يدعم التحكم عن بُعد باستخدام الريموت، كما يدعم التحكم عبر تطبيق الهاتف المحمول لمزيد من سهولة الاستخدام. الرمز الداخلي للمنتج: RL-12008-APP-FGD.
نجف معلق ذهبي - RL-12010,RL-12010-APP-FGD,,نجف,قطعة,قطعة,ذهبي,1050,,4,نجف معلق بلون ذهبي، بتصميم عصري يناسب الصالات وغرف المعيشة والاستقبال، يدعم التحكم عن بُعد باستخدام الريموت، كما يدعم التحكم عبر تطبيق الهاتف المحمول لمزيد من سهولة الاستخدام. الرمز الداخلي للمنتج: RL-12010-APP-FGD.
نجف معلق ذهبي - RL-12011,RL-12011-APP-FGD,,نجف,قطعة,قطعة,ذهبي,1015,,4,نجف معلق بلون ذهبي، بتصميم عصري يناسب الصالات وغرف المعيشة والاستقبال، يدعم التحكم عن بُعد باستخدام الريموت، كما يدعم التحكم عبر تطبيق الهاتف المحمول لمزيد من سهولة الاستخدام. الرمز الداخلي للمنتج: RL-12011-APP-FGD.
نجف معلق ذهبي - RLA-12013,RLA-12013-APP-FGD,,نجف,قطعة,قطعة,ذهبي,1090,,4,نجف معلق بلون ذهبي، بتصميم عصري يناسب الصالات وغرف المعيشة والاستقبال، يدعم التحكم عن بُعد باستخدام الريموت، كما يدعم التحكم عبر تطبيق الهاتف المحمول لمزيد من سهولة الاستخدام. الرمز الداخلي للمنتج: RLA-12013-APP-FGD.
نجف معلق ذهبي - RL-12014,RL-12014-APP-FGD,,نجف,قطعة,قطعة,ذهبي,995,,4,نجف معلق بلون ذهبي، بتصميم عصري يناسب الصالات وغرف المعيشة والاستقبال، يدعم التحكم عن بُعد باستخدام الريموت، كما يدعم التحكم عبر تطبيق الهاتف المحمول لمزيد من سهولة الاستخدام. الرمز الداخلي للمنتج: RL-12014-APP-FGD.
نجف معلق - RL-12016,RL-12016-APP-CHG,,نجف,قطعة,قطعة,,1280,,4,نجف معلق، بتصميم عصري يناسب الصالات وغرف المعيشة والاستقبال، يدعم التحكم عن بُعد باستخدام الريموت، كما يدعم التحكم عبر تطبيق الهاتف المحمول لمزيد من سهولة الاستخدام. الرمز الداخلي للمنتج: RL-12016-APP-CHG.
نجف معلق أبيض - RL-12019,RL-12019-APP-WH,,نجف,قطعة,قطعة,أبيض,1255,,4,نجف معلق بلون أبيض، بتصميم عصري يناسب الصالات وغرف المعيشة والاستقبال، يدعم التحكم عن بُعد باستخدام الريموت، كما يدعم التحكم عبر تطبيق الهاتف المحمول لمزيد من سهولة الاستخدام. الرمز الداخلي للمنتج: RL-12019-APP-WH.
نجف معلق - RL-12020,RL-12020-APP-CHG,,نجف,قطعة,قطعة,,1435,,4,نجف معلق، بتصميم عصري يناسب الصالات وغرف المعيشة والاستقبال، يدعم التحكم عن بُعد باستخدام الريموت، كما يدعم التحكم عبر تطبيق الهاتف المحمول لمزيد من سهولة الاستخدام. الرمز الداخلي للمنتج: RL-12020-APP-CHG.
نجف معلق أبيض - RL-12022,RL-12022-APP-WH,,نجف,قطعة,قطعة,أبيض,1170,,4,نجف معلق بلون أبيض، بتصميم عصري يناسب الصالات وغرف المعيشة والاستقبال، يدعم التحكم عن بُعد باستخدام الريموت، كما يدعم التحكم عبر تطبيق الهاتف المحمول لمزيد من سهولة الاستخدام. الرمز الداخلي للمنتج: RL-12022-APP-WH.
نجف معلق ذهبي - RL-12023,RL-12023-APP-FGD,,نجف,قطعة,قطعة,ذهبي,930,,4,نجف معلق بلون ذهبي، بتصميم عصري يناسب الصالات وغرف المعيشة والاستقبال، يدعم التحكم عن بُعد باستخدام الريموت، كما يدعم التحكم عبر تطبيق الهاتف المحمول لمزيد من سهولة الاستخدام. الرمز الداخلي للمنتج: RL-12023-APP-FGD.
نجف معلق ذهبي - RL-12025,RL-12025-APP-FGD,,نجف,قطعة,قطعة,ذهبي,1120,,4,نجف معلق بلون ذهبي، بتصميم عصري يناسب الصالات وغرف المعيشة والاستقبال، يدعم التحكم عن بُعد باستخدام الريموت، كما يدعم التحكم عبر تطبيق الهاتف المحمول لمزيد من سهولة الاستخدام. الرمز الداخلي للمنتج: RL-12025-APP-FGD.
نجف معلق ذهبي - RLA-12026,RLA-12026-APP-FGD,,نجف,قطعة,قطعة,ذهبي,1035,,4,نجف معلق بلون ذهبي، بتصميم عصري يناسب الصالات وغرف المعيشة والاستقبال، يدعم التحكم عن بُعد باستخدام الريموت، كما يدعم التحكم عبر تطبيق الهاتف المحمول لمزيد من سهولة الاستخدام. الرمز الداخلي للمنتج: RLA-12026-APP-FGD.
نجف معلق ذهبي - RL-12028,RL-12028-APP-FGD,,نجف,قطعة,قطعة,ذهبي,1200,,4,نجف معلق بلون ذهبي، بتصميم عصري يناسب الصالات وغرف المعيشة والاستقبال، يدعم التحكم عن بُعد باستخدام الريموت، كما يدعم التحكم عبر تطبيق الهاتف المحمول لمزيد من سهولة الاستخدام. الرمز الداخلي للمنتج: RL-12028-APP-FGD.
نجف معلق ذهبي - RL-12029,RL-12029-APP-FGD,,نجف,قطعة,قطعة,ذهبي,1065,,4,نجف معلق بلون ذهبي، بتصميم عصري يناسب الصالات وغرف المعيشة والاستقبال، يدعم التحكم عن بُعد باستخدام الريموت، كما يدعم التحكم عبر تطبيق الهاتف المحمول لمزيد من سهولة الاستخدام. الرمز الداخلي للمنتج: RL-12029-APP-FGD.
نجف معلق ذهبي - RLA-12031,RLA-12031-APP-FGD,,نجف,قطعة,قطعة,ذهبي,885,,4,نجف معلق بلون ذهبي، بتصميم عصري يناسب الصالات وغرف المعيشة والاستقبال، يدعم التحكم عن بُعد باستخدام الريموت، كما يدعم التحكم عبر تطبيق الهاتف المحمول لمزيد من سهولة الاستخدام. الرمز الداخلي للمنتج: RLA-12031-APP-FGD.
نجف معلق ذهبي - RLA-12032,RLA-12032-APP-FGD,,نجف,قطعة,قطعة,ذهبي,1160,,4,نجف معلق بلون ذهبي، بتصميم عصري يناسب الصالات وغرف المعيشة والاستقبال، يدعم التحكم عن بُعد باستخدام الريموت، كما يدعم التحكم عبر تطبيق الهاتف المحمول لمزيد من سهولة الاستخدام. الرمز الداخلي للمنتج: RLA-12032-APP-FGD.
نجف معلق ذهبي - RL-12034,RL-12034-APP-FGD,,نجف,قطعة,قطعة,ذهبي,1070,,4,نجف معلق بلون ذهبي، بتصميم عصري يناسب الصالات وغرف المعيشة والاستقبال، يدعم التحكم عن بُعد باستخدام الريموت، كما يدعم التحكم عبر تطبيق الهاتف المحمول لمزيد من سهولة الاستخدام. الرمز الداخلي للمنتج: RL-12034-APP-FGD.
نجف معلق ذهبي - RL-12035,RL-12035-APP-FGD,,نجف,قطعة,قطعة,ذهبي,1135,,4,نجف معلق بلون ذهبي، بتصميم عصري يناسب الصالات وغرف المعيشة والاستقبال، يدعم التحكم عن بُعد باستخدام الريموت، كما يدعم التحكم عبر تطبيق الهاتف المحمول لمزيد من سهولة الاستخدام. الرمز الداخلي للمنتج: RL-12035-APP-FGD.
نجف معلق ذهبي - RLA-12037,RLA-12037-APP-FGD,,نجف,قطعة,قطعة,ذهبي,915,,4,نجف معلق بلون ذهبي، بتصميم عصري يناسب الصالات وغرف المعيشة والاستقبال، يدعم التحكم عن بُعد باستخدام الريموت، كما يدعم التحكم عبر تطبيق الهاتف المحمول لمزيد من سهولة الاستخدام. الرمز الداخلي للمنتج: RLA-12037-APP-FGD.
نجف معلق ذهبي - RLA-12038,RLA-12038-APP-FGD,,نجف,قطعة,قطعة,ذهبي,1160,,4,نجف معلق بلون ذهبي، بتصميم عصري يناسب الصالات وغرف المعيشة والاستقبال، يدعم التحكم عن بُعد باستخدام الريموت، كما يدعم التحكم عبر تطبيق الهاتف المحمول لمزيد من سهولة الاستخدام. الرمز الداخلي للمنتج: RLA-12038-APP-FGD.
نجف معلق أبيض - RL-12040,RL-12040-APP-WH,,نجف,قطعة,قطعة,أبيض,1235,,4,نجف معلق بلون أبيض، بتصميم عصري يناسب الصالات وغرف المعيشة والاستقبال، يدعم التحكم عن بُعد باستخدام الريموت، كما يدعم التحكم عبر تطبيق الهاتف المحمول لمزيد من سهولة الاستخدام. الرمز الداخلي للمنتج: RL-12040-APP-WH.
نجف معلق ذهبي - RLC- 1337,RLC-1337-GD,,نجف,قطعة,قطعة,ذهبي,1250,,4,نجف معلق بلون ذهبي، بتصميم عصري يناسب الصالات وغرف المعيشة والاستقبال. الرمز الداخلي للمنتج: RLC-1337-GD.
نجف معلق ذهبي - RLX-123,RLX-123-FGD,,نجف,قطعة,قطعة,ذهبي,1000,,4,نجف معلق بلون ذهبي، بتصميم عصري يناسب الصالات وغرف المعيشة والاستقبال. الرمز الداخلي للمنتج: RLX-123-FGD.
نجف معلق - RLX-123,RLX-123-APP-CHG,,نجف,قطعة,قطعة,,1000,,4,نجف معلق، بتصميم عصري يناسب الصالات وغرف المعيشة والاستقبال، يدعم التحكم عن بُعد باستخدام الريموت، كما يدعم التحكم عبر تطبيق الهاتف المحمول لمزيد من سهولة الاستخدام. الرمز الداخلي للمنتج: RLX-123-APP-CHG.
نجف معلق ذهبي - RLWX-129,RLWX-129-APP-FGD,,نجف,قطعة,قطعة,ذهبي,1000,,4,نجف معلق بلون ذهبي، بتصميم عصري يناسب الصالات وغرف المعيشة والاستقبال، يدعم التحكم عن بُعد باستخدام الريموت، كما يدعم التحكم عبر تطبيق الهاتف المحمول لمزيد من سهولة الاستخدام. الرمز الداخلي للمنتج: RLWX-129-APP-FGD.
نجف معلق أبيض - RLWX-211-G13,RLWX-211-G13-APP-WH,,نجف,قطعة,قطعة,أبيض,1160,,4,نجف معلق بلون أبيض، بتصميم عصري يناسب الصالات وغرف المعيشة والاستقبال، يدعم التحكم عن بُعد باستخدام الريموت، كما يدعم التحكم عبر تطبيق الهاتف المحمول لمزيد من سهولة الاستخدام. الرمز الداخلي للمنتج: RLWX-211-G13-APP-WH.
نجف معلق ذهبي - RLWX-211-G13,RLWX-211-G13-APP-FGD,,نجف,قطعة,قطعة,ذهبي,1265,,4,نجف معلق بلون ذهبي، بتصميم عصري يناسب الصالات وغرف المعيشة والاستقبال، يدعم التحكم عن بُعد باستخدام الريموت، كما يدعم التحكم عبر تطبيق الهاتف المحمول لمزيد من سهولة الاستخدام. الرمز الداخلي للمنتج: RLWX-211-G13-APP-FGD.
نجف معلق ذهبي - RLWX-301,RLWX-301-FGD,,نجف,قطعة,قطعة,ذهبي,1430,,4,نجف معلق بلون ذهبي، بتصميم عصري يناسب الصالات وغرف المعيشة والاستقبال. الرمز الداخلي للمنتج: RLWX-301-FGD.
نجف معلق ذهبي - RLWX-305,RLWX-305-FGD,,نجف,قطعة,قطعة,ذهبي,1400,,4,نجف معلق بلون ذهبي، بتصميم عصري يناسب الصالات وغرف المعيشة والاستقبال. الرمز الداخلي للمنتج: RLWX-305-FGD.
نجف معلق ذهبي - RLWX-308,RLWX-308-FGD,,نجف,قطعة,قطعة,ذهبي,1200,,4,نجف معلق بلون ذهبي، بتصميم عصري يناسب الصالات وغرف المعيشة والاستقبال. الرمز الداخلي للمنتج: RLWX-308-FGD.
نجف معلق ذهبي - RLWX-8005-B,RLWX-8005-B-FGD,,نجف,قطعة,قطعة,ذهبي,1000,,4,نجف معلق بلون ذهبي، بتصميم عصري يناسب الصالات وغرف المعيشة والاستقبال. الرمز الداخلي للمنتج: RLWX-8005-B-FGD.
نجف معلق ذهبي - RLWX-2244,RLWX-2244-FGD,,نجف,قطعة,قطعة,ذهبي,765,,4,نجف معلق بلون ذهبي، بتصميم عصري يناسب الصالات وغرف المعيشة والاستقبال. الرمز الداخلي للمنتج: RLWX-2244-FGD.
نجف معلق ذهبي - RLWX-2348,RLWX-2348-G23-FGD,,نجف,قطعة,قطعة,ذهبي,800,,4,نجف معلق بلون ذهبي، بتصميم عصري يناسب الصالات وغرف المعيشة والاستقبال. الرمز الداخلي للمنتج: RLWX-2348-G23-FGD.
لامبادير ذهبي - RLT-201,RLT-201-FGD,,لمبادير,قطعة,قطعة,ذهبي,520,,4,لامبادير بلون ذهبي، بتصميم عصري يناسب الصالات وغرف المعيشة والاستقبال. الرمز الداخلي للمنتج: RLT-201-FGD.
لامبادير ذهبي - RLT-202,RLT-202-FGD,,لمبادير,قطعة,قطعة,ذهبي,430,,4,لامبادير بلون ذهبي، بتصميم عصري يناسب الصالات وغرف المعيشة والاستقبال. الرمز الداخلي للمنتج: RLT-202-FGD.
لامبادير ذهبي - RLT-203,RLT-203-FGD,,لمبادير,قطعة,قطعة,ذهبي,395,,4,لامبادير بلون ذهبي، بتصميم عصري يناسب الصالات وغرف المعيشة والاستقبال. الرمز الداخلي للمنتج: RLT-203-FGD.
لامبادير ذهبي - RLT-204,RLT-204-FGD,,لمبادير,قطعة,قطعة,ذهبي,430,,4,لامبادير بلون ذهبي، بتصميم عصري يناسب الصالات وغرف المعيشة والاستقبال. الرمز الداخلي للمنتج: RLT-204-FGD.
لامبادير ذهبي - RLT-205,RLT-205-FGD,,لمبادير,قطعة,قطعة,ذهبي,385,,4,لامبادير بلون ذهبي، بتصميم عصري يناسب الصالات وغرف المعيشة والاستقبال. الرمز الداخلي للمنتج: RLT-205-FGD.
لامبادير ذهبي - RLT-207,RLT-207-FGD,,لمبادير,قطعة,قطعة,ذهبي,420,,4,لامبادير بلون ذهبي، بتصميم عصري يناسب الصالات وغرف المعيشة والاستقبال. الرمز الداخلي للمنتج: RLT-207-FGD.
لامبادير ذهبي - RLT-211,RLT-211-FGD,,لمبادير,قطعة,قطعة,ذهبي,385,,4,لامبادير بلون ذهبي، بتصميم عصري يناسب الصالات وغرف المعيشة والاستقبال. الرمز الداخلي للمنتج: RLT-211-FGD.
لامبادير ذهبي - HTLC-01,HTLC-01-FGD,,لمبادير,قطعة,قطعة,ذهبي,480,,4,لامبادير بلون ذهبي، بتصميم عصري يناسب الصالات وغرف المعيشة والاستقبال. الرمز الداخلي للمنتج: HTLC-01-FGD.
لامبادير ذهبي - HTLC-02,HTLC-02-FGD,,لمبادير,قطعة,قطعة,ذهبي,480,,4,لامبادير بلون ذهبي، بتصميم عصري يناسب الصالات وغرف المعيشة والاستقبال. الرمز الداخلي للمنتج: HTLC-02-FGD.
أبليك حائط أسود - R-HLB-501,R-HLB-501-BK,,اباليك,قطعة,قطعة,أسود,445,,4,أبليك حائط بلون أسود، بتصميم عصري يناسب الصالات وغرف المعيشة والاستقبال. الرمز الداخلي للمنتج: R-HLB-501-BK.
أبليك حائط أسود - R-HTB127,R-HTB127-BK,,اباليك,قطعة,قطعة,أسود,120,,4,أبليك حائط بلون أسود، بتصميم عصري يناسب الصالات وغرف المعيشة والاستقبال. الرمز الداخلي للمنتج: R-HTB127-BK.
أبليك حائط أبيض - R-HTB127,R-HTB127-WH,,اباليك,قطعة,قطعة,أبيض,120,,4,أبليك حائط بلون أبيض، بتصميم عصري يناسب الصالات وغرف المعيشة والاستقبال. الرمز الداخلي للمنتج: R-HTB127-WH.
أبليك حائط ذهبي - R-HTB127,R-HTB127-FGD,,اباليك,قطعة,قطعة,ذهبي,155,,4,أبليك حائط بلون ذهبي، بتصميم عصري يناسب الصالات وغرف المعيشة والاستقبال. الرمز الداخلي للمنتج: R-HTB127-FGD.
أبليك حائط شمبانيا - R-HTB127,R-HTB127-CPG,,اباليك,قطعة,قطعة,شمبانيا,140,,4,أبليك حائط بلون شمبانيا، بتصميم عصري يناسب الصالات وغرف المعيشة والاستقبال. الرمز الداخلي للمنتج: R-HTB127-CPG.
أبليك حائط ذهبي - R-HTB202,R-HTB202-FGD,,اباليك,قطعة,قطعة,ذهبي,195,,4,أبليك حائط بلون ذهبي، بتصميم عصري يناسب الصالات وغرف المعيشة والاستقبال. الرمز الداخلي للمنتج: R-HTB202-FGD.
أبليك حائط أسود - R-HTB202,R-HTB202-BK,,اباليك,قطعة,قطعة,أسود,155,,4,أبليك حائط بلون أسود، بتصميم عصري يناسب الصالات وغرف المعيشة والاستقبال. الرمز الداخلي للمنتج: R-HTB202-BK.
أبليك حائط شمبانيا - R-HTB202,R-HTB202-CPG,,اباليك,قطعة,قطعة,شمبانيا,170,,4,أبليك حائط بلون شمبانيا، بتصميم عصري يناسب الصالات وغرف المعيشة والاستقبال. الرمز الداخلي للمنتج: R-HTB202-CPG.
أبليك حائط أسود - R-HTB203,R-HTB203-BK,,اباليك,قطعة,قطعة,أسود,150,,4,أبليك حائط بلون أسود، بتصميم عصري يناسب الصالات وغرف المعيشة والاستقبال. الرمز الداخلي للمنتج: R-HTB203-BK.
أبليك حائط ذهبي - R-HTB203,R-HTB203-FGD,,اباليك,قطعة,قطعة,ذهبي,190,,4,أبليك حائط بلون ذهبي، بتصميم عصري يناسب الصالات وغرف المعيشة والاستقبال. الرمز الداخلي للمنتج: R-HTB203-FGD.
أبليك حائط شمبانيا - R-HTB203,R-HTB203-CPG,,اباليك,قطعة,قطعة,شمبانيا,160,,4,أبليك حائط بلون شمبانيا، بتصميم عصري يناسب الصالات وغرف المعيشة والاستقبال. الرمز الداخلي للمنتج: R-HTB203-CPG.
أبليك حائط أسود - R-HTB206,R-HTB206-BK,,اباليك,قطعة,قطعة,أسود,140,,4,أبليك حائط بلون أسود، بتصميم عصري يناسب الصالات وغرف المعيشة والاستقبال. الرمز الداخلي للمنتج: R-HTB206-BK.
أبليك حائط ذهبي - R-HTB206,R-HTB206-FGD,,اباليك,قطعة,قطعة,ذهبي,185,,4,أبليك حائط بلون ذهبي، بتصميم عصري يناسب الصالات وغرف المعيشة والاستقبال. الرمز الداخلي للمنتج: R-HTB206-FGD.
أبليك حائط أسود - R-HTB207,R-HTB207-BK,,اباليك,قطعة,قطعة,أسود,195,,4,أبليك حائط بلون أسود، بتصميم عصري يناسب الصالات وغرف المعيشة والاستقبال. الرمز الداخلي للمنتج: R-HTB207-BK.
أبليك حائط أبيض - R-HTB207,R-HTB207-WH,,اباليك,قطعة,قطعة,أبيض,195,,4,أبليك حائط بلون أبيض، بتصميم عصري يناسب الصالات وغرف المعيشة والاستقبال. الرمز الداخلي للمنتج: R-HTB207-WH.
أبليك حائط ذهبي - R-HTB207,R-HTB207-FGD,,اباليك,قطعة,قطعة,ذهبي,250,,4,أبليك حائط بلون ذهبي، بتصميم عصري يناسب الصالات وغرف المعيشة والاستقبال. الرمز الداخلي للمنتج: R-HTB207-FGD.
أبليك حائط أسود - R-HTB209,R-HTB209-BK,,اباليك,قطعة,قطعة,أسود,215,,4,أبليك حائط بلون أسود، بتصميم عصري يناسب الصالات وغرف المعيشة والاستقبال. الرمز الداخلي للمنتج: R-HTB209-BK.
أبليك حائط أبيض - R-HTB209,R-HTB209-WH,,اباليك,قطعة,قطعة,أبيض,215,,4,أبليك حائط بلون أبيض، بتصميم عصري يناسب الصالات وغرف المعيشة والاستقبال. الرمز الداخلي للمنتج: R-HTB209-WH.
أبليك حائط ذهبي - R-HTB209,R-HTB209-FGD,,اباليك,قطعة,قطعة,ذهبي,295,,4,أبليك حائط بلون ذهبي، بتصميم عصري يناسب الصالات وغرف المعيشة والاستقبال. الرمز الداخلي للمنتج: R-HTB209-FGD.
أبليك حائط أسود - R-HTB210-A,R-HTB210-A-BK,,اباليك,قطعة,قطعة,أسود,120,,4,أبليك حائط بلون أسود، بتصميم عصري يناسب الصالات وغرف المعيشة والاستقبال. الرمز الداخلي للمنتج: R-HTB210-A-BK.
أبليك حائط أبيض - R-HTB210-A,R-HTB210-A-WH,,اباليك,قطعة,قطعة,أبيض,120,,4,أبليك حائط بلون أبيض، بتصميم عصري يناسب الصالات وغرف المعيشة والاستقبال. الرمز الداخلي للمنتج: R-HTB210-A-WH.
أبليك حائط شمبانيا - R-HTB210-A,R-HTB210-A-CPG,,اباليك,قطعة,قطعة,شمبانيا,140,,4,أبليك حائط بلون شمبانيا، بتصميم عصري يناسب الصالات وغرف المعيشة والاستقبال. الرمز الداخلي للمنتج: R-HTB210-A-CPG.
أبليك حائط أسود - R-HTB210-B,R-HTB210-B-BK,,اباليك,قطعة,قطعة,أسود,120,,4,أبليك حائط بلون أسود، بتصميم عصري يناسب الصالات وغرف المعيشة والاستقبال. الرمز الداخلي للمنتج: R-HTB210-B-BK.
أبليك حائط ذهبي - R-HTB210-B,R-HTB210-B-FGD,,اباليك,قطعة,قطعة,ذهبي,155,,4,أبليك حائط بلون ذهبي، بتصميم عصري يناسب الصالات وغرف المعيشة والاستقبال. الرمز الداخلي للمنتج: R-HTB210-B-FGD.
أبليك حائط شمبانيا - R-HTB210-B,R-HTB210-B-CPG,,اباليك,قطعة,قطعة,شمبانيا,140,,4,أبليك حائط بلون شمبانيا، بتصميم عصري يناسب الصالات وغرف المعيشة والاستقبال. الرمز الداخلي للمنتج: R-HTB210-B-CPG.
أبليك حائط ذهبي - R-HTB211,R-HTB211-FGD,,اباليك,قطعة,قطعة,ذهبي,155,,4,أبليك حائط بلون ذهبي، بتصميم عصري يناسب الصالات وغرف المعيشة والاستقبال. الرمز الداخلي للمنتج: R-HTB211-FGD.
أبليك حائط أسود - R-HTB211,R-HTB211-BK,,اباليك,قطعة,قطعة,أسود,130,,4,أبليك حائط بلون أسود، بتصميم عصري يناسب الصالات وغرف المعيشة والاستقبال. الرمز الداخلي للمنتج: R-HTB211-BK.
أبليك حائط أبيض - R-HTB211,R-HTB211-WH,,اباليك,قطعة,قطعة,أبيض,130,,4,أبليك حائط بلون أبيض، بتصميم عصري يناسب الصالات وغرف المعيشة والاستقبال. الرمز الداخلي للمنتج: R-HTB211-WH.
أبليك حائط أسود - R-HTB213,R-HTB213-BK,,اباليك,قطعة,قطعة,أسود,215,,4,أبليك حائط بلون أسود، بتصميم عصري يناسب الصالات وغرف المعيشة والاستقبال. الرمز الداخلي للمنتج: R-HTB213-BK.
أبليك حائط ذهبي - R-HTB213,R-HTB213-FGD,,اباليك,قطعة,قطعة,ذهبي,255,,4,أبليك حائط بلون ذهبي، بتصميم عصري يناسب الصالات وغرف المعيشة والاستقبال. الرمز الداخلي للمنتج: R-HTB213-FGD.
أبليك حائط شمبانيا - R-HTB213,R-HTB213-CPG,,اباليك,قطعة,قطعة,شمبانيا,230,,4,أبليك حائط بلون شمبانيا، بتصميم عصري يناسب الصالات وغرف المعيشة والاستقبال. الرمز الداخلي للمنتج: R-HTB213-CPG.
أبليك حائط أسود - R-HTB212,R-HTB212-BK,,اباليك,قطعة,قطعة,أسود,220,,4,أبليك حائط بلون أسود، بتصميم عصري يناسب الصالات وغرف المعيشة والاستقبال. الرمز الداخلي للمنتج: R-HTB212-BK.
أبليك حائط أسود - R-HTB215,R-HTB215-BK,,اباليك,قطعة,قطعة,أسود,320,,4,أبليك حائط بلون أسود، بتصميم عصري يناسب الصالات وغرف المعيشة والاستقبال. الرمز الداخلي للمنتج: R-HTB215-BK.
أبليك حائط ذهبي - R-HTB218,R-HTB218-FGD,,اباليك,قطعة,قطعة,ذهبي,320,,4,أبليك حائط بلون ذهبي، بتصميم عصري يناسب الصالات وغرف المعيشة والاستقبال. الرمز الداخلي للمنتج: R-HTB218-FGD.
أبليك حائط ذهبي - R-HTB219,R-HTB219-FGD,,اباليك,قطعة,قطعة,ذهبي,460,,4,أبليك حائط بلون ذهبي، بتصميم عصري يناسب الصالات وغرف المعيشة والاستقبال. الرمز الداخلي للمنتج: R-HTB219-FGD.
أبليك حائط ذهبي - R-HTB220,R-HTB220-FGD,,اباليك,قطعة,قطعة,ذهبي,350,,4,أبليك حائط بلون ذهبي، بتصميم عصري يناسب الصالات وغرف المعيشة والاستقبال. الرمز الداخلي للمنتج: R-HTB220-FGD.
أبليك حائط ذهبي - R-HTB221,R-HTB221-FGD,,اباليك,قطعة,قطعة,ذهبي,460,,4,أبليك حائط بلون ذهبي، بتصميم عصري يناسب الصالات وغرف المعيشة والاستقبال. الرمز الداخلي للمنتج: R-HTB221-FGD.
أبليك حائط أسود - R-HTB222,R-HTB222-BK,,اباليك,قطعة,قطعة,أسود,240,,4,أبليك حائط بلون أسود، بتصميم عصري يناسب الصالات وغرف المعيشة والاستقبال. الرمز الداخلي للمنتج: R-HTB222-BK.
أبليك حائط ذهبي - R-HTB222,R-HTB222-FGD,,اباليك,قطعة,قطعة,ذهبي,280,,4,أبليك حائط بلون ذهبي، بتصميم عصري يناسب الصالات وغرف المعيشة والاستقبال. الرمز الداخلي للمنتج: R-HTB222-FGD.
أبليك حائط ذهبي - R-HTB224,R-HTB224-FGD,,اباليك,قطعة,قطعة,ذهبي,355,,4,أبليك حائط بلون ذهبي، بتصميم عصري يناسب الصالات وغرف المعيشة والاستقبال. الرمز الداخلي للمنتج: R-HTB224-FGD.
